day,mixer_name,eth_tx_count,eth_in_eth,eth_out_eth,eth_net_eth,eth_total_eth,erc20_tx_count,erc20_in_usd,erc20_out_usd,erc20_net_usd,erc20_total_usd
2021/7/1,Railgun,0,0,0,0,0,0,0,0,0,0
2021/7/2,Railgun,0,0,0,0,0,0,0,0,0,0
2021/7/3,Railgun,438,0.667821695,0,0.667821695,0.667821695,44,0,0,0,0
2021/7/4,Railgun,453,0,0,0,0,0,0,0,0,0
2021/7/5,Railgun,158,0,0,0,0,0,0,0,0,0
2021/7/6,Railgun,108,0.5,0.02,0.48,0.52,183,0,0,0,0
2021/7/7,Railgun,247,0,0,0,0,98,0,0,0,0
2021/7/8,Railgun,195,0,0,0,0,73,0,0,0,0
2021/7/9,Railgun,94,0,0,0,0,36,0,0,0,0
2021/7/10,Railgun,52,0,0,0,0,17,0,0,0,0
2021/7/11,Railgun,102,0,0,0,0,41,0,0,0,0
2021/7/12,Railgun,31,0,0,0,0,11,0,0,0,0
2021/7/13,Railgun,33,0,0,0,0,4,0,0,0,0
2021/7/14,Railgun,45,0,0,0,0,12,0,0,0,0
2021/7/15,Railgun,24,0,0,0,0,1,0,0,0,0
2021/7/16,Railgun,39,0,0,0,0,8,0,0,0,0
2021/7/17,Railgun,66,0,0,0,0,20,0,0,0,0
2021/7/18,Railgun,105,0,0,0,0,37,0,0,0,0
2021/7/19,Railgun,59,0,0,0,0,17,0,0,0,0
2021/7/20,Railgun,45,0,0,0,0,17,0,0,0,0
2021/7/21,Railgun,23,0,0,0,0,6,0,0,0,0
2021/7/22,Railgun,17,0,0,0,0,6,0,0,0,0
2021/7/23,Railgun,23,0,0,0,0,5,0,0,0,0
2021/7/24,Railgun,47,0,0,0,0,8,0,0,0,0
2021/7/25,Railgun,44,0,0,0,0,8,0,0,0,0
2021/7/26,Railgun,69,0,0,0,0,11,0,0,0,0
2021/7/27,Railgun,31,0,0,0,0,7,0,0,0,0
2021/7/28,Railgun,29,0,0,0,0,4,0,0,0,0
2021/7/29,Railgun,39,0,0,0,0,9,0,0,0,0
2021/7/30,Railgun,13,0,0,0,0,5,0,0,0,0
2021/7/31,Railgun,103,0,0,0,0,21,0,0,0,0
2021/8/1,Railgun,113,0,0,0,0,27,0,0,0,0
2021/8/2,Railgun,37,0,0,0,0,7,0,0,0,0
2021/8/3,Railgun,54,0,0,0,0,8,0,0,0,0
2021/8/4,Railgun,34,0,0,0,0,12,0,0,0,0
2021/8/5,Railgun,32,0.931457,0,0.931457,0.931457,3,0,0,0,0
2021/8/6,Railgun,46,0,0,0,0,11,0,0,0,0
2021/8/7,Railgun,29,0,0,0,0,3,0,0,0,0
2021/8/8,Railgun,32,0,0,0,0,5,0,0,0,0
2021/8/9,Railgun,27,0,0,0,0,2,0,0,0,0
2021/8/10,Railgun,21,0,0,0,0,5,0,0,0,0
2021/8/11,Railgun,44,0,0,0,0,4,0,0,0,0
2021/8/12,Railgun,28,0,0,0,0,7,0,0,0,0
2021/8/13,Railgun,17,0,0,0,0,6,0,0,0,0
2021/8/14,Railgun,17,0,0,0,0,3,0,0,0,0
2021/8/15,Railgun,19,0,0,0,0,7,0,0,0,0
2021/8/16,Railgun,36,0,0,0,0,14,0,0,0,0
2021/8/17,Railgun,31,0,0,0,0,10,0,0,0,0
2021/8/18,Railgun,64,0,0,0,0,17,0,0,0,0
2021/8/19,Railgun,118,0,0,0,0,48,0,0,0,0
2021/8/20,Railgun,57,0,0,0,0,14,0,0,0,0
2021/8/21,Railgun,24,0,0,0,0,7,0,0,0,0
2021/8/22,Railgun,11,0,0,0,0,4,0,0,0,0
2021/8/23,Railgun,27,0,0,0,0,7,0,0,0,0
2021/8/24,Railgun,30,0,0,0,0,12,0,0,0,0
2021/8/25,Railgun,27,0,0,0,0,9,0,0,0,0
2021/8/26,Railgun,19,0,0,0,0,6,0,0,0,0
2021/8/27,Railgun,19,0,0,0,0,7,0,0,0,0
2021/8/28,Railgun,30,0,0,0,0,15,0,0,0,0
2021/8/29,Railgun,30,0,0,0,0,12,0,0,0,0
2021/8/30,Railgun,103,0,0,0,0,50,0,0,0,0
2021/8/31,Railgun,65,0,0,0,0,31,0,0,0,0
2021/9/1,Railgun,21,0,0,0,0,11,0,0,0,0
2021/9/2,Railgun,19,0,0,0,0,6,0,0,0,0
2021/9/3,Railgun,12,0,0,0,0,2,0,0,0,0
2021/9/4,Railgun,14,0,0,0,0,3,0,0,0,0
2021/9/5,Railgun,12,0,0,0,0,2,0,0,0,0
2021/9/6,Railgun,12,0,0,0,0,2,0,0,0,0
2021/9/7,Railgun,18,0,0,0,0,8,0,0,0,0
2021/9/8,Railgun,20,0,0,0,0,7,0,0,0,0
2021/9/9,Railgun,10,0,0,0,0,5,0,0,0,0
2021/9/10,Railgun,15,0,0,0,0,3,0,0,0,0
2021/9/11,Railgun,23,0,0,0,0,10,0,0,0,0
2021/9/12,Railgun,27,0,0,0,0,9,0,0,0,0
2021/9/13,Railgun,22,0,0,0,0,5,0,0,0,0
2021/9/14,Railgun,58,0,0,0,0,20,0,0,0,0
2021/9/15,Railgun,37,0,0,0,0,18,0,0,0,0
2021/9/16,Railgun,22,0,0,0,0,7,0,0,0,0
2021/9/17,Railgun,25,0,0,0,0,7,0,0,0,0
2021/9/18,Railgun,19,0,0,0,0,6,0,0,0,0
2021/9/19,Railgun,10,0,0,0,0,2,0,0,0,0
2021/9/20,Railgun,26,0,0,0,0,8,0,0,0,0
2021/9/21,Railgun,26,0,0,0,0,9,0,0,0,0
2021/9/22,Railgun,12,0,0,0,0,5,0,0,0,0
2021/9/23,Railgun,14,0,0,0,0,5,0,0,0,0
2021/9/24,Railgun,23,0,0,0,0,8,0,0,0,0
2021/9/25,Railgun,24,0,0,0,0,10,0,0,0,0
2021/9/26,Railgun,18,0,0,0,0,3,0,0,0,0
2021/9/27,Railgun,17,0,0,0,0,5,0,0,0,0
2021/9/28,Railgun,36,0,0,0,0,21,318380.6464,3367.361845,315013.2845,321748.0082
2021/9/29,Railgun,33,0,0,0,0,16,91826.80299,0,91826.80299,91826.80299
2021/9/30,Railgun,15,0,0,0,0,7,63875.60873,2117.898327,61757.7104,65993.50705
2021/10/1,Railgun,23,0,0,0,0,10,82424.43118,184436.7821,-102012.3509,266861.2133
2021/10/2,Railgun,30,0,0,0,0,5,13885.46198,21104.30073,-7218.838746,34989.76271
2021/10/3,Railgun,16,0,0,0,0,6,81246.60397,0,81246.60397,81246.60397
2021/10/4,Railgun,23,0,0,0,0,5,92465.70825,223762.7724,-131297.0642,316228.4807
2021/10/5,Railgun,11,0,0,0,0,3,22614.99904,5970.946625,16644.05241,28585.94566
2021/10/6,Railgun,13,0,0,0,0,3,1800.616624,1672.181584,128.4350405,3472.798208
2021/10/7,Railgun,28,0,0,0,0,9,911819.097,16842.65445,894976.4426,928661.7515
2021/10/8,Railgun,32,0,0.083882855,-0.083882855,0.083882855,8,7856.204319,118028.6421,-110172.4378,125884.8464
2021/10/9,Railgun,25,0,0,0,0,9,47449.93987,0,47449.93987,47449.93987
2021/10/10,Railgun,24,0,0,0,0,10,346397.0008,0,346397.0008,346397.0008
2021/10/11,Railgun,28,0,0,0,0,3,3901.456903,0,3901.456903,3901.456903
2021/10/12,Railgun,18,0,0,0,0,2,4006.166034,0,4006.166034,4006.166034
2021/10/13,Railgun,12,0,0,0,0,3,33024.21194,24510.1573,8514.054642,57534.36925
2021/10/14,Railgun,22,0,0.03,-0.03,0.03,6,1475.040188,19727.1338,-18252.09361,21202.17399
2021/10/15,Railgun,12,0,0,0,0,3,0,27989.91245,-27989.91245,27989.91245
2021/10/16,Railgun,13,0,0,0,0,1,782.9568485,0,782.9568485,782.9568485
2021/10/17,Railgun,9,0,0,0,0,2,783.2035196,172.7019889,610.5015307,955.9055085
2021/10/18,Railgun,13,0,0,0,0,3,3177.780819,0,3177.780819,3177.780819
2021/10/19,Railgun,10,0,0,0,0,2,8471.150096,0,8471.150096,8471.150096
2021/10/20,Railgun,6,0,0,0,0,0,0,0,0,0
2021/10/21,Railgun,18,0,0,0,0,3,347180.2764,97285.92574,249894.3507,444466.2021
2021/10/22,Railgun,15,0,0,0,0,3,2989.54741,28565.38175,-25575.83434,31554.92916
2021/10/23,Railgun,8,0,0,0,0,0,0,0,0,0
2021/10/24,Railgun,8,0,0,0,0,1,0,4701.006241,-4701.006241,4701.006241
2021/10/25,Railgun,6,0,0,0,0,0,0,0,0,0
2021/10/26,Railgun,9,0,0,0,0,2,768.3201159,769.1925171,-0.87240118,1537.512633
2021/10/27,Railgun,16,0,0,0,0,4,693689.4101,19229.19177,674460.2183,712918.6018
2021/10/28,Railgun,9,0,0,0,0,1,7826.80266,0,7826.80266,7826.80266
2021/10/29,Railgun,25,0,0,0,0,3,3341.100581,2115.62892,1225.471661,5456.729502
2021/10/30,Railgun,12,0,0,0,0,0,0,0,0,0
2021/10/31,Railgun,8,0,0,0,0,1,0,1194.614415,-1194.614415,1194.614415
2021/11/1,Railgun,20,0,0,0,0,14,211971.3402,65028.53424,146942.806,276999.8744
2021/11/2,Railgun,21,0,0,0,0,7,1023.210083,29724.6474,-28701.43732,30747.85749
2021/11/3,Railgun,11,0,0,0,0,2,6400.554092,0,6400.554092,6400.554092
2021/11/4,Railgun,13,0,0,0,0,3,11215.81373,14600.46202,-3384.648289,25816.27574
2021/11/5,Railgun,17,0,0,0,0,7,130843.1427,25019.79487,105823.3478,155862.9376
2021/11/6,Railgun,10,0,0,0,0,5,28835.67353,10877.14428,17958.52926,39712.81781
2021/11/7,Railgun,19,0,0,0,0,2,1333.624641,0,1333.624641,1333.624641
2021/11/8,Railgun,17,0,0,0,0,3,9330.532755,0,9330.532755,9330.532755
2021/11/9,Railgun,12,0,0,0,0,1,0,29616.59461,-29616.59461,29616.59461
2021/11/10,Railgun,17,0,0,0,0,4,13892.16515,49111.31963,-35219.15448,63003.48478
2021/11/11,Railgun,9,0,0,0,0,5,486820.8683,49416.11467,437404.7536,536236.9829
2021/11/12,Railgun,16,0,0,0,0,7,771079.8016,779395.7648,-8315.963154,1.55E+06
2021/11/13,Railgun,19,0,0,0,0,7,5025.549916,154688.8779,-149663.328,159714.4278
2021/11/14,Railgun,26,0,0,0,0,9,92624.03145,108052.4149,-15428.38345,200676.4464
2021/11/15,Railgun,11,0,0,0,0,7,203194.6741,159815.3854,43379.28871,363010.0595
2021/11/16,Railgun,26,0,0,0,0,10,51152.64772,10630.8846,40521.76312,61783.53232
2021/11/17,Railgun,17,0,0,0,0,6,26022.82899,70255.04482,-44232.21583,96277.87382
2021/11/18,Railgun,13,0,0,0,0,5,35250.97949,202900.0754,-167649.0959,238151.0548
2021/11/19,Railgun,8,0,0,0,0,3,38369.45285,0,38369.45285,38369.45285
2021/11/20,Railgun,17,0,0,0,0,6,3019.395264,98766.97488,-95747.57962,101786.3701
2021/11/21,Railgun,17,0,0,0,0,8,4660.658632,48588.7231,-43928.06447,53249.38173
2021/11/22,Railgun,5,0,0,0,0,1,0,16989.32596,-16989.32596,16989.32596
2021/11/23,Railgun,12,0,0,0,0,5,18226.65593,16866.12208,1360.533848,35092.77801
2021/11/24,Railgun,21,0,0,0,0,9,41369.28689,7562.804793,33806.48209,48932.09168
2021/11/25,Railgun,31,0,0,0,0,12,149663.3943,170581.1577,-20917.76335,320244.552
2021/11/26,Railgun,19,0,0,0,0,5,13873.40863,1745.253284,12128.15535,15618.66192
2021/11/27,Railgun,22,0,0,0,0,11,682831.8688,8854.234006,673977.6348,691686.1029
2021/11/28,Railgun,35,0,0,0,0,13,4.35E+06,121698.8323,4.23E+06,4.48E+06
2021/11/29,Railgun,57,0,0,0,0,28,1.11E+06,567199.4882,546031.9087,1.68E+06
2021/11/30,Railgun,51,0,0,0,0,21,573671.3466,61545.57292,512125.7737,635216.9196
2021/12/1,Railgun,52,0,0,0,0,23,8.57E+06,0,8.57E+06,8.57E+06
2021/12/2,Railgun,27,0,0,0,0,8,568431.954,608400.9339,-39968.97993,1.18E+06
2021/12/3,Railgun,23,0,0,0,0,7,386542.2136,10763.20292,375779.0107,397305.4165
2021/12/4,Railgun,31,0,0,0,0,9,46029.3293,95369.16554,-49339.83625,141398.4948
2021/12/5,Railgun,12,0,0,0,0,2,8638.560594,8136.111111,502.4494827,16774.6717
2021/12/6,Railgun,26,0,0,0,0,5,18461.79578,44291.13374,-25829.33796,62752.92952
2021/12/7,Railgun,37,0,0,0,0,10,130063.5924,0,130063.5924,130063.5924
2021/12/8,Railgun,30,0,0,0,0,9,68182.88114,11234.725,56948.15614,79417.60614
2021/12/9,Railgun,16,0,0,0,0,4,70119.92556,0,70119.92556,70119.92556
2021/12/10,Railgun,17,0,0,0,0,3,5889.603713,0,5889.603713,5889.603713
2021/12/11,Railgun,12,0,0,0,0,3,4183.740625,134.959375,4048.78125,4318.7
2021/12/12,Railgun,14,0,0,0,0,6,271777.8519,16815.66178,254962.1901,288593.5137
2021/12/13,Railgun,14,0,0,0,0,3,12105.75221,0,12105.75221,12105.75221
2021/12/14,Railgun,18,0,0,0,0,9,1698.817662,179702.4243,-178003.6066,181401.2419
2021/12/15,Railgun,18,0,0,0,0,4,87919.02347,0,87919.02347,87919.02347
2021/12/16,Railgun,20,0,0,0,0,8,11547.69358,39005.20257,-27457.50899,50552.89614
2021/12/17,Railgun,16,0,0,0,0,4,2038.943403,8436.129673,-6397.18627,10475.07308
2021/12/18,Railgun,13,0,0,0,0,4,6223.29065,718.6475694,5504.643081,6941.938219
2021/12/19,Railgun,6,0,0,0,0,1,2588.472222,0,2588.472222,2588.472222
2021/12/20,Railgun,8,0,0,0,0,2,0,6242.013889,-6242.013889,6242.013889
2021/12/21,Railgun,10,0,0,0,0,2,1305.141979,1556.064774,-250.922795,2861.206753
2021/12/22,Railgun,9,0,0,0,0,0,0,0,0,0
2021/12/23,Railgun,11,0,0,0,0,3,63991.47326,6018.014614,57973.45865,70009.48787
2021/12/24,Railgun,7,0,0,0,0,1,1372.673611,0,1372.673611,1372.673611
2021/12/25,Railgun,15,0,0,0,0,1,379936.7858,0,379936.7858,379936.7858
2021/12/26,Railgun,22,0,0,0,0,8,132298.7172,3515.684013,128783.0332,135814.4012
2021/12/27,Railgun,26,0,0,0,0,4,27874.32846,65389.78182,-37515.45336,93264.11028
2021/12/28,Railgun,14,0,0,0,0,3,95197.58572,0,95197.58572,95197.58572
2021/12/29,Railgun,157,0,0,0,0,63,1.47E+06,138583.5775,1.33E+06,1.61E+06
2021/12/30,Railgun,226,0,0,0,0,80,2.97E+06,852135.853,2.11E+06,3.82E+06
2021/12/31,Railgun,312,0,0,0,0,118,1.57E+06,100706.2877,1.47E+06,1.67E+06
2022/1/1,Railgun,85,0,0,0,0,21,1.11E+06,1.87E+06,-764864.8899,2.98E+06
2022/1/2,Railgun,52,0,0,0,0,5,377521.1076,66403.41187,311117.6957,443924.5195
2022/1/3,Railgun,60,0,0,0,0,8,74900.55958,65130.38418,9770.175402,140030.9438
2022/1/4,Railgun,36,0,0,0,0,7,53955.0144,672.1350347,53282.87936,54627.14943
2022/1/5,Railgun,47,0,0,0,0,13,612998.0765,5403.282986,607594.7935,618401.3595
2022/1/6,Railgun,28,0,0,0,0,5,13365.83417,8908.930617,4456.903549,22274.76478
2022/1/7,Railgun,26,0,0,0,0,6,119438.677,18322.84333,101115.8336,137761.5203
2022/1/8,Railgun,42,0,0,0,0,11,299176.277,0,299176.277,299176.277
2022/1/9,Railgun,50,0,0,0,0,14,170922.2307,218168.082,-47245.85126,389090.3127
2022/1/10,Railgun,17,0,0,0,0,1,112791.1458,0,112791.1458,112791.1458
2022/1/11,Railgun,23,0,0,0,0,9,226897.7123,21947.65625,204950.0561,248845.3686
2022/1/12,Railgun,36,0,0,0,0,13,1.16E+06,94146.875,1.07E+06,1.26E+06
2022/1/13,Railgun,24,0,0,0,0,8,91157.50879,17367.27778,73790.23101,108524.7866
2022/1/14,Railgun,23,0,0,0,0,8,52466.74032,14409.43648,38057.30383,66876.1768
2022/1/15,Railgun,41,0,0,0,0,17,1.71E+07,0,1.71E+07,1.71E+07
2022/1/16,Railgun,27,0,0,0,0,7,36045.31908,190346.0704,-154300.7513,226391.3895
2022/1/17,Railgun,23,0,0,0,0,4,28897.70351,366356.9572,-337459.2537,395254.6607
2022/1/18,Railgun,48,0,0,0,0,17,152380.0417,158901.3672,-6521.32549,311281.4089
2022/1/19,Railgun,39,0,0,0,0,12,733310.774,0,733310.774,733310.774
2022/1/20,Railgun,65,0,0,0,0,22,324431.0156,18361.45833,306069.5573,342792.474
2022/1/21,Railgun,38,0,0,0,0,9,153225.9029,165724.8987,-12498.99581,318950.8016
2022/1/22,Railgun,19,0,0,0,0,2,1681.316389,0,1681.316389,1681.316389
2022/1/23,Railgun,20,0,0,0,0,5,113284.4714,0,113284.4714,113284.4714
2022/1/24,Railgun,17,0,0,0,0,2,108450.9363,5058.934319,103392.002,113509.8707
2022/1/25,Railgun,15,0,0,0,0,3,3345.857553,1134.015568,2211.841985,4479.873121
2022/1/26,Railgun,36,0,0,0,0,6,35346.57799,136619.6573,-101273.0794,171966.2353
2022/1/27,Railgun,13,0,0,0,0,2,16646.30159,0,16646.30159,16646.30159
2022/1/28,Railgun,12,0,0,0,0,2,5604.562615,0,5604.562615,5604.562615
2022/1/29,Railgun,18,0,0,0,0,5,47256.89025,115716.2653,-68459.37503,162973.1555
2022/1/30,Railgun,26,0,0,0,0,15,247593.8927,109246.2139,138347.6788,356840.1065
2022/1/31,Railgun,35,0,0,0,0,15,123653.2977,3620.228383,120033.0693,127273.5261
2022/2/1,Railgun,25,0,0,0,0,15,59324.29131,250106.8148,-190782.5235,309431.1061
2022/2/2,Railgun,31,0,0,0,0,14,76004.53307,122343.5844,-46339.05129,198348.1174
2022/2/3,Railgun,12,0,0,0,0,4,1531.329097,24029.52271,-22498.19361,25560.8518
2022/2/4,Railgun,15,0,0,0,0,2,0,137929.5559,-137929.5559,137929.5559
2022/2/5,Railgun,21,0,0,0,0,9,56065.23783,791346.7227,-735281.4849,847411.9605
2022/2/6,Railgun,9,0,0,0,0,5,9343.299729,144417.6733,-135074.3735,153760.973
2022/2/7,Railgun,14,0,0,0,0,6,6155.050847,30186.20385,-24031.153,36341.25469
2022/2/8,Railgun,14,0,0,0,0,3,12553.91171,61547.91667,-48994.00496,74101.82837
2022/2/9,Railgun,20,0,0,0,0,2,84215.22659,0,84215.22659,84215.22659
2022/2/10,Railgun,20,0,0,0,0,9,50644.50016,17993.27865,32651.22151,68637.77881
2022/2/11,Railgun,25,0,0,0,0,7,39816.34952,0,39816.34952,39816.34952
2022/2/12,Railgun,18,0,0,0,0,4,11057.55413,3708.249271,7349.304861,14765.8034
2022/2/13,Railgun,19,0,0,0,0,5,15657.67276,0,15657.67276,15657.67276
2022/2/14,Railgun,13,0,0,0,0,5,160937.694,29599.30252,131338.3915,190536.9965
2022/2/15,Railgun,20,0,0,0,0,6,11047.34309,15303.125,-4255.781907,26350.46809
2022/2/16,Railgun,22,0,0,0,0,8,27900.63489,542429.0734,-514528.4385,570329.7083
2022/2/17,Railgun,23,0,0,0,0,7,13843.94497,79858.87058,-66014.92561,93702.81555
2022/2/18,Railgun,25,0,0,0,0,9,15804.04413,57315.31428,-41511.27015,73119.35842
2022/2/19,Railgun,10,0,0,0,0,8,25411.61961,50535.00313,-25123.38351,75946.62274
2022/2/20,Railgun,14,0,0,0,0,6,123661.3175,71884.72562,51776.59188,195546.0431
2022/2/21,Railgun,24,0,0,0,0,9,3969.147284,112509.8011,-108540.6538,116478.9484
2022/2/22,Railgun,25,0,0,0,0,7,16789.63473,97415.19087,-80625.55614,114204.8256
2022/2/23,Railgun,16,0,0,0,0,6,63558.73514,1182.137472,62376.59767,64740.87261
2022/2/24,Railgun,21,0,0,0,0,8,18916.6541,143819.3671,-124902.713,162736.0212
2022/2/25,Railgun,21,0,0,0,0,9,90884.59889,29030.80583,61853.79307,119915.4047
2022/2/26,Railgun,18,0,0,0,0,5,24746.95665,0,24746.95665,24746.95665
2022/2/27,Railgun,45,0,0,0,0,21,138995.3113,211749.7896,-72754.47833,350745.1009
2022/2/28,Railgun,23,0,0,0,0,15,317292.7108,25662.50777,291630.203,342955.2186
2022/3/1,Railgun,33,0,0,0,0,12,348467.3293,17755.20611,330712.1232,366222.5354
2022/3/2,Railgun,22,0,0,0,0,3,1813.221011,100821.4502,-99008.22914,102634.6712
2022/3/3,Railgun,28,0,0,0,0,9,108625.9538,1.52E+06,-1.41E+06,1.63E+06
2022/3/4,Railgun,25,0,0,0,0,8,425998.6472,53460.54979,372538.0975,479459.197
2022/3/5,Railgun,18,0,0,0,0,6,12571.66013,7775.696225,4795.963903,20347.35635
2022/3/6,Railgun,28,0,0,0,0,10,8025.019265,80544.81478,-72519.79552,88569.83405
2022/3/7,Railgun,25,0,0,0,0,4,18753.37701,2649.914906,16103.46211,21403.29192
2022/3/8,Railgun,5,0,0,0,0,1,0,7071.505762,-7071.505762,7071.505762
2022/3/9,Railgun,30,0,0,0,0,6,13782.5341,69216.81333,-55434.27923,82999.34743
2022/3/10,Railgun,19,0,0,0,0,3,1939.988334,13921.15948,-11981.17115,15861.14782
2022/3/11,Railgun,10,0,0,0,0,2,636.5619459,62458.6435,-61822.08156,63095.20545
2022/3/12,Railgun,15,0,0,0,0,0,0,0,0,0
2022/3/13,Railgun,16,0,0,0,0,9,1891.377396,9418.461396,-7527.084,11309.83879
2022/3/14,Railgun,26,0,0,0,0,8,8169.310074,85744.13179,-77574.82171,93913.44186
2022/3/15,Railgun,10,0,0,0,0,4,8231.545178,4230.295139,4001.250039,12461.84032
2022/3/16,Railgun,14,0,0,0,0,4,14016.13157,44707.61806,-30691.48648,58723.74963
2022/3/17,Railgun,6,0,0,0,0,2,0,45593.6,-45593.6,45593.6
2022/3/18,Railgun,16,0,0,0,0,3,48119.40458,0,48119.40458,48119.40458
2022/3/19,Railgun,16,0,0,0,0,3,24270.34671,0,24270.34671,24270.34671
2022/3/20,Railgun,26,0,0,0,0,4,5474.115625,92561.65351,-87087.53789,98035.76914
2022/3/21,Railgun,17,0,0,0,0,4,80320.642,5531.52814,74789.11386,85852.17014
2022/3/22,Railgun,9,0,0,0,0,1,0,3569.027778,-3569.027778,3569.027778
2022/3/23,Railgun,14,0,0,0,0,4,31861.07279,1813.472222,30047.60057,33674.54501
2022/3/24,Railgun,11,0,0,0,0,4,56290.95064,10946.76899,45344.18165,67237.71963
2022/3/25,Railgun,18,0,0,0,0,1,3922.662882,0,3922.662882,3922.662882
2022/3/26,Railgun,19,0,0,0,0,6,132066.4794,8689.248042,123377.2314,140755.7274
2022/3/27,Railgun,20,0,0,0,0,5,155036.5918,130607.9375,24428.65432,285644.5292
2022/3/28,Railgun,16,0,0,0,0,2,3236.923472,4508.37567,-1271.452198,7745.299142
2022/3/29,Railgun,12,0,0,0,0,3,21968.6225,90322.22222,-68353.59972,112290.8447
2022/3/30,Railgun,12,0,0,0,0,3,4483.667882,14601.15663,-10117.48875,19084.82452
2022/3/31,Railgun,20,0,0,0,0,4,9444.577633,32803.10994,-23358.5323,42247.68757
2022/4/1,Railgun,33,0,0,0,0,10,15068.69211,265093.9089,-250025.2167,280162.601
2022/4/2,Railgun,53,0,0,0,0,14,18411.26125,910018.6067,-891607.3455,928429.868
2022/4/3,Railgun,24,0,0,0,0,7,9736.434677,48236.00455,-38499.56988,57972.43923
2022/4/4,Railgun,18,0,0,0,0,3,0,34213.94444,-34213.94444,34213.94444
2022/4/5,Railgun,14,0,0,0,0,4,739724.3484,52630.74917,687093.5992,792355.0975
2022/4/6,Railgun,21,0,0,0,0,5,1355.798611,132572.9554,-131217.1568,133928.754
2022/4/7,Railgun,28,0,0,0,0,4,542954.75,9647.327345,533307.4227,552602.0774
2022/4/8,Railgun,28,0,0,0,0,5,0,97804.03654,-97804.03654,97804.03654
2022/4/9,Railgun,9,0,0,0,0,2,0,7274.166667,-7274.166667,7274.166667
2022/4/10,Railgun,19,0,0,0,0,6,7128.705262,27348.26656,-20219.5613,34476.97182
2022/4/11,Railgun,14,0,0,0,0,5,0,44469.92618,-44469.92618,44469.92618
2022/4/12,Railgun,13,0,0,0,0,3,0,46055.78228,-46055.78228,46055.78228
2022/4/13,Railgun,20,0,0,0,0,12,33874.94756,314586.9575,-280712.01,348461.9051
2022/4/14,Railgun,13,0,0,0,0,7,8143.843125,37987.29497,-29843.45184,46131.13809
2022/4/15,Railgun,20,0,0,0,0,6,86670.2041,0,86670.2041,86670.2041
2022/4/16,Railgun,30,0,0,0,0,6,2050.748343,4374.120833,-2323.37249,6424.869177
2022/4/17,Railgun,74,0,0,0,0,13,396467.9847,12624.36114,383843.6235,409092.3458
2022/4/18,Railgun,45,0,0,0,0,10,41699.36181,117236.6995,-75537.33772,158936.0613
2022/4/19,Railgun,24,0,0,0,0,7,13956.70479,25572.3411,-11615.63631,39529.0459
2022/4/20,Railgun,31,0,0,0,0,4,3683.102431,37473.03299,-33789.93056,41156.13542
2022/4/21,Railgun,15,0,0,0,0,3,2520.527778,23427.32899,-20906.80121,25947.85677
2022/4/22,Railgun,15,0,0,0,0,2,9951.304688,0,9951.304688,9951.304688
2022/4/23,Railgun,21,0,0,0,0,6,214447.4995,58439.94066,156007.5589,272887.4402
2022/4/24,Railgun,23,0,0,0,0,8,30179.65917,42358.36573,-12178.70656,72538.0249
2022/4/25,Railgun,11,0,0,0,0,0,0,0,0,0
2022/4/26,Railgun,13,0,0,0,0,3,2199.45375,4217.8825,-2018.42875,6417.33625
2022/4/27,Railgun,16,0,0,0,0,7,317.8063194,112372.4023,-112054.5959,112690.2086
2022/4/28,Railgun,14,0,0,0,0,3,0,8362.267222,-8362.267222,8362.267222
2022/4/29,Railgun,25,0,0,0,0,10,202312.7003,650956.2969,-448643.5966,853268.9971
2022/4/30,Railgun,23,0,0,0,0,7,454669.9461,44443.72849,410226.2176,499113.6746
2022/5/1,Railgun,25,1,0,1,1,7,231979.9576,154431.194,77548.76364,386411.1516
2022/5/2,Railgun,16,0,0,0,0,3,57593.92222,70474.25,-12880.32778,128068.1722
2022/5/3,Railgun,14,0,0,0,0,4,18240.52731,483.86,17756.66731,18724.38731
2022/5/4,Railgun,19,0,0,0,0,9,64635.95586,58023.80891,6612.146955,122659.7648
2022/5/5,Railgun,35,0,0,0,0,14,124968.4668,31256.33557,93712.13119,156224.8023
2022/5/6,Railgun,28,0,0,0,0,8,54495.13383,4488.226225,50006.90761,58983.36006
2022/5/7,Railgun,25,0,0,0,0,7,171970.81,116745.0262,55225.78377,288715.8361
2022/5/8,Railgun,32,0,0,0,0,13,43169.85162,7311.206805,35858.64482,50481.05843
2022/5/9,Railgun,35,0,0,0,0,8,98174.36129,15629.33667,82545.02462,113803.698
2022/5/10,Railgun,19,0,0,0,0,8,37991.9892,2360.445389,35631.54381,40352.43459
2022/5/11,Railgun,26,0,0,0,0,9,6426.119159,52231.58205,-45805.46289,58657.70121
2022/5/12,Railgun,31,0,0,0,0,11,16484.28589,81987.02353,-65502.73764,98471.30943
2022/5/13,Railgun,40,0,0,0,0,16,126708.5343,42011.69088,84696.84345,168720.2252
2022/5/14,Railgun,27,0,0,0,0,8,161048.9548,27020.14611,134028.8087,188069.1009
2022/5/15,Railgun,32,0,0,0,0,20,18204.35706,116577.9558,-98373.59875,134782.3129
2022/5/16,Railgun,19,0,0,0,0,7,15964.64643,11238.19793,4726.448498,27202.84437
2022/5/17,Railgun,22,0,0,0,0,11,186017.4164,12428.74763,173588.6688,198446.164
2022/5/18,Railgun,20,0,0,0,0,4,7236.697889,11120.96806,-3884.270167,18357.66594
2022/5/19,Railgun,25,0,0,0,0,5,0,22727.71492,-22727.71492,22727.71492
2022/5/20,Railgun,8,0,0,0,0,2,339.6549037,401061.679,-400722.0241,401401.3339
2022/5/21,Railgun,15,0,0,0,0,4,162445.1125,44504.62906,117940.4835,206949.7416
2022/5/22,Railgun,16,0,0,0,0,11,27889.5216,34383.74746,-6494.225854,62273.26906
2022/5/23,Railgun,23,0,0,0,0,12,160982.7122,6885.392465,154097.3197,167868.1047
2022/5/24,Railgun,27,0,0,0,0,12,15152.90275,7239.510853,7913.391899,22392.4136
2022/5/25,Railgun,25,0,0,0,0,9,32526.15964,185384.1047,-152857.9451,217910.2643
2022/5/26,Railgun,30,0,0,0,0,10,563218.75,80209.03983,483009.7102,643427.7898
2022/5/27,Railgun,23,0,0,0,0,8,71774.81051,31570.99778,40203.81274,103345.8083
2022/5/28,Railgun,18,0,0,0,0,8,30405.84546,3902.249756,26503.59571,34308.09522
2022/5/29,Railgun,14,0,0,0,0,8,7949.900663,15298.88648,-7348.985817,23248.78714
2022/5/30,Railgun,23,0,0,0,0,5,3298.793494,12133.6004,-8834.806903,15432.39389
2022/5/31,Railgun,20,0,0,0,0,13,137063.3359,958179.3865,-821116.0506,1.10E+06
2022/6/1,Railgun,18,0,0,0,0,5,107509.9375,5924.038923,101585.8986,113433.9765
2022/6/2,Railgun,19,0,0,0,0,10,197249.5666,51959.19444,145290.3721,249208.761
2022/6/3,Railgun,18,0,0,0,0,12,651315.6254,53668.33892,597647.2865,704983.9643
2022/6/4,Railgun,12,0.3,0,0.3,0.3,7,13066.79918,3371.47704,9695.322139,16438.27622
2022/6/5,Railgun,12,0,0,0,0,6,2663.354737,8390.931012,-5727.576275,11054.28575
2022/6/6,Railgun,21,0,0,0,0,13,3380.986711,190179.1192,-186798.1324,193560.1059
2022/6/7,Railgun,14,0,0,0,0,9,62400.40122,56360.7793,6039.62192,118761.1805
2022/6/8,Railgun,6,0,0,0,0,0,0,0,0,0
2022/6/9,Railgun,21,0,0,0,0,6,8092.117641,5276.214366,2815.903275,13368.33201
2022/6/10,Railgun,28,0,0,0,0,7,38650.44006,31824.37717,6826.062885,70474.81723
2022/6/11,Railgun,28,0,0,0,0,18,152189.9297,60649.64113,91540.28861,212839.5709
2022/6/12,Railgun,30,0,0,0,0,10,12686.89107,24987.40746,-12300.51639,37674.29853
2022/6/13,Railgun,30,0,0,0,0,11,51917.18224,358693.6723,-306776.4901,410610.8546
2022/6/14,Railgun,37,0,0,0,0,23,2.84E+06,2.96E+06,-126174.3766,5.80E+06
2022/6/15,Railgun,24,0,0,0,0,9,255323.8518,231615.3706,23708.48117,486939.2224
2022/6/16,Railgun,19,0,0,0,0,10,3410.120812,8075.030372,-4664.90956,11485.15118
2022/6/17,Railgun,29,0,0,0,0,19,611609.2027,40076.66547,571532.5372,651685.8682
2022/6/18,Railgun,19,0,0,0,0,5,1818.241373,17077.28057,-15259.0392,18895.52195
2022/6/19,Railgun,14,0,0,0,0,15,12136.35971,30897.07938,-18760.71967,43033.43909
2022/6/20,Railgun,14,0,0,0,0,11,4887.441281,18941.91011,-14054.46883,23829.3514
2022/6/21,Railgun,34,0,0,0,0,28,667500.8731,537127.523,130373.35,1.20E+06
2022/6/22,Railgun,18,0,0,0,0,13,14712.37547,10307.03515,4405.340325,25019.41062
2022/6/23,Railgun,14,0,0,0,0,8,32247.44562,13551.38542,18696.0602,45798.83104
2022/6/24,Railgun,32,0,0,0,0,11,3180.070417,2.90E+06,-2.90E+06,2.91E+06
2022/6/25,Railgun,8,0,0,0,0,2,123.4444444,36855.616,-36732.17155,36979.06044
2022/6/26,Railgun,6,0,0,0,0,4,2147.293841,7545.623223,-5398.329382,9692.917064
2022/6/27,Railgun,15,0,0,0,0,0,0,0,0,0
2022/6/28,Railgun,18,0,0,0,0,8,16043.75539,6091.673214,9952.082175,22135.4286
2022/6/29,Railgun,25,0,0,0,0,15,13230.87557,256498.8739,-243267.9983,269729.7495
2022/6/30,Railgun,32,0,0.3,-0.3,0.3,10,37284.22315,20199.69126,17084.53188,57483.91441
2022/7/1,Railgun,18,0,0,0,0,6,677.6883264,37565.61058,-36887.92225,38243.29891
2022/7/2,Railgun,21,0,0,0,0,9,2523.264446,30389.21662,-27865.95218,32912.48107
2022/7/3,Railgun,12,0,0,0,0,11,6824.397494,15370.51244,-8546.114949,22194.90994
2022/7/4,Railgun,16,0,0,0,0,9,8360.031764,6801.784372,1558.247391,15161.81614
2022/7/5,Railgun,23,0,0,0,0,8,16566.48992,280977.0007,-264410.5108,297543.4906
2022/7/6,Railgun,8,0,0,0,0,7,9.957111359,33995.86014,-33985.90303,34005.81726
2022/7/7,Railgun,9,0,0,0,0,7,594.1252322,13301.81619,-12707.69096,13895.94142
2022/7/8,Railgun,15,0,0,0,0,12,23273.97449,2441.382746,20832.59174,25715.35723
2022/7/9,Railgun,12,0,0,0,0,5,2258.683214,5012.869355,-2754.186142,7271.552569
2022/7/10,Railgun,14,0,0,0,0,6,9257.39784,4114.789879,5142.607961,13372.18772
2022/7/11,Railgun,11,0,0,0,0,4,285915.2629,51016.31364,234898.9492,336931.5765
2022/7/12,Railgun,23,0,0,0,0,15,44892.10125,68853.12102,-23961.01977,113745.2223
2022/7/13,Railgun,8,0,0,0,0,10,1038.745663,11078.88689,-10040.14123,12117.63255
2022/7/14,Railgun,17,0,0,0,0,8,800.297099,25921.25829,-25120.96119,26721.55539
2022/7/15,Railgun,12,0,0,0,0,6,4347.87092,219827.2409,-215479.37,224175.1118
2022/7/16,Railgun,15,0,0,0,0,6,205185.9332,10820.27039,194365.6628,216006.2036
2022/7/17,Railgun,12,0,0,0,0,2,1967.095445,285.8505757,1681.24487,2252.946021
2022/7/18,Railgun,24,0,0,0,0,9,7073.288886,21701.21738,-14627.92849,28774.50626
2022/7/19,Railgun,13,0,0,0,0,7,20184.00708,33835.60314,-13651.59606,54019.61022
2022/7/20,Railgun,20,0,0,0,0,9,39625.8587,49182.58826,-9556.729558,88808.44696
2022/7/21,Railgun,10,0,0,0,0,10,94913.70988,49438.89082,45474.81906,144352.6007
2022/7/22,Railgun,16,0,0,0,0,14,4709.184348,92228.66942,-87519.48507,96937.85377
2022/7/23,Railgun,10,0,0,0,0,5,13078.64067,4350.555058,8728.08561,17429.19573
2022/7/24,Railgun,6,0,0,0,0,9,159.0522339,9215.634311,-9056.582077,9374.686545
2022/7/25,Railgun,22,0,0,0,0,8,17253.75688,126128.7192,-108874.9623,143382.4761
2022/7/26,Railgun,23,0,0,0,0,12,9.983305538,1.57E+06,-1.57E+06,1.57E+06
2022/7/27,Railgun,21,0,0,0,0,4,4756.770449,168.2977049,4588.472744,4925.068153
2022/7/28,Railgun,14,0,0,0,0,9,4423.468885,18613.05087,-14189.58198,23036.51975
2022/7/29,Railgun,13,0,0,0,0,4,0,33336.99455,-33336.99455,33336.99455
2022/7/30,Railgun,9,0,0,0,0,6,1793.595902,13217.43936,-11423.84346,15011.03526
2022/7/31,Railgun,17,0,0,0,0,19,25786.40744,34630.12779,-8843.720357,60416.53523
2022/8/1,Railgun,16,0,0,0,0,16,18877.45936,257520.0597,-238642.6003,276397.5191
2022/8/2,Railgun,20,0,0,0,0,8,75969.14057,146103.5008,-70134.36022,222072.6414
2022/8/3,Railgun,28,0,0,0,0,24,102035.4694,692988.1559,-590952.6865,795023.6254
2022/8/4,Railgun,14,0,0,0,0,4,16.12536299,7064.606912,-7048.481549,7080.732275
2022/8/5,Railgun,16,0,0,0,0,14,20369.14112,66908.44455,-46539.30343,87277.58567
2022/8/6,Railgun,10,0,0,0,0,10,22684.18927,9320.675597,13363.51368,32004.86487
2022/8/7,Railgun,20,0,0,0,0,17,42346.59632,36897.23671,5449.359604,79243.83303
2022/8/8,Railgun,34,0,0,0,0,33,198029.0513,43530.07816,154498.9731,241559.1294
2022/8/9,Railgun,45,0,0,0,0,34,19279.45197,181950.7412,-162671.2892,201230.1931
2022/8/10,Railgun,18,0,0,0,0,22,205416.6737,61037.81771,144378.856,266454.4914
2022/8/11,Railgun,41,0,0,0,0,12,29.30159611,8529.16659,-8499.864994,8558.468187
2022/8/12,Railgun,36,0,0,0,0,19,23790.97344,13234.73937,10556.23407,37025.71282
2022/8/13,Railgun,15,0,0,0,0,9,16018.88277,20816.07279,-4797.19002,36834.95555
2022/8/14,Railgun,15,0,0,0,0,29,277694.8816,5912.228152,271782.6535,283607.1098
2022/8/15,Railgun,24,0,0,0,0,31,1.15E+06,52648.49692,1.10E+06,1.20E+06
2022/8/16,Railgun,23,0,0,0,0,20,13099.02385,325351.9063,-312252.8825,338450.9302
2022/8/17,Railgun,28,0,0,0,0,35,82262.511,274779.1492,-192516.6382,357041.6602
2022/8/18,Railgun,10,0,0,0,0,20,4422.048505,34709.98345,-30287.93495,39132.03196
2022/8/19,Railgun,15,0,0,0,0,7,2233.405221,121862.041,-119628.6358,124095.4462
2022/8/20,Railgun,13,0,0,0,0,8,73117.47101,120390.0721,-47272.60111,193507.5431
2022/8/21,Railgun,26,0,0,0,0,21,4.82E+06,25778.12591,4.79E+06,4.84E+06
2022/8/22,Railgun,21,0,0,0,0,14,48762.23248,33645.94865,15116.28383,82408.18113
2022/8/23,Railgun,12,0,0,0,0,6,5550.118424,15222.00189,-9671.883462,20772.12031
2022/8/24,Railgun,12,0,0,0,0,14,3017.198668,40710.53854,-37693.33988,43727.73721
2022/8/25,Railgun,19,0,0,0,0,21,455818.7469,225556.9631,230261.7838,681375.71
2022/8/26,Railgun,20,0,0,0,0,18,18643.37798,285004.7783,-266361.4003,303648.1563
2022/8/27,Railgun,27,0,0,0,0,44,8968.729734,4.53E+06,-4.52E+06,4.54E+06
2022/8/28,Railgun,9,0,0,0,0,9,34206.41498,10028.70061,24177.71437,44235.11559
2022/8/29,Railgun,15,0,0,0,0,20,277758.0694,122141.5235,155616.5459,399899.5929
2022/8/30,Railgun,6,0,0,0,0,10,2695.947177,11006.69212,-8310.744948,13702.6393
2022/8/31,Railgun,10,0,0,0,0,15,226561.1888,11067.71473,215493.4741,237628.9035
2022/9/1,Railgun,18,0,0,0,0,28,264682.1252,329356.5119,-64674.38665,594038.6371
2022/9/2,Railgun,21,0,0,0,0,40,243437.1428,206204.5725,37232.57036,449641.7153
2022/9/3,Railgun,16,0,0,0,0,21,12265.80817,9330.714549,2935.093616,21596.52271
2022/9/4,Railgun,14,0,0,0,0,11,211.1633649,15515.98855,-15304.82518,15727.15191
2022/9/5,Railgun,12,0,0,0,0,17,4573.405831,49410.47399,-44837.06816,53983.87982
2022/9/6,Railgun,19,0,0,0,0,26,81783.06207,58622.03426,23161.02781,140405.0963
2022/9/7,Railgun,15,0,0,0,0,41,33177.35278,76447.1701,-43269.81732,109624.5229
2022/9/8,Railgun,24,0,0,0,0,35,15600.32844,112302.1701,-96701.84166,127902.4985
2022/9/9,Railgun,14,0,0,0,0,10,610.1750139,2455.779215,-1845.604201,3065.954229
2022/9/10,Railgun,16,0,0,0,0,10,3116.906717,12206.69976,-9089.793042,15323.60648
2022/9/11,Railgun,20,0,0,0,0,19,281854.8021,4792.955939,277061.8462,286647.758
2022/9/12,Railgun,25,0,0,0,0,27,830692.1045,193034.358,637657.7465,1.02E+06
2022/9/13,Railgun,18,0,0,0,0,17,765912.7285,257804.666,508108.0625,1.02E+06
2022/9/14,Railgun,17,0,0,0,0,64,194220.4035,1.83E+06,-1.63E+06,2.02E+06
2022/9/15,Railgun,12,0,0,0,0,8,311.9376597,33813.18412,-33501.24646,34125.12178
2022/9/16,Railgun,54,0,0,0,0,70,1.68E+06,1.56E+06,118138.9569,3.24E+06
2022/9/17,Railgun,11,0,0,0,0,9,16569.91791,6160.759076,10409.15884,22730.67699
2022/9/18,Railgun,22,0,0,0,0,28,30833.80646,189447.5662,-158613.7597,220281.3726
2022/9/19,Railgun,12,0,0,0,0,16,39247.13451,70665.49023,-31418.35571,109912.6247
2022/9/20,Railgun,17,0,0,0,0,19,33491.62137,17001.22168,16490.39969,50492.84304
2022/9/21,Railgun,20,0,0,0,0,38,63232.91901,58005.48175,5227.437258,121238.4008
2022/9/22,Railgun,11,0,0,0,0,27,9296.445014,26445.78992,-17149.34491,35742.23494
2022/9/23,Railgun,8,0,0,0,0,21,2839.80022,6897.592913,-4057.792692,9737.393133
2022/9/24,Railgun,44,0,0,0,0,52,182066.69,119592.4867,62474.20329,301659.1767
2022/9/25,Railgun,14,0,0,0,0,33,11403.34163,12563.40341,-1160.061781,23966.74503
2022/9/26,Railgun,24,0,0,0,0,27,50214.05842,45803.8007,4410.257722,96017.85912
2022/9/27,Railgun,9,0,0,0,0,7,17266.36359,587.3867855,16678.97681,17853.75038
2022/9/28,Railgun,8,0,0,0,0,19,33666.06415,34078.49465,-412.4304976,67744.55879
2022/9/29,Railgun,18,0,0,0,0,18,10182.16546,23320.60388,-13138.43842,33502.76933
2022/9/30,Railgun,15,0,0,0,0,19,9462.28634,59866.77983,-50404.49349,69329.06617
2022/10/1,Railgun,10,0,0,0,0,12,12914.1596,7219.663255,5694.496349,20133.82286
2022/10/2,Railgun,9,0,0,0,0,18,33176.77022,33410.78006,-234.0098304,66587.55028
2022/10/3,Railgun,15,0,0,0,0,17,31833.64465,16833.46061,15000.18404,48667.10526
2022/10/4,Railgun,28,0,0,0,0,24,122431.6317,135252.3403,-12820.70865,257683.972
2022/10/5,Railgun,19,0,0,0,0,36,96042.10901,133022.2328,-36980.12378,229064.3418
2022/10/6,Railgun,11,0,0,0,0,16,14428.13836,20960.92826,-6532.789903,35389.06662
2022/10/7,Railgun,8,0,0,0,0,13,4996.751541,16297.38653,-11300.63499,21294.13807
2022/10/8,Railgun,8,0,0,0,0,18,28989.24747,27221.09719,1768.15028,56210.34466
2022/10/9,Railgun,10,0,0,0,0,5,5988.569519,98984.79132,-92996.2218,104973.3608
2022/10/10,Railgun,8,0,0,0,0,18,35941.08509,7093.31279,28847.7723,43034.39788
2022/10/11,Railgun,14,0,0,0,0,20,8773.861713,39409.32559,-30635.46387,48183.1873
2022/10/12,Railgun,11,0,0,0,0,13,3039.720788,9706.21142,-6666.490632,12745.93221
2022/10/13,Railgun,25,0,0,0,0,24,91291.44989,24644.67285,66646.77704,115936.1227
2022/10/14,Railgun,19,0,0,0,0,22,7159.870872,16914.45795,-9754.587074,24074.32882
2022/10/15,Railgun,12,0,0,0,0,16,4811.310912,13262.16772,-8450.85681,18073.47863
2022/10/16,Railgun,6,0,0,0,0,2,6805.073906,0,6805.073906,6805.073906
2022/10/17,Railgun,6,0,0,0,0,19,30173.87013,16569.82554,13604.04459,46743.69566
2022/10/18,Railgun,13,0,0,0,0,29,30094.05217,27711.21693,2382.835243,57805.2691
2022/10/19,Railgun,12,0,0,0,0,24,32413.81346,24052.42661,8361.386851,56466.24007
2022/10/20,Railgun,16,0,0,0,0,14,13579.3924,6997.286074,6582.106321,20576.67847
2022/10/21,Railgun,15,0,0,0,0,10,25782.55857,21730.3243,4052.234268,47512.88287
2022/10/22,Railgun,22,0,0,0,0,31,97350.81603,65554.66193,31796.1541,162905.478
2022/10/23,Railgun,5,0,0,0,0,10,1.10E+06,2468.125444,1.10E+06,1.10E+06
2022/10/24,Railgun,19,0,0,0,0,34,730513.885,160863.3227,569650.5623,891377.2077
2022/10/25,Railgun,14,0,0,0,0,29,5.05E+06,721734.7207,4.33E+06,5.77E+06
2022/10/26,Railgun,12,0,0,0,0,19,1247.645461,515819.677,-514572.0316,517067.3225
2022/10/27,Railgun,19,0,0,0,0,12,16229.29275,10378.32075,5850.971991,26607.6135
2022/10/28,Railgun,12,0,0,0,0,12,9130.546934,6514.887062,2615.659872,15645.434
2022/10/29,Railgun,12,0,0,0,0,15,19365.82925,10342.07694,9023.752315,29707.90619
2022/10/30,Railgun,5,0,0,0,0,3,178.1449781,272.4571301,-94.312152,450.6021082
2022/10/31,Railgun,6,0,0,0,0,5,9.526822971,8192.184841,-8182.658018,8201.711664
2022/11/1,Railgun,31,0,0,0,0,32,14123.0965,29637.6772,-15514.5807,43760.7737
2022/11/2,Railgun,24,0,0,0,0,25,117995.4001,4.48E+06,-4.36E+06,4.59E+06
2022/11/3,Railgun,33,0,0,0,0,40,247183.461,236060.3357,11123.12533,483243.7967
2022/11/4,Railgun,19,0,0,0,0,42,892710.5097,648927.3964,243783.1133,1.54E+06
2022/11/5,Railgun,23,0,0,0,0,27,69264.05277,48634.2892,20629.76357,117898.342
2022/11/6,Railgun,6,0,0,0,0,19,18731.71086,26860.87384,-8129.162977,45592.58471
2022/11/7,Railgun,8,0,0,0,0,18,74163.26336,18057.67119,56105.59217,92220.93454
2022/11/8,Railgun,21,0,0,0,0,21,152728.2638,38834.80335,113893.4604,191563.0671
2022/11/9,Railgun,18,0,0,0,0,14,168973.214,2054.326259,166918.8877,171027.5403
2022/11/10,Railgun,21,0,0,0,0,26,38354.78009,37619.29974,735.4803458,75974.07983
2022/11/11,Railgun,9,0,0,0,0,17,65257.68633,30241.21983,35016.4665,95498.90615
2022/11/12,Railgun,22,0,0,0,0,28,50351.97593,16414.03079,33937.94514,66766.00672
2022/11/13,Railgun,15,0,0,0,0,22,2862.029216,19509.04876,-16647.01954,22371.07797
2022/11/14,Railgun,4,0,0,0,0,23,5569.370883,67485.39559,-61916.02471,73054.76648
2022/11/15,Railgun,15,0,0,0,0,28,138552.3184,225609.1265,-87056.80811,364161.445
2022/11/16,Railgun,15,0,0,0,0,18,37038.53578,75550.99356,-38512.45778,112589.5293
2022/11/17,Railgun,28,0,0,0,0,72,92285.44847,82004.29171,10281.15676,174289.7402
2022/11/18,Railgun,20,0,0,0,0,28,42038.65333,54496.68013,-12458.0268,96535.33346
2022/11/19,Railgun,6,0,0,0,0,7,11723.59965,19277.75195,-7554.152298,31001.3516
2022/11/20,Railgun,21,0,0,0,0,27,11209.06826,53931.70315,-42722.63489,65140.7714
2022/11/21,Railgun,17,0,0,0,0,18,674090.0726,3648.232623,670441.84,677738.3053
2022/11/22,Railgun,21,0,0,0,0,16,68155.43327,60441.51671,7713.916558,128596.95
2022/11/23,Railgun,16,0,0,0,0,20,324511.5804,36877.35214,287634.2282,361388.9325
2022/11/24,Railgun,34,0,0,0,0,24,20373.89529,21165.5361,-791.640809,41539.43139
2022/11/25,Railgun,13,0,0,0,0,12,14398.78254,26162.91347,-11764.13093,40561.69601
2022/11/26,Railgun,15,0,0,0,0,24,250373.2635,10386.35342,239986.9101,260759.617
2022/11/27,Railgun,18,0,0,0,0,33,32537.1222,26765.80962,5771.312583,59302.93183
2022/11/28,Railgun,13,0,0,0,0,20,37785.60298,43952.169,-6166.566016,81737.77198
2022/11/29,Railgun,20,0,0,0,0,34,10016.15576,15916.3138,-5900.158032,25932.46956
2022/11/30,Railgun,25,0,0,0,0,38,27845.31657,63784.58544,-35939.26888,91629.90201
2022/12/1,Railgun,28,0,0,0,0,19,18174.00337,14240.35242,3933.650951,32414.3558
2022/12/2,Railgun,51,0,0,0,0,37,734248.3284,603564.9835,130683.345,1.34E+06
2022/12/3,Railgun,30,0,0,0,0,37,132083.1906,138300.5757,-6217.385107,270383.7664
2022/12/4,Railgun,15,0,0,0,0,22,51381.43078,24473.29438,26908.1364,75854.72516
2022/12/5,Railgun,50,0,0,0,0,55,439687.2595,298662.4487,141024.8109,738349.7082
2022/12/6,Railgun,16,0,0,0,0,9,20746.91227,9776.588743,10970.32353,30523.50102
2022/12/7,Railgun,6,0,0,0,0,8,291362.6479,129659.9297,161702.7181,421022.5776
2022/12/8,Railgun,20,0,0,0,0,37,1.31E+06,9092.213344,1.30E+06,1.32E+06
2022/12/9,Railgun,17,0,0,0,0,27,170986.3661,210961.3389,-39974.97279,381947.705
2022/12/10,Railgun,22,0,0,0,0,28,46084.32444,20674.21181,25410.11264,66758.53625
2022/12/11,Railgun,23,0,0,0,0,41,67085.88198,235192.1034,-168106.2214,302277.9854
2022/12/12,Railgun,28,0,0,0,0,49,148353.4734,133541.7661,14811.7073,281895.2395
2022/12/13,Railgun,25,0,0,0,0,40,25939.25563,53190.00353,-27250.7479,79129.25916
2022/12/14,Railgun,26,0,0,0,0,24,31684.08654,59877.38023,-28193.29369,91561.46677
2022/12/15,Railgun,26,0,0,0,0,28,30342.48644,69006.88898,-38664.40254,99349.37541
2022/12/16,Railgun,12,0,0,0,0,35,5804.224409,21462.27746,-15658.05305,27266.50187
2022/12/17,Railgun,14,0,0,0,0,28,112571.7973,58129.54972,54442.24758,170701.347
2022/12/18,Railgun,11,0,0,0,0,21,27309.25167,47226.09718,-19916.84551,74535.34885
2022/12/19,Railgun,21,0,0,0,0,36,141055.6335,145564.118,-4508.48444,286619.7515
2022/12/20,Railgun,15,0,0,0,0,18,3041.625835,8275.262312,-5233.636477,11316.88815
2022/12/21,Railgun,18,0,0,0,0,27,36004.10532,43320.52541,-7316.420084,79324.63073
2022/12/22,Railgun,19,0,0,0,0,20,19773.6292,20014.03606,-240.4068516,39787.66526
2022/12/23,Railgun,10,0,0,0,0,29,48999.19862,20496.68614,28502.51247,69495.88476
2022/12/24,Railgun,18,0,0,0,0,36,196678.0751,207361.0995,-10683.02442,404039.1746
2022/12/25,Railgun,5,0,0,0,0,20,638.5256909,14023.68535,-13385.15966,14662.21104
2022/12/26,Railgun,15,0,0,0,0,20,45466.40087,26150.39115,19316.00972,71616.79202
2022/12/27,Railgun,8,0,0,0,0,20,1472.239116,25334.48334,-23862.24422,26806.72245
2022/12/28,Railgun,20,0,0,0,0,41,102357.0101,52371.38506,49985.62503,154728.3951
2022/12/29,Railgun,19,0,0,0,0,29,30212.41868,259024.1468,-228811.7281,289236.5655
2022/12/30,Railgun,23,0,0,0,0,29,250494.4551,40197.44604,210297.0091,290691.9011
2022/12/31,Railgun,19,0,0,0,0,28,101206.3921,62578.11652,38628.27563,163784.5087
2023/1/1,Railgun,8,0,0,0,0,9,402.475409,60104.13252,-59701.65711,60506.60793
2023/1/2,Railgun,16,0,0,0,0,17,9316.242388,20948.05347,-11631.81108,30264.29586
2023/1/3,Railgun,21,0,0,0,0,33,46118.00224,38437.3271,7680.67514,84555.32933
2023/1/4,Railgun,26,0,0,0,0,30,28266.72335,29814.09853,-1547.375179,58080.82189
2023/1/5,Railgun,10,0,0,0,0,11,35409.99562,7042.876979,28367.11864,42452.8726
2023/1/6,Railgun,28,0,0,0,0,42,147862.5662,145364.6591,2497.907046,293227.2253
2023/1/7,Railgun,16,0,0,0,0,18,30894.60017,68420.64918,-37526.04902,99315.24935
2023/1/8,Railgun,12,0,0,0,0,11,29587.67991,3891.814082,25695.86583,33479.49399
2023/1/9,Railgun,16,0,0,0,0,16,6496.153905,62616.7806,-56120.62669,69112.9345
2023/1/10,Railgun,20,0,0,0,0,24,18370.53355,40082.28319,-21711.74964,58452.81673
2023/1/11,Railgun,26,0,0,0,0,47,683288.1126,261746.6795,421541.433,945034.7921
2023/1/12,Railgun,18,0,0,0,0,24,9260.104298,13607.52817,-4347.423868,22867.63247
2023/1/13,Railgun,44,0,0,0,0,63,1.38E+07,1.06E+07,3.25E+06,2.44E+07
2023/1/14,Railgun,74,0,0,0,0,138,4.88E+07,5.34E+07,-4.59E+06,1.02E+08
2023/1/15,Railgun,17,0,0,0,0,7,1632.033559,7836.436984,-6204.403425,9468.470543
2023/1/16,Railgun,27,0,0,0,0,47,128508.5903,162797.9402,-34289.34991,291306.5305
2023/1/17,Railgun,52,4.5,0,4.5,4.5,31,48662.14804,56362.46402,-7700.315976,105024.6121
2023/1/18,Railgun,23,0.963140111,0,0.963140111,0.963140111,20,47515.01807,21332.65357,26182.3645,68847.67164
2023/1/19,Railgun,30,1.180658603,0,1.180658603,1.180658603,43,26330.04898,26787.90743,-457.8584563,53117.95641
2023/1/20,Railgun,58,22.36261693,0,22.36261693,22.36261693,52,87525.87579,164244.0757,-76718.19986,251769.9514
2023/1/21,Railgun,27,10.24372075,0,10.24372075,10.24372075,35,39703.56708,57590.04665,-17886.47957,97293.61373
2023/1/22,Railgun,19,16.47852585,0,16.47852585,16.47852585,31,56098.75307,74847.13611,-18748.38304,130945.8892
2023/1/23,Railgun,38,11.68234009,0,11.68234009,11.68234009,43,68403.6818,68152.42383,251.2579749,136556.1056
2023/1/24,Railgun,86,345.6175038,0,345.6175038,345.6175038,206,1.32E+06,1.14E+06,177301.528,2.47E+06
2023/1/25,Railgun,51,159.5311803,0,159.5311803,159.5311803,88,538878.6812,523579.9464,15298.7348,1.06E+06
2023/1/26,Railgun,50,101.7525609,0,101.7525609,101.7525609,97,404342.2241,590778.8715,-186436.6473,995121.0956
2023/1/27,Railgun,32,322.8695578,0,322.8695578,322.8695578,78,1.10E+06,1.13E+06,-29697.01377,2.22E+06
2023/1/28,Railgun,28,6.122076242,0.15,5.972076242,6.272076242,20,61908.21453,71616.70616,-9708.491635,133524.9207
2023/1/29,Railgun,36,67.39588369,0,67.39588369,67.39588369,66,594434.1265,199564.8217,394869.3048,793998.9482
2023/1/30,Railgun,71,24.19380554,0,24.19380554,24.19380554,98,312180.9837,300251.7949,11929.18887,612432.7786
2023/1/31,Railgun,63,10.94079458,0,10.94079458,10.94079458,101,545794.2859,631948.3876,-86154.10165,1.18E+06
2023/2/1,Railgun,60,221.5175402,0,221.5175402,221.5175402,102,1.05E+06,1.22E+06,-166018.0105,2.27E+06
2023/2/2,Railgun,93,4.135648955,0,4.135648955,4.135648955,135,822616.5019,664367.5953,158248.9065,1.49E+06
2023/2/3,Railgun,65,46.80287633,0,46.80287633,46.80287633,85,265871.4936,181563.8957,84307.5979,447435.3893
2023/2/4,Railgun,69,123.4341792,0,123.4341792,123.4341792,132,833769.0678,844432.2969,-10663.22913,1.68E+06
2023/2/5,Railgun,46,8.345145043,0,8.345145043,8.345145043,55,277773.0665,194710.0613,83063.00523,472483.1278
2023/2/6,Railgun,47,75.6305694,0,75.6305694,75.6305694,124,408420.8739,677613.5969,-269192.7231,1.09E+06
2023/2/7,Railgun,55,4.800030024,0,4.800030024,4.800030024,98,520746.6972,456646.0251,64100.67206,977392.7223
2023/2/8,Railgun,42,88.14920696,0,88.14920696,88.14920696,71,277632.7608,402132.8378,-124500.0769,679765.5986
2023/2/9,Railgun,41,38.6262407,0,38.6262407,38.6262407,63,291919.5595,129500.9737,162418.5858,421420.5332
2023/2/10,Railgun,38,24.28958106,0,24.28958106,24.28958106,91,323892.0719,75221.15453,248670.9173,399113.2264
2023/2/11,Railgun,57,261.4646783,0,261.4646783,261.4646783,94,716382.0472,737340.1564,-20958.10919,1.45E+06
2023/2/12,Railgun,31,102.0061297,0,102.0061297,102.0061297,42,410937.2054,308499.4259,102437.7795,719436.6312
2023/2/13,Railgun,60,0.20970987,0,0.20970987,0.20970987,76,23719.47961,69839.42073,-46119.94112,93558.90033
2023/2/14,Railgun,25,8.420791511,0,8.420791511,8.420791511,71,18882.97012,22421.10387,-3538.133754,41304.07399
2023/2/15,Railgun,54,45.43449251,0,45.43449251,45.43449251,51,647584.0471,697741.5869,-50157.53974,1.35E+06
2023/2/16,Railgun,93,458.3522541,0,458.3522541,458.3522541,122,1.81E+06,2.03E+06,-220647.0367,3.84E+06
2023/2/17,Railgun,75,197.5956565,0,197.5956565,197.5956565,104,782295.5908,778264.2702,4031.320671,1.56E+06
2023/2/18,Railgun,32,0,0,0,0,24,149441.9171,76400.48673,73041.43036,225842.4038
2023/2/19,Railgun,33,16.33850393,0,16.33850393,16.33850393,28,106590.0667,107920.4888,-1330.42218,214510.5555
2023/2/20,Railgun,35,24.66303793,0,24.66303793,24.66303793,74,436619.5813,462360.8797,-25741.29844,898980.461
2023/2/21,Railgun,59,56.08289794,0,56.08289794,56.08289794,94,324910.0232,237121.4129,87788.61028,562031.4361
2023/2/22,Railgun,37,42.26262646,0,42.26262646,42.26262646,76,115748.9277,165684.2129,-49935.28528,281433.1406
2023/2/23,Railgun,40,25.7537997,0,25.7537997,25.7537997,91,117393.017,87359.60384,30033.41318,204752.6209
2023/2/24,Railgun,52,857.916182,0,857.916182,857.916182,87,2.89E+06,3.01E+06,-113115.7257,5.90E+06
2023/2/25,Railgun,31,90.55132247,0,90.55132247,90.55132247,44,209138.084,294415.8882,-85277.80417,503553.9721
2023/2/26,Railgun,45,7.912079447,0,7.912079447,7.912079447,23,118880.3034,35661.02404,83219.27934,154541.3274
2023/2/27,Railgun,27,17.83901634,0,17.83901634,17.83901634,41,484199.2287,55374.36029,428824.8684,539573.589
2023/2/28,Railgun,64,43.03637707,0,43.03637707,43.03637707,152,1.21E+06,415829.5583,798824.6124,1.63E+06
2023/3/1,Railgun,31,1.295012641,0,1.295012641,1.295012641,40,74535.24184,173783.1774,-99247.93559,248318.4193
2023/3/2,Railgun,33,619.8842157,0,619.8842157,619.8842157,75,2.07E+06,2.06E+06,8928.854609,4.12E+06
2023/3/3,Railgun,31,6.833277752,0,6.833277752,6.833277752,50,373794.0464,232636.2053,141157.8411,606430.2517
2023/3/4,Railgun,28,6.326096341,0,6.326096341,6.326096341,38,33735.45384,33964.15445,-228.7006104,67699.60829
2023/3/5,Railgun,37,247.6481206,0,247.6481206,247.6481206,76,989044.2268,995419.7165,-6375.489645,1.98E+06
2023/3/6,Railgun,39,100.8988304,0,100.8988304,100.8988304,33,230997.1494,380753.3833,-149756.2339,611750.5326
2023/3/7,Railgun,32,0.489299359,0,0.489299359,0.489299359,57,680110.1824,527656.1637,152454.0187,1.21E+06
2023/3/8,Railgun,45,76.40660241,0,76.40660241,76.40660241,94,290761.1697,430703.7577,-139942.5879,721464.9274
2023/3/9,Railgun,50,10.12729641,0,10.12729641,10.12729641,51,62927.59529,208732.9833,-145805.388,271660.5786
2023/3/10,Railgun,21,1.010002323,0,1.010002323,1.010002323,26,15271.44145,215615.6143,-200344.1728,230887.0557
2023/3/11,Railgun,16,4.760748354,0,4.760748354,4.760748354,24,206275.5518,143708.4736,62567.07814,349984.0254
2023/3/12,Railgun,50,18.39152623,0,18.39152623,18.39152623,76,438779.8839,742774.4201,-303994.5362,1.18E+06
2023/3/13,Railgun,34,19.12675129,0,19.12675129,19.12675129,56,69755.34677,91709.44907,-21954.1023,161464.7958
2023/3/14,Railgun,38,115.1438365,0,115.1438365,115.1438365,89,558011.0744,618388.7777,-60377.70333,1.18E+06
2023/3/15,Railgun,25,70.19850985,0,70.19850985,70.19850985,51,394702.1213,256812.4358,137889.6854,651514.5571
2023/3/16,Railgun,55,103.7088979,0,103.7088979,103.7088979,106,518040.5076,643099.4261,-125058.9185,1.16E+06
2023/3/17,Railgun,25,1.7819581,0,1.7819581,1.7819581,49,92588.12477,232125.1083,-139536.9835,324713.233
2023/3/18,Railgun,50,650.5805076,0,650.5805076,650.5805076,95,3.33E+06,2.53E+06,799330.8489,5.87E+06
2023/3/19,Railgun,49,435.0711792,0,435.0711792,435.0711792,98,1.78E+06,2.58E+06,-801627.0175,4.35E+06
2023/3/20,Railgun,35,25.63877853,0,25.63877853,25.63877853,55,173366.7995,453406.5902,-280039.7907,626773.3896
2023/3/21,Railgun,87,36.36849173,0,36.36849173,36.36849173,211,337210.8259,444996.6347,-107785.8088,782207.4606
2023/3/22,Railgun,37,15.24048128,0,15.24048128,15.24048128,59,108143.6532,66621.94418,41521.70904,174765.5974
2023/3/23,Railgun,53,35.40178055,0,35.40178055,35.40178055,112,165168.2567,317523.6125,-152355.3558,482691.8693
2023/3/24,Railgun,68,48.04193366,0,48.04193366,48.04193366,139,463648.2108,458938.2961,4709.914682,922586.5069
2023/3/25,Railgun,53,689.5657595,0,689.5657595,689.5657595,149,3.04E+06,2.94E+06,95683.01274,5.98E+06
2023/3/26,Railgun,53,535.1902697,0,535.1902697,535.1902697,134,2.02E+06,2.02E+06,-138.9799898,4.04E+06
2023/3/27,Railgun,39,1537.830485,0,1537.830485,1537.830485,89,5.67E+06,5.28E+06,389789.6026,1.10E+07
2023/3/28,Railgun,41,7.493331707,0,7.493331707,7.493331707,97,217804.1858,112634.7721,105169.4136,330438.9579
2023/3/29,Railgun,41,137.9760092,0,137.9760092,137.9760092,67,607875.1534,958596.6555,-350721.5021,1.57E+06
2023/3/30,Railgun,34,25.99650509,0,25.99650509,25.99650509,59,869379.127,492999.3861,376379.7408,1.36E+06
2023/3/31,Railgun,72,72.75643672,0,72.75643672,72.75643672,150,319602.6733,661286.827,-341684.1537,980889.5003
2023/4/1,Railgun,41,118.9535946,0,118.9535946,118.9535946,74,763753.3749,567136.6461,196616.7288,1.33E+06
2023/4/2,Railgun,31,7.860470006,0,7.860470006,7.860470006,55,151128.5476,31066.24058,120062.307,182194.7882
2023/4/3,Railgun,56,46.76073189,0,46.76073189,46.76073189,113,535286.1836,740615.9789,-205329.7953,1.28E+06
2023/4/4,Railgun,50,55.75558907,0,55.75558907,55.75558907,96,385035.2739,504101.0664,-119065.7926,889136.3403
2023/4/5,Railgun,41,17.98629046,0,17.98629046,17.98629046,74,265857.1011,295412.8941,-29555.79308,561269.9952
2023/4/6,Railgun,41,37.10999287,0,37.10999287,37.10999287,74,335164.3124,308407.6051,26756.70728,643571.9175
2023/4/7,Railgun,35,62.01254288,0,62.01254288,62.01254288,89,202288.6289,432686.7837,-230398.1548,634975.4127
2023/4/8,Railgun,44,74.15108687,0,74.15108687,74.15108687,82,623162.0324,429875.9636,193286.0688,1.05E+06
2023/4/9,Railgun,49,67.23006129,0,67.23006129,67.23006129,61,313369.1659,321150.8895,-7781.723653,634520.0554
2023/4/10,Railgun,48,19.40657885,0,19.40657885,19.40657885,78,530741.2305,258625.8402,272115.3902,789367.0707
2023/4/11,Railgun,21,45.46381985,0,45.46381985,45.46381985,33,206010.7291,118579.5316,87431.19744,324590.2607
2023/4/12,Railgun,34,8.563270091,0,8.563270091,8.563270091,62,160319.9727,151301.0465,9018.92618,311621.0192
2023/4/13,Railgun,32,75.64321294,0,75.64321294,75.64321294,76,263147.5963,280687.1843,-17539.58796,543834.7806
2023/4/14,Railgun,61,4131.648595,0,4131.648595,4131.648595,127,1.73E+07,1.72E+07,59777.15974,3.45E+07
2023/4/15,Railgun,58,7674.694811,0,7674.694811,7674.694811,139,3.19E+07,3.19E+07,19851.03966,6.38E+07
2023/4/16,Railgun,43,54.53513571,0,54.53513571,54.53513571,82,266572.6433,278522.5095,-11949.8662,545095.1528
2023/4/17,Railgun,37,918.1832846,0,918.1832846,918.1832846,74,2.13E+06,2.20E+06,-68238.67478,4.32E+06
2023/4/18,Railgun,75,676.8888667,0,676.8888667,676.8888667,155,1.91E+06,1.94E+06,-38362.78053,3.85E+06
2023/4/19,Railgun,29,10.54521399,0,10.54521399,10.54521399,68,166444.3694,179658.0161,-13213.64669,346102.3856
2023/4/20,Railgun,45,55.13630638,0,55.13630638,55.13630638,77,517830.0904,386139.2334,131690.857,903969.3238
2023/4/21,Railgun,37,12.99652585,0,12.99652585,12.99652585,91,971558.7093,763565.5084,207993.2009,1.74E+06
2023/4/22,Railgun,31,6.663211259,0,6.663211259,6.663211259,60,155180.8879,242985.5312,-87804.64325,398166.4191
2023/4/23,Railgun,24,15.93667181,0,15.93667181,15.93667181,40,546084.8473,126342.0943,419742.753,672426.9416
2023/4/24,Railgun,43,1235.746545,0,1235.746545,1235.746545,114,5.34E+06,5.20E+06,135977.2142,1.05E+07
2023/4/25,Railgun,55,29.05209603,0,29.05209603,29.05209603,120,207559.9567,280383.9912,-72824.03456,487943.9479
2023/4/26,Railgun,54,61.04692194,0,61.04692194,61.04692194,154,825240.8983,954728.369,-129487.4708,1.78E+06
2023/4/27,Railgun,22,3.197036629,0,3.197036629,3.197036629,41,133364.8608,149035.1441,-15670.28326,282400.0049
2023/4/28,Railgun,50,115.4836805,0,115.4836805,115.4836805,111,1.22E+06,977401.8301,242080.8329,2.20E+06
2023/4/29,Railgun,38,28.38929073,0,28.38929073,28.38929073,102,296130.1609,269161.2471,26968.91384,565291.408
2023/4/30,Railgun,42,125.4881117,0,125.4881117,125.4881117,63,1.23E+06,1.13E+06,94332.49105,2.36E+06
2023/5/1,Railgun,29,61.72856447,0,61.72856447,61.72856447,74,1.52E+06,1.45E+06,65398.21136,2.97E+06
2023/5/2,Railgun,36,1227.182444,0,1227.182444,1227.182444,98,3.04E+06,2.94E+06,100392.17,5.99E+06
2023/5/3,Railgun,27,45.89064641,0,45.89064641,45.89064641,79,1.56E+06,1.69E+06,-132478.6014,3.25E+06
2023/5/4,Railgun,48,419.7535062,0,419.7535062,419.7535062,97,1.67E+06,1.60E+06,76387.85358,3.27E+06
2023/5/5,Railgun,35,1002.936809,0,1002.936809,1002.936809,88,3.83E+06,3.84E+06,-9374.516568,7.67E+06
2023/5/6,Railgun,22,25.74502032,0,25.74502032,25.74502032,59,110167.8072,116243.052,-6075.244813,226410.8592
2023/5/7,Railgun,33,231.8753526,0,231.8753526,231.8753526,56,583706.0569,579411.5931,4294.46374,1.16E+06
2023/5/8,Railgun,27,79.79917586,0,79.79917586,79.79917586,71,709464.4659,577943.3661,131521.0997,1.29E+06
2023/5/9,Railgun,75,97.91251796,0,97.91251796,97.91251796,150,417393.6252,606006.0183,-188612.3931,1.02E+06
2023/5/10,Railgun,33,208.6233764,0,208.6233764,208.6233764,79,827932.3605,717675.0676,110257.293,1.55E+06
2023/5/11,Railgun,10,28.1834969,0,28.1834969,28.1834969,17,70972.90279,61759.36291,9213.539872,132732.2657
2023/5/12,Railgun,34,28.64164078,0,28.64164078,28.64164078,89,181968.1876,279519.8065,-97551.61898,461487.9941
2023/5/13,Railgun,23,55.36396244,0,55.36396244,55.36396244,52,316493.4341,391592.602,-75099.16795,708086.0361
2023/5/14,Railgun,20,9.576487114,0,9.576487114,9.576487114,43,94526.71184,349247.6506,-254720.9387,443774.3624
2023/5/15,Railgun,30,203.6867529,0,203.6867529,203.6867529,74,735324.0006,468542.8283,266781.1723,1.20E+06
2023/5/16,Railgun,36,347.5961913,0,347.5961913,347.5961913,89,787208.5828,1.48E+06,-696121.7419,2.27E+06
2023/5/17,Railgun,35,49.30346518,0,49.30346518,49.30346518,74,702478.4265,671505.1398,30973.28669,1.37E+06
2023/5/18,Railgun,26,26.5617731,0,26.5617731,26.5617731,73,268231.4281,219304.2274,48927.2007,487535.6554
2023/5/19,Railgun,14,46.36784494,0,46.36784494,46.36784494,33,93837.67394,94317.49223,-479.8182954,188155.1662
2023/5/20,Railgun,28,53.56673549,0,53.56673549,53.56673549,61,151410.7314,147973.648,3437.083374,299384.3794
2023/5/21,Railgun,26,249.0387264,0,249.0387264,249.0387264,55,573059.7453,561010.5068,12049.23844,1.13E+06
2023/5/22,Railgun,40,40.63918709,0,40.63918709,40.63918709,85,224133.5267,531715.8975,-307582.3708,755849.4241
2023/5/23,Railgun,36,6.984833747,0,6.984833747,6.984833747,76,126125.3028,513198.4089,-387073.1062,639323.7117
2023/5/24,Railgun,53,201.2454256,0,201.2454256,201.2454256,109,843041.2724,1.17E+06,-331385.1312,2.02E+06
2023/5/25,Railgun,32,19.84949661,0,19.84949661,19.84949661,59,284407.5913,226171.7201,58235.87121,510579.3114
2023/5/26,Railgun,40,388.34208,0,388.34208,388.34208,99,1.72E+06,1.65E+06,75949.85726,3.37E+06
2023/5/27,Railgun,29,254.6047081,0,254.6047081,254.6047081,53,1.29E+06,1.31E+06,-22874.88427,2.60E+06
2023/5/28,Railgun,60,755.2558527,0,755.2558527,755.2558527,123,2.17E+06,2.29E+06,-113986.759,4.46E+06
2023/5/29,Railgun,54,72.65567686,0,72.65567686,72.65567686,124,1.52E+06,1.43E+06,89418.55479,2.95E+06
2023/5/30,Railgun,48,429.6128704,0,429.6128704,429.6128704,107,1.05E+06,1.31E+06,-260458.5282,2.37E+06
2023/5/31,Railgun,45,718.8366574,0,718.8366574,718.8366574,144,2.91E+06,2.98E+06,-69095.01336,5.89E+06
2023/6/1,Railgun,41,141.020449,0,141.020449,141.020449,88,777414.0127,647108.9784,130305.0343,1.42E+06
2023/6/2,Railgun,50,198.7289511,0,198.7289511,198.7289511,151,1.53E+06,1.56E+06,-34882.17531,3.09E+06
2023/6/3,Railgun,23,175.2574631,0,175.2574631,175.2574631,52,2.06E+06,2.09E+06,-30920.54409,4.15E+06
2023/6/4,Railgun,51,17.63844947,0,17.63844947,17.63844947,83,277732.9115,90925.8763,186807.0352,368658.7878
2023/6/5,Railgun,30,316.5029263,0,316.5029263,316.5029263,92,2.54E+06,2.46E+06,82825.62556,5.00E+06
2023/6/6,Railgun,17,6.709727358,0,6.709727358,6.709727358,39,679019.9529,705704.5494,-26684.59642,1.38E+06
2023/6/7,Railgun,41,16.59893768,0,16.59893768,16.59893768,83,395587.7525,481217.2543,-85629.50185,876805.0068
2023/6/8,Railgun,32,161.4246036,0,161.4246036,161.4246036,61,515910.0602,342721.8715,173188.1886,858631.9317
2023/6/9,Railgun,41,22.067431,0,22.067431,22.067431,148,845005.555,1.54E+06,-694908.1867,2.38E+06
2023/6/10,Railgun,38,15.56600594,0,15.56600594,15.56600594,71,427142.1258,383044.9735,44097.15227,810187.0993
2023/6/11,Railgun,24,3.184606896,0,3.184606896,3.184606896,55,323617.3107,309558.2523,14059.05839,633175.5631
2023/6/12,Railgun,68,171.9305951,0,171.9305951,171.9305951,163,1.40E+06,1.72E+06,-312905.34,3.12E+06
2023/6/13,Railgun,56,73.64837407,0,73.64837407,73.64837407,104,1.18E+06,765864.9683,416533.0169,1.95E+06
2023/6/14,Railgun,49,72.96817079,0,72.96817079,72.96817079,113,211319.5446,481789.3502,-270469.8057,693108.8948
2023/6/15,Railgun,57,147.8937102,0,147.8937102,147.8937102,146,912490.0185,1.00E+06,-92266.85641,1.92E+06
2023/6/16,Railgun,54,103.8788747,0,103.8788747,103.8788747,121,1.03E+06,1.09E+06,-63384.82055,2.12E+06
2023/6/17,Railgun,30,45.75796991,0,45.75796991,45.75796991,78,340204.2343,686958.622,-346754.3877,1.03E+06
2023/6/18,Railgun,32,8.988341503,0,8.988341503,8.988341503,86,200763.1571,204149.6478,-3386.490653,404912.8049
2023/6/19,Railgun,41,32.61395272,0,32.61395272,32.61395272,96,832011.8546,352679.1503,479332.7042,1.18E+06
2023/6/20,Railgun,31,647.0064416,0,647.0064416,647.0064416,64,1.31E+06,1.21E+06,99121.54776,2.52E+06
2023/6/21,Railgun,45,21.91517536,0,21.91517536,21.91517536,111,213825.1675,254329.9837,-40504.81616,468155.1512
2023/6/22,Railgun,40,47.02840093,0,47.02840093,47.02840093,85,212138.4685,226787.8175,-14649.34899,438926.286
2023/6/23,Railgun,40,79.90137962,0,79.90137962,79.90137962,91,415005.6773,515030.9132,-100025.2359,930036.5905
2023/6/24,Railgun,45,70.33265667,0,70.33265667,70.33265667,84,243373.0982,441002.5215,-197629.4233,684375.6197
2023/6/25,Railgun,97,365.3543177,0,365.3543177,365.3543177,241,999541.8799,922029.4844,77512.3955,1.92E+06
2023/6/26,Railgun,80,61.29829442,0,61.29829442,61.29829442,112,767808.5632,840281.7193,-72473.15618,1.61E+06
2023/6/27,Railgun,38,54.03489151,0,54.03489151,54.03489151,73,567723.9643,526765.0485,40958.91581,1.09E+06
2023/6/28,Railgun,61,137.320694,0,137.320694,137.320694,188,553157.7625,709452.9364,-156295.1738,1.26E+06
2023/6/29,Railgun,62,174.2747994,0,174.2747994,174.2747994,169,689826.9287,770546.3567,-80719.42799,1.46E+06
2023/6/30,Railgun,78,141.2913791,0,141.2913791,141.2913791,217,895414.844,920525.5257,-25110.68169,1.82E+06
2023/7/1,Railgun,50,189.3339552,0,189.3339552,189.3339552,135,732352.9542,1.04E+06,-308620.1038,1.77E+06
2023/7/2,Railgun,43,92.49308602,0,92.49308602,92.49308602,107,472671.8044,559528.2227,-86856.41837,1.03E+06
2023/7/3,Railgun,64,1241.160039,0,1241.160039,1241.160039,141,4.94E+06,4.97E+06,-23625.57699,9.91E+06
2023/7/4,Railgun,42,120.9509234,0,120.9509234,120.9509234,96,1.75E+06,1.80E+06,-42866.88631,3.55E+06
2023/7/5,Railgun,38,12.18209424,0,12.18209424,12.18209424,108,505799.6314,508640.474,-2840.84265,1.01E+06
2023/7/6,Railgun,56,90.05557365,0,90.05557365,90.05557365,128,453325.5313,409131.9097,44193.62156,862457.441
2023/7/7,Railgun,19,0.598490403,0,0.598490403,0.598490403,41,51493.69506,159727.8819,-108234.1869,211221.577
2023/7/8,Railgun,32,103.7401215,0,103.7401215,103.7401215,79,1.09E+06,1.19E+06,-98319.06494,2.28E+06
2023/7/9,Railgun,40,169.5597517,0,169.5597517,169.5597517,100,640571.8381,670905.0745,-30333.23631,1.31E+06
2023/7/10,Railgun,35,96.26609754,0,96.26609754,96.26609754,90,298873.0188,372597.9896,-73724.97075,671471.0084
2023/7/11,Railgun,49,132.4626658,0,132.4626658,132.4626658,100,702531.999,788848.3577,-86316.35868,1.49E+06
2023/7/12,Railgun,38,29.24940439,0,29.24940439,29.24940439,88,195067.0219,197413.7599,-2346.737977,392480.7818
2023/7/13,Railgun,39,156.4724788,0,156.4724788,156.4724788,95,1.07E+06,930757.6175,136153.0307,2.00E+06
2023/7/14,Railgun,44,823.7148762,0,823.7148762,823.7148762,97,2.23E+06,2.53E+06,-298278.5109,4.76E+06
2023/7/15,Railgun,46,16.14748577,0,16.14748577,16.14748577,97,1.25E+06,398507.3303,853575.935,1.65E+06
2023/7/16,Railgun,59,19.77639795,0,19.77639795,19.77639795,97,151974.3575,547159.2397,-395184.8822,699133.5972
2023/7/17,Railgun,65,17.30386683,0,17.30386683,17.30386683,159,1.02E+06,926619.1378,94447.04103,1.95E+06
2023/7/18,Railgun,36,3.100434699,0,3.100434699,3.100434699,77,313944.6663,289217.8436,24726.82266,603162.5099
2023/7/19,Railgun,29,53.22551445,0,53.22551445,53.22551445,80,140287.0974,161394.9302,-21107.83279,301682.0276
2023/7/20,Railgun,61,248.0384432,0,248.0384432,248.0384432,151,1.68E+06,2.07E+06,-389031.0478,3.75E+06
2023/7/21,Railgun,49,121.9680346,0,121.9680346,121.9680346,156,1.08E+06,1.34E+06,-252910.5488,2.42E+06
2023/7/22,Railgun,70,51.83924882,0,51.83924882,51.83924882,182,1.08E+06,887553.1108,189346.0327,1.96E+06
2023/7/23,Railgun,48,213.4190187,0,213.4190187,213.4190187,142,930574.6465,934772.7147,-4198.068198,1.87E+06
2023/7/24,Railgun,54,60.72975156,0,60.72975156,60.72975156,105,1.86E+06,1.94E+06,-78957.99435,3.81E+06
2023/7/25,Railgun,51,21.33739441,0,21.33739441,21.33739441,404,180642.7056,312792.7776,-132150.0719,493435.4832
2023/7/26,Railgun,24,403.3634932,0,403.3634932,403.3634932,43,834804.8478,819438.1341,15366.71369,1.65E+06
2023/7/27,Railgun,22,20.98199097,0,20.98199097,20.98199097,46,115684.8677,146423.3611,-30738.49342,262108.2289
2023/7/28,Railgun,19,7.704169293,0,7.704169293,7.704169293,45,68384.19535,49986.92423,18397.27112,118371.1196
2023/7/29,Railgun,24,28.37045958,0,28.37045958,28.37045958,45,730558.8932,684599.7378,45959.15541,1.42E+06
2023/7/30,Railgun,47,59.3108061,0,59.3108061,59.3108061,113,401400.6,297055.436,104345.1641,698456.036
2023/7/31,Railgun,46,26.94841242,0,26.94841242,26.94841242,122,138553.2539,184162.3157,-45609.06185,322715.5696
2023/8/1,Railgun,75,118.6384849,0,118.6384849,118.6384849,189,664395.8023,654151.2054,10244.59691,1.32E+06
2023/8/2,Railgun,28,73.15195596,0,73.15195596,73.15195596,93,274290.7544,301730.5388,-27439.78435,576021.2932
2023/8/3,Railgun,30,104.4748686,0,104.4748686,104.4748686,65,421894.4891,452474.623,-30580.13396,874369.1121
2023/8/4,Railgun,47,63.20760333,0,63.20760333,63.20760333,133,308813.2699,342421.1773,-33607.90741,651234.4472
2023/8/5,Railgun,35,267.2928978,0,267.2928978,267.2928978,96,1.22E+06,1.27E+06,-49149.73671,2.49E+06
2023/8/6,Railgun,50,309.0811275,0,309.0811275,309.0811275,145,1.19E+06,1.21E+06,-22648.11058,2.39E+06
2023/8/7,Railgun,82,1173.151425,0,1173.151425,1173.151425,216,4.28E+06,4.59E+06,-310977.7854,8.86E+06
2023/8/8,Railgun,45,122.0784651,0,122.0784651,122.0784651,102,326586.6351,329579.6335,-2992.998426,656166.2687
2023/8/9,Railgun,40,216.8883184,0,216.8883184,216.8883184,126,941359.7555,994128.8685,-52769.11307,1.94E+06
2023/8/10,Railgun,29,73.29928566,0,73.29928566,73.29928566,68,386036.0075,366594.1419,19441.86563,752630.1495
2023/8/11,Railgun,34,14.92748206,0,14.92748206,14.92748206,109,850959.2213,753666.0325,97293.18883,1.60E+06
2023/8/12,Railgun,30,112.6101239,0,112.6101239,112.6101239,72,465792.9249,416425.683,49367.24192,882218.608
2023/8/13,Railgun,56,502.5297317,0,502.5297317,502.5297317,136,1.16E+06,1.10E+06,61886.72137,2.27E+06
2023/8/14,Railgun,55,916.3531747,0,916.3531747,916.3531747,144,3.61E+06,4.10E+06,-495513.7115,7.71E+06
2023/8/15,Railgun,50,182.1571334,0,182.1571334,182.1571334,125,1.44E+06,1.84E+06,-395984.4071,3.28E+06
2023/8/16,Railgun,59,557.3993054,0,557.3993054,557.3993054,153,2.22E+06,2.19E+06,29269.5092,4.42E+06
2023/8/17,Railgun,41,427.9973688,0,427.9973688,427.9973688,107,1.82E+06,1.82E+06,-1784.15254,3.64E+06
2023/8/18,Railgun,57,188.1951919,0,188.1951919,188.1951919,171,702885.3454,805912.9686,-103027.6232,1.51E+06
2023/8/19,Railgun,33,179.8719806,0,179.8719806,179.8719806,71,504347.9542,563869.0794,-59521.1252,1.07E+06
2023/8/20,Railgun,44,219.7820076,0,219.7820076,219.7820076,90,780839.2376,598978.5355,181860.7021,1.38E+06
2023/8/21,Railgun,58,156.038124,0,156.038124,156.038124,161,823314.0026,590457.6568,232856.3459,1.41E+06
2023/8/22,Railgun,42,313.7382587,0,313.7382587,313.7382587,93,1.37E+06,1.44E+06,-64814.48329,2.81E+06
2023/8/23,Railgun,48,25.25126504,0,25.25126504,25.25126504,100,426079.731,545329.3068,-119249.5758,971409.0378
2023/8/24,Railgun,53,145.2703782,0,145.2703782,145.2703782,141,774929.2768,781235.2437,-6305.966908,1.56E+06
2023/8/25,Railgun,27,10.76638271,0,10.76638271,10.76638271,59,276095.5912,286011.9398,-9916.348572,562107.531
2023/8/26,Railgun,29,558.4582105,0,558.4582105,558.4582105,93,1.17E+06,1.22E+06,-49399.65621,2.39E+06
2023/8/27,Railgun,37,40.41838722,0,40.41838722,40.41838722,93,160158.9934,149787.0787,10371.91472,309946.0721
2023/8/28,Railgun,28,16.24773228,0,16.24773228,16.24773228,71,269310.6374,120611.4628,148699.1746,389922.1002
2023/8/29,Railgun,31,42.8203981,0,42.8203981,42.8203981,76,130565.3987,173192.952,-42627.55332,303758.3507
2023/8/30,Railgun,53,84.92751174,0,84.92751174,84.92751174,150,756417.7039,1.23E+06,-472280.7411,1.99E+06
2023/8/31,Railgun,39,217.6829594,0,217.6829594,217.6829594,86,467901.3995,473499.0985,-5597.69902,941400.4981
2023/9/1,Railgun,36,349.4881301,0,349.4881301,349.4881301,79,633599.3626,624074.5179,9524.844656,1.26E+06
2023/9/2,Railgun,39,117.6082389,0,117.6082389,117.6082389,107,302184.3413,342082.7303,-39898.38892,644267.0716
2023/9/3,Railgun,28,222.4402195,0,222.4402195,222.4402195,61,809732.5831,1.19E+06,-379795.7111,2.00E+06
2023/9/4,Railgun,38,440.1895771,0,440.1895771,440.1895771,86,1.13E+06,1.10E+06,28398.97118,2.23E+06
2023/9/5,Railgun,35,35.46741483,0,35.46741483,35.46741483,81,188109.9142,417916.4031,-229806.4889,606026.3173
2023/9/6,Railgun,63,688.7607976,0,688.7607976,688.7607976,155,1.18E+06,1.20E+06,-24091.40641,2.38E+06
2023/9/7,Railgun,60,81.0304409,0,81.0304409,81.0304409,176,538144.6969,629990.1059,-91845.40903,1.17E+06
2023/9/8,Railgun,75,103.2335281,0,103.2335281,103.2335281,205,679320.7684,516230.0133,163090.7551,1.20E+06
2023/9/9,Railgun,31,177.0313991,0,177.0313991,177.0313991,94,663120.6646,658090.3664,5030.298189,1.32E+06
2023/9/10,Railgun,37,36.74815346,0,36.74815346,36.74815346,94,106983.2018,164568.0239,-57584.82216,271551.2257
2023/9/11,Railgun,33,59.94769239,0,59.94769239,59.94769239,67,712525.3828,714196.8069,-1671.424084,1.43E+06
2023/9/12,Railgun,44,322.0775496,0,322.0775496,322.0775496,104,2.11E+06,2.28E+06,-168561.4977,4.39E+06
2023/9/13,Railgun,33,257.3173392,0,257.3173392,257.3173392,83,1.11E+06,626178.8461,482707.6891,1.74E+06
2023/9/14,Railgun,66,81.91640125,0,81.91640125,81.91640125,185,323801.0191,529578.4253,-205777.4063,853379.4444
2023/9/15,Railgun,51,76.10407324,0,76.10407324,76.10407324,87,269161.0042,371606.3724,-102445.3682,640767.3766
2023/9/16,Railgun,67,157.7737481,0,157.7737481,157.7737481,158,633521.0381,563618.0989,69902.93924,1.20E+06
2023/9/17,Railgun,35,4.470752511,0,4.470752511,4.470752511,97,644682.9367,672538.262,-27855.32525,1.32E+06
2023/9/18,Railgun,37,203.2601061,0,203.2601061,203.2601061,63,507535.9866,438557.6642,68978.3224,946093.6508
2023/9/19,Railgun,45,32.55590613,0,32.55590613,32.55590613,140,780622.7577,753706.776,26915.98166,1.53E+06
2023/9/20,Railgun,39,97.08781266,0,97.08781266,97.08781266,112,278460.5552,344479.6564,-66019.1012,622940.2116
2023/9/21,Railgun,62,544.6634793,0,544.6634793,544.6634793,168,1.17E+06,1.24E+06,-76737.90336,2.41E+06
2023/9/22,Railgun,57,177.7162834,0,177.7162834,177.7162834,124,1.68E+06,1.82E+06,-143776.3486,3.51E+06
2023/9/23,Railgun,38,42.90620881,0,42.90620881,42.90620881,75,406980.6144,395389,11591.61443,802369.6143
2023/9/24,Railgun,49,314.5843949,0,314.5843949,314.5843949,118,2.57E+06,1.07E+06,1.49E+06,3.64E+06
2023/9/25,Railgun,79,81.49879838,0,81.49879838,81.49879838,169,672722.7883,910896.7115,-238173.9233,1.58E+06
2023/9/26,Railgun,45,40.18948783,0,40.18948783,40.18948783,94,120963.8693,276377.8522,-155413.9828,397341.7215
2023/9/27,Railgun,27,10.36468498,0,10.36468498,10.36468498,87,84176.91247,519626.5497,-435449.6373,603803.4622
2023/9/28,Railgun,60,164.1887291,0,164.1887291,164.1887291,182,850306.7301,868694.0323,-18387.30228,1.72E+06
2023/9/29,Railgun,55,81.84819281,0,81.84819281,81.84819281,129,758124.8321,727038.3017,31086.53044,1.49E+06
2023/9/30,Railgun,28,1448.756295,0,1448.756295,1448.756295,71,4.55E+06,4.57E+06,-13566.79421,9.12E+06
2023/10/1,Railgun,96,977.279823,0,977.279823,977.279823,265,3.29E+06,3.45E+06,-167981.7057,6.74E+06
2023/10/2,Railgun,49,130.2550814,0,130.2550814,130.2550814,124,517533.6374,522037.0284,-4503.391022,1.04E+06
2023/10/3,Railgun,61,311.2611088,0,311.2611088,311.2611088,189,1.06E+06,1.01E+06,49090.79956,2.07E+06
2023/10/4,Railgun,63,150.5748451,0,150.5748451,150.5748451,175,622298.9221,558356.0636,63942.8585,1.18E+06
2023/10/5,Railgun,31,396.3512409,0,396.3512409,396.3512409,80,1.13E+06,1.14E+06,-3292.615659,2.27E+06
2023/10/6,Railgun,56,124.681158,0,124.681158,124.681158,182,709288.0255,583916.649,125371.3765,1.29E+06
2023/10/7,Railgun,33,126.6078232,0,126.6078232,126.6078232,84,326844.0716,328033.9693,-1189.897727,654878.0409
2023/10/8,Railgun,57,80.54370758,0,80.54370758,80.54370758,158,628037.3237,373060.0371,254977.2866,1.00E+06
2023/10/9,Railgun,51,50.79243191,0,50.79243191,50.79243191,113,402101.5858,316184.0708,85917.51502,718285.6566
2023/10/10,Railgun,52,200.9259736,0,200.9259736,200.9259736,122,475778.2863,545748.8211,-69970.53481,1.02E+06
2023/10/11,Railgun,55,362.0869429,0,362.0869429,362.0869429,150,956925.697,979277.0333,-22351.33638,1.94E+06
2023/10/12,Railgun,56,96.11307451,0,96.11307451,96.11307451,125,414828.2266,353959.317,60868.90957,768787.5436
2023/10/13,Railgun,48,56.7471371,0,56.7471371,56.7471371,110,366295.0235,398013.8195,-31718.79597,764308.843
2023/10/14,Railgun,38,29.75258794,0,29.75258794,29.75258794,124,302118.9504,312629.8066,-10510.85613,614748.757
2023/10/15,Railgun,35,3.951961039,0,3.951961039,3.951961039,55,79615.94471,84556.44203,-4940.497321,164172.3867
2023/10/16,Railgun,40,24.28330964,0,24.28330964,24.28330964,128,287259.3841,246422.9446,40836.4395,533682.3287
2023/10/17,Railgun,34,54.32652164,0,54.32652164,54.32652164,95,392653.8875,533043.0141,-140389.1266,925696.9016
2023/10/18,Railgun,47,173.8794414,0,173.8794414,173.8794414,144,589159.3629,590758.3628,-1598.99997,1.18E+06
2023/10/19,Railgun,81,760.0435769,0,760.0435769,760.0435769,185,1.88E+06,1.52E+06,361526.5743,3.40E+06
2023/10/20,Railgun,49,146.888858,0,146.888858,146.888858,103,370180.8694,341691.2782,28489.59128,711872.1476
2023/10/21,Railgun,61,104.2712335,0,104.2712335,104.2712335,161,1.77E+06,2.78E+06,-1.01E+06,4.56E+06
2023/10/22,Railgun,70,892.0247742,0,892.0247742,892.0247742,225,4.28E+06,4.97E+06,-684658.9555,9.25E+06
2023/10/23,Railgun,67,203.0637601,0,203.0637601,203.0637601,163,1.09E+06,887796.9726,205794.119,1.98E+06
2023/10/24,Railgun,52,211.6807206,0,211.6807206,211.6807206,135,542298.8751,681949.5803,-139650.7052,1.22E+06
2023/10/25,Railgun,73,978.6116626,0,978.6116626,978.6116626,203,3.48E+06,4.20E+06,-715330.0869,7.67E+06
2023/10/26,Railgun,56,60.84810826,0,60.84810826,60.84810826,132,404991.8543,480706.5993,-75714.74501,885698.4536
2023/10/27,Railgun,57,219.4952084,0,219.4952084,219.4952084,134,608310.6206,614781.8787,-6471.25813,1.22E+06
2023/10/28,Railgun,41,76.8760751,0,76.8760751,76.8760751,171,405634.2931,419504.5437,-13870.25056,825138.8368
2023/10/29,Railgun,56,182.1045272,0,182.1045272,182.1045272,138,752337.6466,785254.9911,-32917.34459,1.54E+06
2023/10/30,Railgun,67,133.054846,0,133.054846,133.054846,159,474297.429,530528.1168,-56230.68773,1.00E+06
2023/10/31,Railgun,56,171.0192648,0,171.0192648,171.0192648,140,461713.511,440090.6722,21622.83877,901804.1832
2023/11/1,Railgun,40,428.9903517,0,428.9903517,428.9903517,86,1.06E+06,1.07E+06,-2652.44305,2.13E+06
2023/11/2,Railgun,62,306.115845,0,306.115845,306.115845,157,1.67E+06,1.77E+06,-94942.83868,3.44E+06
2023/11/3,Railgun,72,734.214848,0,734.214848,734.214848,186,4.24E+06,4.74E+06,-503873.958,8.98E+06
2023/11/4,Railgun,67,304.9945211,0,304.9945211,304.9945211,150,931401.1685,1.03E+06,-96442.73371,1.96E+06
2023/11/5,Railgun,49,156.9184672,0,156.9184672,156.9184672,174,583894.5736,820329.2332,-236434.6596,1.40E+06
2023/11/6,Railgun,63,397.00396,0,397.00396,397.00396,161,3.09E+06,3.03E+06,56072.78712,6.12E+06
2023/11/7,Railgun,48,707.4634954,0,707.4634954,707.4634954,114,2.39E+06,2.47E+06,-77732.89923,4.86E+06
2023/11/8,Railgun,49,326.0419415,0,326.0419415,326.0419415,114,1.15E+06,1.24E+06,-82062.115,2.39E+06
2023/11/9,Railgun,51,813.1113778,0,813.1113778,813.1113778,126,1.82E+06,2.14E+06,-316876.0463,3.96E+06
2023/11/10,Railgun,34,328.3272837,0,328.3272837,328.3272837,71,1.68E+06,1.76E+06,-80504.57828,3.43E+06
2023/11/11,Railgun,58,244.6505449,0,244.6505449,244.6505449,135,1.32E+06,1.37E+06,-48454.82548,2.69E+06
2023/11/12,Railgun,61,257.1021379,0,257.1021379,257.1021379,134,1.72E+06,1.32E+06,400307.2096,3.05E+06
2023/11/13,Railgun,56,270.3238331,0,270.3238331,270.3238331,154,1.59E+06,1.61E+06,-29270.59745,3.20E+06
2023/11/14,Railgun,63,402.5954432,0,402.5954432,402.5954432,178,2.35E+06,2.50E+06,-152152.7087,4.86E+06
2023/11/15,Railgun,66,74.28741219,0,74.28741219,74.28741219,150,548230.9645,485819.8025,62411.16201,1.03E+06
2023/11/16,Railgun,30,326.3679734,0,326.3679734,326.3679734,47,1.06E+06,1.06E+06,-6234.549267,2.12E+06
2023/11/17,Railgun,41,64.72947266,0,64.72947266,64.72947266,88,974177.4483,847269.5737,126907.8747,1.82E+06
2023/11/18,Railgun,42,209.8139953,0,209.8139953,209.8139953,116,1.12E+06,1.13E+06,-6201.335601,2.25E+06
2023/11/19,Railgun,59,115.9756433,0,115.9756433,115.9756433,152,1.01E+06,999019.1707,14144.58227,2.01E+06
2023/11/20,Railgun,36,261.9393292,0,261.9393292,261.9393292,80,783323.5664,622634.1265,160689.4399,1.41E+06
2023/11/21,Railgun,61,290.0560347,0,290.0560347,290.0560347,133,1.20E+06,1.58E+06,-379843.3885,2.78E+06
2023/11/22,Railgun,88,524.7663357,0,524.7663357,524.7663357,147,1.76E+06,1.95E+06,-190486.3281,3.71E+06
2023/11/23,Railgun,74,234.5720528,0,234.5720528,234.5720528,127,1.35E+06,1.38E+06,-24707.19085,2.73E+06
2023/11/24,Railgun,74,343.7399367,0,343.7399367,343.7399367,128,2.30E+06,1.96E+06,340209.1989,4.27E+06
2023/11/25,Railgun,83,43.1731783,0,43.1731783,43.1731783,152,341627.7306,649930.9998,-308303.2692,991558.7304
2023/11/26,Railgun,48,81.71511539,0,81.71511539,81.71511539,66,648305.6471,723974.6832,-75669.03616,1.37E+06
2023/11/27,Railgun,81,403.6473634,0,403.6473634,403.6473634,109,1.30E+06,1.20E+06,101227.6007,2.50E+06
2023/11/28,Railgun,92,278.9621067,0,278.9621067,278.9621067,209,1.43E+06,1.74E+06,-313250.2767,3.17E+06
2023/11/29,Railgun,52,94.23954312,0,94.23954312,94.23954312,104,711910.0102,872441.2046,-160531.1943,1.58E+06
2023/11/30,Railgun,112,269.1051029,0,269.1051029,269.1051029,244,2.32E+06,2.39E+06,-66332.97745,4.71E+06
2023/12/1,Railgun,107,389.2327461,0,389.2327461,389.2327461,233,1.75E+06,1.81E+06,-61428.52762,3.56E+06
2023/12/2,Railgun,37,2.573814655,0,2.573814655,2.573814655,51,450106.2072,390940.6208,59165.58642,841046.828
2023/12/3,Railgun,40,241.29025,0,241.29025,241.29025,73,1.11E+06,1.16E+06,-44750.9806,2.27E+06
2023/12/4,Railgun,66,62.88435605,0,62.88435605,62.88435605,104,657997.6238,706098.8574,-48101.23362,1.36E+06
2023/12/5,Railgun,38,268.4610263,0,268.4610263,268.4610263,59,1.33E+06,1.25E+06,77808.35487,2.59E+06
2023/12/6,Railgun,44,44.85236748,0,44.85236748,44.85236748,72,530688.7837,570969.8858,-40281.10215,1.10E+06
2023/12/7,Railgun,41,273.7657861,0,273.7657861,273.7657861,94,1.05E+06,1.06E+06,-1380.698502,2.11E+06
2023/12/8,Railgun,59,109.1430481,0,109.1430481,109.1430481,109,652202.9562,616344.8291,35858.12716,1.27E+06
2023/12/9,Railgun,42,172.200526,0,172.200526,172.200526,78,997589.4359,1.07E+06,-76875.32317,2.07E+06
2023/12/10,Railgun,52,115.7001854,0,115.7001854,115.7001854,110,2.12E+06,1.57E+06,554498.3657,3.69E+06
2023/12/11,Railgun,63,427.9511706,0,427.9511706,427.9511706,118,1.93E+06,2.09E+06,-158885.5158,4.03E+06
2023/12/12,Railgun,69,567.5170787,0,567.5170787,567.5170787,115,1.87E+06,1.96E+06,-90048.78706,3.83E+06
2023/12/13,Railgun,43,138.009993,0,138.009993,138.009993,87,2.56E+06,2.68E+06,-124967.918,5.24E+06
2023/12/14,Railgun,53,479.8911707,0,479.8911707,479.8911707,135,1.58E+06,1.64E+06,-59225.91957,3.22E+06
2023/12/15,Railgun,38,255.4025523,0,255.4025523,255.4025523,74,886878.8506,944086.3997,-57207.54917,1.83E+06
2023/12/16,Railgun,22,108.9273689,0,108.9273689,108.9273689,53,734585.8767,752146.1953,-17560.31864,1.49E+06
2023/12/17,Railgun,47,818.8910893,0,818.8910893,818.8910893,97,2.30E+06,2.14E+06,157117.4588,4.44E+06
2023/12/18,Railgun,33,32.22884089,0,32.22884089,32.22884089,85,485627.3051,355155.7256,130471.5794,840783.0307
2023/12/19,Railgun,75,179.7591628,0,179.7591628,179.7591628,185,3.11E+06,2.25E+06,862995.9913,5.37E+06
2023/12/20,Railgun,44,315.8577755,0,315.8577755,315.8577755,89,2.21E+06,2.56E+06,-344692.1126,4.77E+06
2023/12/21,Railgun,46,50.95216188,0,50.95216188,50.95216188,114,536778.0468,719441.4167,-182663.3699,1.26E+06
2023/12/22,Railgun,76,288.6533956,0,288.6533956,288.6533956,148,1.39E+06,1.40E+06,-11155.90429,2.79E+06
2023/12/23,Railgun,44,57.94539023,0,57.94539023,57.94539023,93,829666.2865,747361.632,82304.65456,1.58E+06
2023/12/24,Railgun,44,61.45831049,0,61.45831049,61.45831049,74,646692.088,481514.4073,165177.6808,1.13E+06
2023/12/25,Railgun,60,484.7350603,0,484.7350603,484.7350603,84,1.51E+06,1.82E+06,-306768.9584,3.33E+06
2023/12/26,Railgun,55,381.3179352,0,381.3179352,381.3179352,122,2.10E+06,2.18E+06,-71822.12865,4.28E+06
2023/12/27,Railgun,78,587.1789758,0,587.1789758,587.1789758,154,2.45E+06,2.46E+06,-9069.51181,4.91E+06
2023/12/28,Railgun,77,540.8113821,0,540.8113821,540.8113821,177,3.78E+06,3.77E+06,9191.48541,7.55E+06
2023/12/29,Railgun,78,132.6448854,0,132.6448854,132.6448854,157,1.92E+06,1.87E+06,47909.4663,3.79E+06
2023/12/30,Railgun,45,70.82181878,0,70.82181878,70.82181878,82,522644.9609,561744.3824,-39099.4215,1.08E+06
2023/12/31,Railgun,61,81.88600788,0,81.88600788,81.88600788,120,605585.4373,628860.6554,-23275.21812,1.23E+06
2024/1/1,Railgun,49,197.7519011,0,197.7519011,197.7519011,113,670534.1292,666340.0421,4194.087123,1.34E+06
2024/1/2,Railgun,67,160.1652772,0,160.1652772,160.1652772,113,1.11E+06,1.05E+06,65044.00874,2.16E+06
2024/1/3,Railgun,63,53.37053704,0,53.37053704,53.37053704,105,430558.0678,539798.5767,-109240.5088,970356.6445
2024/1/4,Railgun,57,431.4337174,0,431.4337174,431.4337174,141,1.97E+06,1.91E+06,59091.58809,3.89E+06
2024/1/5,Railgun,51,221.4166529,0,221.4166529,221.4166529,127,977406.2263,935133.6908,42272.53544,1.91E+06
2024/1/6,Railgun,46,81.51665199,0,81.51665199,81.51665199,103,435169.8919,442132.6866,-6962.794741,877302.5785
2024/1/7,Railgun,50,384.5551776,0,384.5551776,384.5551776,105,1.01E+06,1.12E+06,-102229.1459,2.13E+06
2024/1/8,Railgun,91,123.9911017,0,123.9911017,123.9911017,189,1.54E+06,1.68E+06,-139480.9467,3.22E+06
2024/1/9,Railgun,47,201.9319228,0,201.9319228,201.9319228,92,1.03E+06,1.20E+06,-163971.1951,2.23E+06
2024/1/10,Railgun,44,159.7784191,0,159.7784191,159.7784191,84,1.10E+06,1.11E+06,-17999.05605,2.21E+06
2024/1/11,Railgun,42,128.8650684,0,128.8650684,128.8650684,103,1.16E+06,1.14E+06,23322.64667,2.30E+06
2024/1/12,Railgun,39,135.6714768,0,135.6714768,135.6714768,83,2.29E+06,2.34E+06,-49346.99271,4.63E+06
2024/1/13,Railgun,49,182.5110745,0,182.5110745,182.5110745,124,1.29E+06,1.33E+06,-42759.5942,2.63E+06
2024/1/14,Railgun,60,294.3188402,0,294.3188402,294.3188402,157,1.62E+06,1.61E+06,13044.21818,3.23E+06
2024/1/15,Railgun,46,40.30727229,0,40.30727229,40.30727229,106,309330.1503,274322.8961,35007.2542,583653.0464
2024/1/16,Railgun,36,274.9434312,0,274.9434312,274.9434312,91,1.24E+06,1.29E+06,-50485.1664,2.53E+06
2024/1/17,Railgun,48,97.01450441,0,97.01450441,97.01450441,141,766100.5562,930423.7288,-164323.1726,1.70E+06
2024/1/18,Railgun,40,71.09901797,0,71.09901797,71.09901797,96,335329.191,300989.7476,34339.44343,636318.9386
2024/1/19,Railgun,44,65.05047932,0,65.05047932,65.05047932,110,731026.4452,758421.6174,-27395.17216,1.49E+06
2024/1/20,Railgun,69,166.3961632,0,166.3961632,166.3961632,84,724637.0369,654298.5415,70338.4954,1.38E+06
2024/1/21,Railgun,45,65.0186135,0,65.0186135,65.0186135,93,602603.1715,521873.6255,80729.54606,1.12E+06
2024/1/22,Railgun,67,172.0305049,0,172.0305049,172.0305049,164,2.80E+06,2.72E+06,75785.84291,5.53E+06
2024/1/23,Railgun,52,356.6671348,0,356.6671348,356.6671348,116,1.86E+06,1.91E+06,-57499.5086,3.77E+06
2024/1/24,Railgun,76,386.9347629,0,386.9347629,386.9347629,153,1.80E+06,1.34E+06,452322.0297,3.14E+06
2024/1/25,Railgun,40,223.2793524,0,223.2793524,223.2793524,94,602020.8202,699887.9074,-97867.08718,1.30E+06
2024/1/26,Railgun,50,85.13479086,0,85.13479086,85.13479086,119,683967.6087,928282.6611,-244315.0525,1.61E+06
2024/1/27,Railgun,55,173.9019772,0,173.9019772,173.9019772,157,677014.0905,644042.6894,32971.40108,1.32E+06
2024/1/28,Railgun,75,4683.793141,0,4683.793141,4683.793141,201,2.17E+07,2.17E+07,-68494.72456,4.34E+07
2024/1/29,Railgun,66,127.5221892,0,127.5221892,127.5221892,132,772622.7851,763476.426,9146.359069,1.54E+06
2024/1/30,Railgun,59,139.0876028,0,139.0876028,139.0876028,142,550784.9373,789761.0189,-238976.0817,1.34E+06
2024/1/31,Railgun,50,38.23316333,0,38.23316333,38.23316333,110,489028.4802,429139.2966,59889.18357,918167.7768
2024/2/1,Railgun,44,186.0416596,0,186.0416596,186.0416596,112,811364.5324,852290.6722,-40926.13982,1.66E+06
2024/2/2,Railgun,41,208.2981941,0,208.2981941,208.2981941,92,772981.316,752188.3271,20792.98888,1.53E+06
2024/2/3,Railgun,49,144.4986767,0,144.4986767,144.4986767,121,598599.7684,629908.9232,-31309.15473,1.23E+06
2024/2/4,Railgun,65,133.026196,0,133.026196,133.026196,156,2.14E+06,1.55E+06,584636.6062,3.69E+06
2024/2/5,Railgun,65,140.6633149,0,140.6633149,140.6633149,122,714050.2447,762319.2636,-48269.01894,1.48E+06
2024/2/6,Railgun,54,90.35049888,0,90.35049888,90.35049888,135,635212.2408,720008.7912,-84796.55047,1.36E+06
2024/2/7,Railgun,25,4.717775731,0,4.717775731,4.717775731,58,378494.4564,319865.6134,58628.843,698360.0698
2024/2/8,Railgun,39,253.5649355,0,253.5649355,253.5649355,81,897621.8088,939474.6838,-41852.87494,1.84E+06
2024/2/9,Railgun,27,183.2216439,0,183.2216439,183.2216439,62,544347.6258,585121.2475,-40773.62174,1.13E+06
2024/2/10,Railgun,35,24.70206467,0,24.70206467,24.70206467,62,324982.269,404026.8069,-79044.53793,729009.0758
2024/2/11,Railgun,56,125.6726867,0,125.6726867,125.6726867,187,1.52E+06,1.42E+06,100341.0331,2.93E+06
2024/2/12,Railgun,35,109.6332773,0,109.6332773,109.6332773,79,710127.0854,780758.6248,-70631.53934,1.49E+06
2024/2/13,Railgun,51,396.2080484,0,396.2080484,396.2080484,152,2.14E+06,2.09E+06,48147.6288,4.22E+06
2024/2/14,Railgun,42,212.1450551,0,212.1450551,212.1450551,79,811323.9899,943983.023,-132659.0331,1.76E+06
2024/2/15,Railgun,39,179.7677883,0,179.7677883,179.7677883,74,1.02E+06,1.04E+06,-17031.39055,2.05E+06
2024/2/16,Railgun,37,19.83268541,0,19.83268541,19.83268541,68,232127.4406,353467.5246,-121340.084,585594.9652
2024/2/17,Railgun,65,277.8151629,0,277.8151629,277.8151629,152,1.65E+06,1.84E+06,-187247.5258,3.49E+06
2024/2/18,Railgun,66,405.2693345,0,405.2693345,405.2693345,169,1.79E+06,1.84E+06,-49402.42418,3.62E+06
2024/2/19,Railgun,54,317.7348198,0,317.7348198,317.7348198,127,1.51E+06,1.52E+06,-9165.664424,3.02E+06
2024/2/20,Railgun,73,413.6994874,0,413.6994874,413.6994874,191,2.75E+06,2.72E+06,32794.49011,5.47E+06
2024/2/21,Railgun,52,113.9941496,0,113.9941496,113.9941496,134,1.20E+06,1.40E+06,-204337.2551,2.60E+06
2024/2/22,Railgun,37,215.8222793,0,215.8222793,215.8222793,103,1.60E+06,1.67E+06,-75516.32006,3.27E+06
2024/2/23,Railgun,78,483.040698,0,483.040698,483.040698,207,2.48E+06,2.43E+06,56220.70744,4.91E+06
2024/2/24,Railgun,66,500.6137374,0,500.6137374,500.6137374,193,2.47E+06,2.57E+06,-104509.8033,5.04E+06
2024/2/25,Railgun,48,332.479474,0,332.479474,332.479474,100,1.70E+06,1.68E+06,13029.38737,3.38E+06
2024/2/26,Railgun,66,381.0674524,0,381.0674524,381.0674524,157,2.06E+06,2.06E+06,-1317.226382,4.12E+06
2024/2/27,Railgun,62,124.5679171,0,124.5679171,124.5679171,136,1.89E+06,1.41E+06,481334.0049,3.30E+06
2024/2/28,Railgun,34,112.2311203,0,112.2311203,112.2311203,78,934481.001,966157.845,-31676.84397,1.90E+06
2024/2/29,Railgun,44,250.2255664,0,250.2255664,250.2255664,75,1.44E+06,1.58E+06,-145470.1228,3.02E+06
2024/3/1,Railgun,34,865.6709541,0,865.6709541,865.6709541,75,3.56E+06,3.49E+06,74265.3942,7.05E+06
2024/3/2,Railgun,40,125.2578835,0,125.2578835,125.2578835,67,815425.1964,915960.9247,-100535.7283,1.73E+06
2024/3/3,Railgun,29,159.2489087,0,159.2489087,159.2489087,63,842321.861,843416.1802,-1094.319206,1.69E+06
2024/3/4,Railgun,57,164.0376095,0,164.0376095,164.0376095,104,1.38E+06,1.45E+06,-71401.71129,2.82E+06
2024/3/5,Railgun,73,367.4421462,0,367.4421462,367.4421462,133,2.82E+06,2.66E+06,157043.1974,5.48E+06
2024/3/6,Railgun,64,0,0,0,0,71,783916.7817,771655.0675,12261.71418,1.56E+06
2024/3/7,Railgun,65,397.1435713,0,397.1435713,397.1435713,162,3.42E+06,3.37E+06,46711.31412,6.79E+06
2024/3/8,Railgun,54,120.4409729,0,120.4409729,120.4409729,129,1.08E+06,1.11E+06,-34249.22853,2.19E+06
2024/3/9,Railgun,50,601.7018586,0,601.7018586,601.7018586,109,2.80E+06,2.90E+06,-104208.9781,5.70E+06
2024/3/10,Railgun,43,622.8621653,0,622.8621653,622.8621653,81,3.09E+06,2.94E+06,155404.5132,6.03E+06
2024/3/11,Railgun,66,377.4710128,0,377.4710128,377.4710128,203,2.62E+06,2.76E+06,-131979.2065,5.38E+06
2024/3/12,Railgun,78,775.0330504,0,775.0330504,775.0330504,177,5.10E+06,5.07E+06,31104.96324,1.02E+07
2024/3/13,Railgun,51,671.5970834,0,671.5970834,671.5970834,120,5.90E+06,6.13E+06,-232917.8857,1.20E+07
2024/3/14,Railgun,49,997.5181638,0,997.5181638,997.5181638,137,5.91E+06,5.93E+06,-11401.38373,1.18E+07
2024/3/15,Railgun,66,1318.366052,0,1318.366052,1318.366052,147,9.98E+06,9.99E+06,-6985.068231,2.00E+07
2024/3/16,Railgun,36,113.2700215,0,113.2700215,113.2700215,94,1.24E+06,744513.3771,492303.6332,1.98E+06
2024/3/17,Railgun,76,141.0142732,0,141.0142732,141.0142732,165,1.53E+06,1.93E+06,-393312.3925,3.46E+06
2024/3/18,Railgun,58,662.183535,0,662.183535,662.183535,126,3.71E+06,3.41E+06,302962.3256,7.12E+06
2024/3/19,Railgun,59,146.2138106,0,146.2138106,146.2138106,124,3.81E+06,3.86E+06,-44505.29035,7.67E+06
2024/3/20,Railgun,53,136.0788952,0,136.0788952,136.0788952,85,893286.9418,922850.5698,-29563.62793,1.82E+06
2024/3/21,Railgun,56,296.1588987,0,296.1588987,296.1588987,133,2.36E+06,2.33E+06,38117.44446,4.69E+06
2024/3/22,Railgun,51,440.6678785,0,440.6678785,440.6678785,102,3.02E+06,3.31E+06,-284344.6398,6.33E+06
2024/3/23,Railgun,53,325.6321462,0,325.6321462,325.6321462,115,3.60E+06,1.96E+06,1.63E+06,5.56E+06
2024/3/24,Railgun,43,302.802312,0,302.802312,302.802312,122,1.47E+06,1.50E+06,-31770.05719,2.98E+06
2024/3/25,Railgun,75,146.6002093,0,146.6002093,146.6002093,175,2.38E+06,2.30E+06,82623.74391,4.68E+06
2024/3/26,Railgun,49,212.158605,0,212.158605,212.158605,102,1.53E+06,1.64E+06,-107665.0139,3.17E+06
2024/3/27,Railgun,27,64.62271101,0,64.62271101,64.62271101,62,1.36E+06,1.35E+06,11256.51092,2.71E+06
2024/3/28,Railgun,42,55.36912629,0,55.36912629,55.36912629,93,938459.8284,841741.3562,96718.47219,1.78E+06
2024/3/29,Railgun,38,393.2956907,0,393.2956907,393.2956907,79,2.78E+06,3.04E+06,-258040.8199,5.82E+06
2024/3/30,Railgun,44,168.2671555,0,168.2671555,168.2671555,96,858235.7363,1.06E+06,-199937.7098,1.92E+06
2024/3/31,Railgun,103,896.3393344,0,896.3393344,896.3393344,257,3.86E+06,3.87E+06,-11223.52799,7.72E+06
2024/4/1,Railgun,37,26.13120159,0,26.13120159,26.13120159,66,516054.7245,489740.4705,26314.25401,1.01E+06
2024/4/2,Railgun,53,173.4527726,0,173.4527726,173.4527726,115,2.17E+06,3.16E+06,-986351.8247,5.33E+06
2024/4/3,Railgun,63,438.0237462,0,438.0237462,438.0237462,158,4.75E+06,5.09E+06,-342195.8613,9.84E+06
2024/4/4,Railgun,52,1844.669498,0,1844.669498,1844.669498,150,1.45E+07,1.56E+07,-1.12E+06,3.01E+07
2024/4/5,Railgun,47,40.57549919,0,40.57549919,40.57549919,79,2.41E+06,2.37E+06,41850.46351,4.78E+06
2024/4/6,Railgun,80,2288.169271,0,2288.169271,2288.169271,176,1.81E+07,2.11E+07,-3.00E+06,3.93E+07
2024/4/7,Railgun,53,50.11119626,0,50.11119626,50.11119626,104,3.15E+06,3.17E+06,-16674.41256,6.32E+06
2024/4/8,Railgun,78,178.148416,0,178.148416,178.148416,209,3.18E+06,3.31E+06,-132394.3731,6.49E+06
2024/4/9,Railgun,63,1167.922717,0,1167.922717,1167.922717,144,4.66E+06,4.97E+06,-310111.4411,9.62E+06
2024/4/10,Railgun,76,332.7774483,0,332.7774483,332.7774483,191,1.08E+07,1.08E+07,-4558.330249,2.15E+07
2024/4/11,Railgun,45,43.2407463,0,43.2407463,43.2407463,104,530430.5582,1.04E+06,-511385.0677,1.57E+06
2024/4/12,Railgun,42,107.4276767,0,107.4276767,107.4276767,118,1.11E+06,1.42E+06,-306075.4387,2.53E+06
2024/4/13,Railgun,35,89.34923356,0,89.34923356,89.34923356,57,436795.6022,423673.7562,13121.84603,860469.3584
2024/4/14,Railgun,66,547.449102,0,547.449102,547.449102,180,4.35E+06,4.68E+06,-327855.4872,9.03E+06
2024/4/15,Railgun,761,317.2209481,0,317.2209481,317.2209481,195,2.35E+06,2.58E+06,-227666.2458,4.93E+06
2024/4/16,Railgun,258,167.6209261,0,167.6209261,167.6209261,1824,974918.8301,2.04E+06,-1.06E+06,3.01E+06
2024/4/17,Railgun,162,41.71387561,0,41.71387561,41.71387561,205,1.10E+06,1.08E+06,24249.17058,2.17E+06
2024/4/18,Railgun,103,65.70678403,0,65.70678403,65.70678403,107,437543.033,444450.7365,-6907.70351,881993.7696
2024/4/19,Railgun,203,681.1572373,0,681.1572373,681.1572373,181,4.22E+06,4.03E+06,189945.5472,8.26E+06
2024/4/20,Railgun,136,1014.862014,0,1014.862014,1014.862014,255,5.24E+06,6.19E+06,-950716.4014,1.14E+07
2024/4/21,Railgun,158,94.07318635,0,94.07318635,94.07318635,146,1.14E+06,1.15E+06,-6858.312937,2.29E+06
2024/4/22,Railgun,169,374.7661899,0,374.7661899,374.7661899,213,2.46E+06,2.41E+06,50115.82177,4.87E+06
2024/4/23,Railgun,145,161.4946324,0,161.4946324,161.4946324,193,2.83E+06,1.16E+06,1.67E+06,4.00E+06
2024/4/24,Railgun,144,5377.941258,0,5377.941258,5377.941258,365,2.16E+07,2.03E+07,1.28E+06,4.20E+07
2024/4/25,Railgun,112,457.6547723,0,457.6547723,457.6547723,227,8.67E+06,4.39E+06,4.28E+06,1.31E+07
2024/4/26,Railgun,182,1842.847429,0,1842.847429,1842.847429,463,9.37E+06,9.59E+06,-218970.0202,1.90E+07
2024/4/27,Railgun,122,292.4513377,0,292.4513377,292.4513377,256,2.88E+06,2.44E+06,433462.1838,5.32E+06
2024/4/28,Railgun,127,178.3095243,0,178.3095243,178.3095243,189,2.72E+06,4.78E+06,-2.06E+06,7.50E+06
2024/4/29,Railgun,126,250.2654335,0,250.2654335,250.2654335,201,3.43E+06,3.68E+06,-244225.8573,7.11E+06
2024/4/30,Railgun,104,751.8226211,0,751.8226211,751.8226211,225,4.97E+06,6.24E+06,-1.27E+06,1.12E+07
2024/5/1,Railgun,126,423.5109733,0,423.5109733,423.5109733,247,4.17E+06,2.67E+06,1.50E+06,6.84E+06
2024/5/2,Railgun,127,660.6400679,0,660.6400679,660.6400679,273,4.25E+06,5.66E+06,-1.41E+06,9.91E+06
2024/5/3,Railgun,123,951.5786035,0,951.5786035,951.5786035,244,3.76E+06,3.80E+06,-35010.7138,7.56E+06
2024/5/4,Railgun,123,702.3231706,0,702.3231706,702.3231706,222,4.78E+06,4.19E+06,585257.415,8.97E+06
2024/5/5,Railgun,88,365.0147256,0,365.0147256,365.0147256,188,1.84E+06,1.87E+06,-32407.38471,3.71E+06
2024/5/6,Railgun,132,224.1707309,0,224.1707309,224.1707309,217,3.70E+06,3.10E+06,598214.9275,6.80E+06
2024/5/7,Railgun,120,1375.551428,0,1375.551428,1375.551428,283,6.87E+06,7.54E+06,-677949.1429,1.44E+07
2024/5/8,Railgun,145,658.5132769,0,658.5132769,658.5132769,315,4.91E+06,4.43E+06,479053.4521,9.33E+06
2024/5/9,Railgun,128,91.019492,0,91.019492,91.019492,309,3.06E+06,2.81E+06,243952.1083,5.87E+06
2024/5/10,Railgun,119,280.5048588,0,280.5048588,280.5048588,213,2.25E+06,2.24E+06,6290.802365,4.49E+06
2024/5/11,Railgun,73,19.29498183,0,19.29498183,19.29498183,146,599410.6869,383117.0192,216293.6677,982527.7061
2024/5/12,Railgun,59,136.20109,0,136.20109,136.20109,133,952998.1122,913735.0514,39263.06074,1.87E+06
2024/5/13,Railgun,102,220.7331713,0,220.7331713,220.7331713,201,1.89E+06,2.08E+06,-191493.1668,3.97E+06
2024/5/14,Railgun,96,861.1318573,0,861.1318573,861.1318573,219,3.80E+06,3.16E+06,635839.0476,6.97E+06
2024/5/15,Railgun,148,310.3067834,0,310.3067834,310.3067834,368,3.67E+06,2.49E+06,1.18E+06,6.16E+06
2024/5/16,Railgun,151,463.4686563,0,463.4686563,463.4686563,260,2.69E+06,2.44E+06,245545.7511,5.13E+06
2024/5/17,Railgun,181,745.3876843,0,745.3876843,745.3876843,395,8.45E+06,6.85E+06,1.61E+06,1.53E+07
2024/5/18,Railgun,149,40.91860108,0,40.91860108,40.91860108,311,3.13E+06,3.23E+06,-98982.5186,6.35E+06
2024/5/19,Railgun,103,694.4815166,0,694.4815166,694.4815166,246,7.06E+06,7.33E+06,-273323.094,1.44E+07
2024/5/20,Railgun,165,995.8088578,0,995.8088578,995.8088578,409,6.19E+06,7.72E+06,-1.53E+06,1.39E+07
2024/5/21,Railgun,114,200.4036663,0,200.4036663,200.4036663,229,3.59E+06,2.87E+06,726132.6584,6.46E+06
2024/5/22,Railgun,197,1090.036062,0,1090.036062,1090.036062,485,1.55E+07,1.70E+07,-1.54E+06,3.25E+07
2024/5/23,Railgun,137,613.5957806,0,613.5957806,613.5957806,291,7.27E+06,6.30E+06,976380.6892,1.36E+07
2024/5/24,Railgun,144,428.9267033,0,428.9267033,428.9267033,302,7.01E+06,8.64E+06,-1.63E+06,1.57E+07
2024/5/25,Railgun,184,2518.795624,0,2518.795624,2518.795624,446,2.60E+07,2.71E+07,-1.00E+06,5.31E+07
2024/5/26,Railgun,191,499.7310523,0,499.7310523,499.7310523,394,5.15E+06,5.55E+06,-396687.1668,1.07E+07
2024/5/27,Railgun,124,1634.171431,0,1634.171431,1634.171431,256,1.31E+07,1.27E+07,332376.3031,2.58E+07
2024/5/28,Railgun,123,683.8025975,0,683.8025975,683.8025975,223,7.83E+06,8.23E+06,-403198.6309,1.61E+07
2024/5/29,Railgun,136,1226.211554,0,1226.211554,1226.211554,301,2.23E+07,1.32E+07,9.16E+06,3.55E+07
2024/5/30,Railgun,157,1093.986832,0,1093.986832,1093.986832,311,8.62E+06,9.18E+06,-556233.5582,1.78E+07
2024/5/31,Railgun,136,690.7334205,0,690.7334205,690.7334205,300,9.16E+06,5.86E+06,3.30E+06,1.50E+07
2024/6/1,Railgun,146,1221.757216,0,1221.757216,1221.757216,387,9.51E+06,1.03E+07,-742705.4341,1.98E+07
2024/6/2,Railgun,114,708.6723538,0,708.6723538,708.6723538,244,5.25E+06,5.05E+06,197569.6265,1.03E+07
2024/6/3,Railgun,153,582.4078961,0,582.4078961,582.4078961,330,3.36E+06,3.42E+06,-62084.19255,6.77E+06
2024/6/4,Railgun,112,388.1064344,0,388.1064344,388.1064344,238,3.59E+06,3.82E+06,-235989.4708,7.41E+06
2024/6/5,Railgun,105,418.7212356,0,418.7212356,418.7212356,274,4.45E+06,7.18E+06,-2.73E+06,1.16E+07
2024/6/6,Railgun,119,1112.542461,0,1112.542461,1112.542461,290,7.93E+06,9.90E+06,-1.97E+06,1.78E+07
2024/6/7,Railgun,85,586.606993,0,586.606993,586.606993,193,3.80E+06,3.95E+06,-152012.2347,7.76E+06
2024/6/8,Railgun,87,532.2224553,0,532.2224553,532.2224553,173,3.37E+06,3.34E+06,26755.35572,6.71E+06
2024/6/9,Railgun,98,576.2144157,0,576.2144157,576.2144157,210,6.89E+06,6.84E+06,55893.18179,1.37E+07
2024/6/10,Railgun,92,196.7018867,0,196.7018867,196.7018867,189,7.22E+06,6.99E+06,225472.5633,1.42E+07
2024/6/11,Railgun,96,1090.923768,0,1090.923768,1090.923768,312,8.31E+06,8.09E+06,222172.3601,1.64E+07
2024/6/12,Railgun,112,128.1213129,0,128.1213129,128.1213129,243,2.29E+06,2.82E+06,-526812.8174,5.11E+06
2024/6/13,Railgun,105,878.4251088,0,878.4251088,878.4251088,269,7.40E+06,7.46E+06,-62723.08924,1.49E+07
2024/6/14,Railgun,117,251.1970509,0,251.1970509,251.1970509,262,5.30E+06,3.15E+06,2.15E+06,8.44E+06
2024/6/15,Railgun,92,651.6045215,0,651.6045215,651.6045215,210,4.68E+06,4.73E+06,-49975.15592,9.42E+06
2024/6/16,Railgun,135,903.61728,0,903.61728,903.61728,302,5.69E+06,6.31E+06,-611215.952,1.20E+07
2024/6/17,Railgun,129,50.87259702,0,50.87259702,50.87259702,300,1.58E+06,1.81E+06,-227251.2608,3.39E+06
2024/6/18,Railgun,102,18.7673031,0,18.7673031,18.7673031,246,1.65E+06,2.43E+06,-780820.6015,4.09E+06
2024/6/19,Railgun,127,394.927718,0,394.927718,394.927718,261,4.19E+06,3.77E+06,425655.1387,7.96E+06
2024/6/20,Railgun,132,180.5227577,0,180.5227577,180.5227577,339,2.61E+06,8.33E+06,-5.72E+06,1.09E+07
2024/6/21,Railgun,113,144.4559045,0,144.4559045,144.4559045,281,3.87E+06,3.08E+06,781942.035,6.95E+06
2024/6/22,Railgun,127,1042.312057,0,1042.312057,1042.312057,281,5.34E+06,7.76E+06,-2.42E+06,1.31E+07
2024/6/23,Railgun,97,264.8144628,0,264.8144628,264.8144628,244,2.28E+06,2.50E+06,-218750.7752,4.78E+06
2024/6/24,Railgun,106,152.3499489,0,152.3499489,152.3499489,204,2.67E+06,3.33E+06,-659780.0462,5.99E+06
2024/6/25,Railgun,81,441.3528176,0,441.3528176,441.3528176,213,1.90E+06,1.92E+06,-17628.55162,3.82E+06
2024/6/26,Railgun,58,393.6404045,0,393.6404045,393.6404045,138,2.39E+06,2.85E+06,-456845.9275,5.23E+06
2024/6/27,Railgun,145,663.6266324,0,663.6266324,663.6266324,274,4.21E+06,4.36E+06,-152078.0161,8.56E+06
2024/6/28,Railgun,96,569.899273,0,569.899273,569.899273,205,3.03E+06,3.90E+06,-868230.4167,6.93E+06
2024/6/29,Railgun,100,195.9874634,0,195.9874634,195.9874634,210,1.85E+06,1.86E+06,-639.0634696,3.71E+06
2024/6/30,Railgun,97,629.0391353,0,629.0391353,629.0391353,255,4.51E+06,5.29E+06,-772002.9518,9.80E+06
2024/7/1,Railgun,114,573.6134212,0,573.6134212,573.6134212,298,4.55E+06,4.69E+06,-141553.0967,9.24E+06
2024/7/2,Railgun,77,501.7824782,0,501.7824782,501.7824782,181,6.06E+06,4.27E+06,1.78E+06,1.03E+07
2024/7/3,Railgun,100,259.2593023,0,259.2593023,259.2593023,198,3.25E+06,3.27E+06,-23517.99111,6.52E+06
2024/7/4,Railgun,85,89.10392773,0,89.10392773,89.10392773,174,875571.9526,883064.8866,-7492.933973,1.76E+06
2024/7/5,Railgun,93,210.1582459,0,210.1582459,210.1582459,257,4.69E+06,3.31E+06,1.39E+06,8.00E+06
2024/7/6,Railgun,137,268.0519903,0,268.0519903,268.0519903,406,2.93E+06,1.65E+06,1.28E+06,4.58E+06
2024/7/7,Railgun,92,130.4373694,0,130.4373694,130.4373694,231,6.56E+06,6.81E+06,-254643.5632,1.34E+07
2024/7/8,Railgun,70,636.7940802,0,636.7940802,636.7940802,188,8.06E+06,8.46E+06,-402052.1827,1.65E+07
2024/7/9,Railgun,89,924.3529981,0,924.3529981,924.3529981,202,4.25E+06,6.45E+06,-2.21E+06,1.07E+07
2024/7/10,Railgun,56,272.1354557,0,272.1354557,272.1354557,138,1.95E+06,2.32E+06,-369751.0953,4.28E+06
2024/7/11,Railgun,78,180.1345103,0,180.1345103,180.1345103,168,2.00E+06,3.27E+06,-1.27E+06,5.27E+06
2024/7/12,Railgun,114,80.36455051,0,80.36455051,80.36455051,252,6.53E+06,4.87E+06,1.66E+06,1.14E+07
2024/7/13,Railgun,78,63.77131197,0,63.77131197,63.77131197,147,1.52E+06,4.65E+06,-3.13E+06,6.17E+06
2024/7/14,Railgun,105,239.5210106,0,239.5210106,239.5210106,197,4.55E+06,1.59E+06,2.96E+06,6.14E+06
2024/7/15,Railgun,134,374.8539033,0,374.8539033,374.8539033,279,4.05E+06,7.01E+06,-2.97E+06,1.11E+07
2024/7/16,Railgun,155,120.5562224,0,120.5562224,120.5562224,294,1.66E+06,3.48E+06,-1.82E+06,5.14E+06
2024/7/17,Railgun,119,1222.31417,0,1222.31417,1222.31417,225,4.72E+06,5.14E+06,-415221.2944,9.86E+06
2024/7/18,Railgun,102,171.3566443,0,171.3566443,171.3566443,261,3.96E+06,4.10E+06,-136778.2604,8.06E+06
2024/7/19,Railgun,94,410.5244636,0,410.5244636,410.5244636,210,5.09E+06,4.73E+06,358593.3453,9.83E+06
2024/7/20,Railgun,117,92.99105301,0,92.99105301,92.99105301,264,1.21E+06,1.68E+06,-470420.6999,2.88E+06
2024/7/21,Railgun,100,536.2487575,0,536.2487575,536.2487575,214,3.23E+06,2.58E+06,650368.3461,5.81E+06
2024/7/22,Railgun,98,404.7482456,0,404.7482456,404.7482456,169,3.59E+06,4.16E+06,-569209.4621,7.75E+06
2024/7/23,Railgun,95,243.9856743,0,243.9856743,243.9856743,196,2.57E+06,3.10E+06,-528452.6828,5.68E+06
2024/7/24,Railgun,105,106.1034436,0,106.1034436,106.1034436,190,2.81E+06,1.23E+06,1.58E+06,4.03E+06
2024/7/25,Railgun,98,1796.818203,0,1796.818203,1796.818203,238,7.22E+06,8.02E+06,-794631.2831,1.52E+07
2024/7/26,Railgun,67,108.8003043,0,108.8003043,108.8003043,138,3.41E+06,4.57E+06,-1.15E+06,7.98E+06
2024/7/27,Railgun,61,164.4999621,0,164.4999621,164.4999621,151,943864.6678,1.14E+06,-195751.3525,2.08E+06
2024/7/28,Railgun,85,61.70197004,0,61.70197004,61.70197004,213,2.01E+06,1.46E+06,547288.3047,3.47E+06
2024/7/29,Railgun,138,231.6346901,0,231.6346901,231.6346901,292,4.75E+06,4.62E+06,124959.57,9.37E+06
2024/7/30,Railgun,86,57.42421618,0,57.42421618,57.42421618,182,1.45E+06,1.63E+06,-179810.8978,3.07E+06
2024/7/31,Railgun,97,490.2629114,0,490.2629114,490.2629114,250,3.94E+06,4.00E+06,-53392.4269,7.94E+06
2024/8/1,Railgun,151,90.65414619,0,90.65414619,90.65414619,329,2.61E+06,2.53E+06,78712.11022,5.15E+06
2024/8/2,Railgun,144,18.94535478,0,18.94535478,18.94535478,422,6.19E+06,6.56E+06,-364640.021,1.28E+07
2024/8/3,Railgun,110,358.2407721,0,358.2407721,358.2407721,249,2.02E+06,2.06E+06,-43350.76907,4.09E+06
2024/8/4,Railgun,137,108.2099272,0,108.2099272,108.2099272,277,1.10E+06,1.41E+06,-318369.4342,2.51E+06
2024/8/5,Railgun,96,280.8049958,0,280.8049958,280.8049958,172,2.11E+06,3.01E+06,-903877.838,5.13E+06
2024/8/6,Railgun,110,400.1006315,0,400.1006315,400.1006315,262,2.19E+06,2.35E+06,-161127.5809,4.55E+06
2024/8/7,Railgun,110,172.4481298,0,172.4481298,172.4481298,260,1.05E+06,1.46E+06,-411313.5665,2.50E+06
2024/8/8,Railgun,122,194.8722885,0,194.8722885,194.8722885,287,1.34E+06,3.11E+06,-1.78E+06,4.45E+06
2024/8/9,Railgun,77,81.39897645,0,81.39897645,81.39897645,159,716314.9267,584370.8792,131944.0475,1.30E+06
2024/8/10,Railgun,73,82.91059773,0,82.91059773,82.91059773,194,864976.7558,1.06E+06,-198542.2919,1.93E+06
2024/8/11,Railgun,89,82.09837715,0,82.09837715,82.09837715,208,1.07E+06,1.42E+06,-348405.954,2.48E+06
2024/8/12,Railgun,62,85.27010723,0,85.27010723,85.27010723,183,1.72E+06,1.58E+06,133146.5191,3.30E+06
2024/8/13,Railgun,132,178.1341037,0,178.1341037,178.1341037,298,1.29E+06,1.45E+06,-153036.9898,2.74E+06
2024/8/14,Railgun,131,338.7086557,0,338.7086557,338.7086557,262,2.76E+06,2.84E+06,-84258.16184,5.60E+06
2024/8/15,Railgun,164,676.8147304,0,676.8147304,676.8147304,444,6.61E+06,5.60E+06,1.01E+06,1.22E+07
2024/8/16,Railgun,136,175.7011035,0,175.7011035,175.7011035,311,1.69E+06,1.61E+06,84734.42582,3.30E+06
2024/8/17,Railgun,165,411.9141074,0,411.9141074,411.9141074,309,1.87E+06,2.06E+06,-183219.243,3.93E+06
2024/8/18,Railgun,121,248.6725618,0,248.6725618,248.6725618,251,1.53E+06,1.37E+06,151558.6036,2.90E+06
2024/8/19,Railgun,207,1288.143893,0,1288.143893,1288.143893,418,5.31E+06,6.55E+06,-1.25E+06,1.19E+07
2024/8/20,Railgun,217,1079.09472,0,1079.09472,1079.09472,456,4.49E+06,6.77E+06,-2.28E+06,1.13E+07
2024/8/21,Railgun,147,412.3687127,0,412.3687127,412.3687127,345,2.46E+06,2.72E+06,-260048.0217,5.18E+06
2024/8/22,Railgun,105,448.3310756,0,448.3310756,448.3310756,226,3.00E+06,2.68E+06,326274.4179,5.68E+06
2024/8/23,Railgun,157,889.8047449,0,889.8047449,889.8047449,322,6.18E+06,6.26E+06,-74560.32887,1.24E+07
2024/8/24,Railgun,138,806.3164633,0,806.3164633,806.3164633,290,5.42E+06,5.52E+06,-98863.42676,1.09E+07
2024/8/25,Railgun,192,703.590478,0,703.590478,703.590478,414,9.02E+06,4.12E+06,4.90E+06,1.31E+07
2024/8/26,Railgun,115,652.7266839,0,652.7266839,652.7266839,284,3.51E+06,4.81E+06,-1.30E+06,8.32E+06
2024/8/27,Railgun,126,249.1555714,0,249.1555714,249.1555714,295,2.36E+06,2.41E+06,-51306.71144,4.78E+06
2024/8/28,Railgun,117,324.6376677,0,324.6376677,324.6376677,259,2.88E+06,2.66E+06,219099.7365,5.54E+06
2024/8/29,Railgun,166,93.67496542,0,93.67496542,93.67496542,296,945886.0841,2.56E+06,-1.61E+06,3.50E+06
2024/8/30,Railgun,158,342.6418799,0,342.6418799,342.6418799,394,1.61E+06,2.63E+06,-1.03E+06,4.24E+06
2024/8/31,Railgun,131,76.38111122,0,76.38111122,76.38111122,315,983527.8643,1.14E+06,-152722.1528,2.12E+06
2024/9/1,Railgun,163,194.2415461,0,194.2415461,194.2415461,517,2.17E+06,2.02E+06,152147.6799,4.20E+06
2024/9/2,Railgun,144,891.291032,0,891.291032,891.291032,340,3.12E+06,4.15E+06,-1.03E+06,7.27E+06
2024/9/3,Railgun,176,485.3203106,0,485.3203106,485.3203106,447,2.56E+06,3.98E+06,-1.42E+06,6.54E+06
2024/9/4,Railgun,121,310.8760672,0,310.8760672,310.8760672,305,2.67E+06,2.97E+06,-300895.1265,5.65E+06
2024/9/5,Railgun,180,562.492972,0,562.492972,562.492972,383,3.01E+06,3.75E+06,-738650.2911,6.76E+06
2024/9/6,Railgun,136,897.2572602,0,897.2572602,897.2572602,337,4.60E+06,5.75E+06,-1.14E+06,1.04E+07
2024/9/7,Railgun,95,145.2855826,0,145.2855826,145.2855826,213,1.99E+06,952444.7096,1.04E+06,2.94E+06
2024/9/8,Railgun,93,186.4442358,0,186.4442358,186.4442358,221,912726.8272,855370.0176,57356.80953,1.77E+06
2024/9/9,Railgun,145,393.7543816,0,393.7543816,393.7543816,339,3.04E+06,2.90E+06,134816.9485,5.94E+06
2024/9/10,Railgun,129,440.6553945,0,440.6553945,440.6553945,285,2.83E+06,3.01E+06,-177257.9882,5.85E+06
2024/9/11,Railgun,101,184.6220083,0,184.6220083,184.6220083,234,1.83E+06,2.10E+06,-272066.5232,3.94E+06
2024/9/12,Railgun,135,146.6961514,0,146.6961514,146.6961514,372,2.33E+06,2.31E+06,21038.27094,4.64E+06
2024/9/13,Railgun,151,441.5115656,0,441.5115656,441.5115656,390,2.27E+06,2.34E+06,-72117.17072,4.62E+06
2024/9/14,Railgun,123,145.737249,0,145.737249,145.737249,327,2.80E+06,2.72E+06,73629.68512,5.52E+06
2024/9/15,Railgun,70,399.6531437,0,399.6531437,399.6531437,197,2.28E+06,2.16E+06,122044.4897,4.44E+06
2024/9/16,Railgun,129,670.7666745,0,670.7666745,670.7666745,296,6.52E+06,3.77E+06,2.75E+06,1.03E+07
2024/9/17,Railgun,151,739.1120305,0,739.1120305,739.1120305,328,4.30E+06,3.43E+06,865442.832,7.72E+06
2024/9/18,Railgun,146,709.0544726,0,709.0544726,709.0544726,318,6.00E+06,6.03E+06,-35472.11514,1.20E+07
2024/9/19,Railgun,120,330.2545153,0,330.2545153,330.2545153,253,3.04E+06,3.02E+06,22211.16002,6.07E+06
2024/9/20,Railgun,125,715.2560506,0,715.2560506,715.2560506,309,3.38E+06,4.07E+06,-681833.9167,7.45E+06
2024/9/21,Railgun,93,309.5455346,0,309.5455346,309.5455346,246,1.64E+06,2.08E+06,-436746.9518,3.72E+06
2024/9/22,Railgun,78,316.6953484,0,316.6953484,316.6953484,169,2.42E+06,3.20E+06,-775607.0045,5.62E+06
2024/9/23,Railgun,119,260.418378,0,260.418378,260.418378,215,3.52E+06,2.29E+06,1.23E+06,5.81E+06
2024/9/24,Railgun,85,869.2250432,0,869.2250432,869.2250432,211,3.11E+06,5.78E+06,-2.68E+06,8.89E+06
2024/9/25,Railgun,110,203.6614402,0,203.6614402,203.6614402,259,3.02E+06,3.02E+06,3999.689346,6.04E+06
2024/9/26,Railgun,110,676.8166346,0,676.8166346,676.8166346,265,3.63E+06,3.98E+06,-355560.5807,7.61E+06
2024/9/27,Railgun,136,1281.957621,0,1281.957621,1281.957621,406,7.19E+06,5.66E+06,1.52E+06,1.28E+07
2024/9/28,Railgun,101,1160.272017,0,1160.272017,1160.272017,303,8.37E+06,3.79E+06,4.58E+06,1.22E+07
2024/9/29,Railgun,98,1256.919038,0,1256.919038,1256.919038,210,9.63E+06,9.01E+06,622877.1915,1.86E+07
2024/9/30,Railgun,159,331.3539133,0,331.3539133,331.3539133,411,1.25E+07,7.44E+06,5.07E+06,2.00E+07
2024/10/1,Railgun,223,736.5749686,0,736.5749686,736.5749686,442,1.12E+07,1.13E+07,-131874.9452,2.25E+07
2024/10/2,Railgun,150,427.6622375,0,427.6622375,427.6622375,394,8.49E+06,1.01E+07,-1.61E+06,1.86E+07
2024/10/3,Railgun,129,340.6629888,0,340.6629888,340.6629888,357,2.51E+06,2.45E+06,50841.62569,4.96E+06
2024/10/4,Railgun,101,502.1451821,0,502.1451821,502.1451821,325,3.90E+06,9.01E+06,-5.11E+06,1.29E+07
2024/10/5,Railgun,93,415.6340883,0,415.6340883,415.6340883,212,2.19E+06,2.58E+06,-388537.1224,4.76E+06
2024/10/6,Railgun,100,1313.522772,0,1313.522772,1313.522772,224,8.17E+06,8.53E+06,-367250.484,1.67E+07
2024/10/7,Railgun,103,504.0808376,0,504.0808376,504.0808376,274,3.05E+06,3.31E+06,-262963.4729,6.36E+06
2024/10/8,Railgun,96,366.0007881,0,366.0007881,366.0007881,273,2.68E+06,3.28E+06,-602047.6139,5.96E+06
2024/10/9,Railgun,91,744.146153,0,744.146153,744.146153,215,3.38E+06,3.79E+06,-413153.9653,7.17E+06
2024/10/10,Railgun,128,254.7922596,0,254.7922596,254.7922596,318,2.06E+06,2.28E+06,-221399.4819,4.34E+06
2024/10/11,Railgun,127,1809.449884,0,1809.449884,1809.449884,326,7.20E+06,7.05E+06,146982.0882,1.43E+07
2024/10/12,Railgun,110,241.062444,0,241.062444,241.062444,264,6.23E+06,6.78E+06,-542370.8905,1.30E+07
2024/10/13,Railgun,97,624.4197161,0,624.4197161,624.4197161,220,3.94E+06,4.90E+06,-967349.1473,8.84E+06
2024/10/14,Railgun,120,1428.597367,0,1428.597367,1428.597367,277,8.27E+06,1.22E+07,-3.90E+06,2.04E+07
2024/10/15,Railgun,116,1587.581982,0,1587.581982,1587.581982,261,8.01E+06,1.01E+07,-2.12E+06,1.81E+07
2024/10/16,Railgun,133,1603.94581,0,1603.94581,1603.94581,295,6.91E+06,6.70E+06,207533.9542,1.36E+07
2024/10/17,Railgun,126,516.8109596,0,516.8109596,516.8109596,295,6.02E+06,7.16E+06,-1.13E+06,1.32E+07
2024/10/18,Railgun,127,856.0473685,0,856.0473685,856.0473685,325,5.52E+06,5.31E+06,216547.3752,1.08E+07
2024/10/19,Railgun,135,110.5427127,0,110.5427127,110.5427127,349,3.63E+06,2.98E+06,652573.9666,6.61E+06
2024/10/20,Railgun,143,30.67119145,0,30.67119145,30.67119145,342,4.23E+06,4.50E+06,-268238.9878,8.73E+06
2024/10/21,Railgun,131,1061.227815,0,1061.227815,1061.227815,336,5.34E+06,6.13E+06,-795555.3286,1.15E+07
2024/10/22,Railgun,150,788.4916904,0,788.4916904,788.4916904,361,3.98E+06,4.90E+06,-920546.2777,8.89E+06
2024/10/23,Railgun,95,939.1356923,0,939.1356923,939.1356923,311,8.95E+06,9.35E+06,-400191.7424,1.83E+07
2024/10/24,Railgun,77,596.2366319,0,596.2366319,596.2366319,185,4.08E+06,3.75E+06,333291.4032,7.83E+06
2024/10/25,Railgun,112,648.7477316,0,648.7477316,648.7477316,291,6.77E+06,7.01E+06,-235448.6685,1.38E+07
2024/10/26,Railgun,100,174.8085677,0,174.8085677,174.8085677,249,978976.9506,1.24E+06,-263461.3747,2.22E+06
2024/10/27,Railgun,84,257.3211612,0,257.3211612,257.3211612,164,956373.492,1.13E+06,-173867.9236,2.09E+06
2024/10/28,Railgun,59,187.6767332,0,187.6767332,187.6767332,120,989848.6814,2.45E+06,-1.46E+06,3.44E+06
2024/10/29,Railgun,83,169.7547843,0,169.7547843,169.7547843,184,1.18E+06,1.32E+06,-137588.5099,2.49E+06
2024/10/30,Railgun,141,641.5171417,0,641.5171417,641.5171417,299,4.93E+06,6.43E+06,-1.50E+06,1.14E+07
2024/10/31,Railgun,99,235.6021725,0,235.6021725,235.6021725,199,1.36E+06,1.59E+06,-223961.0639,2.95E+06
2024/11/1,Railgun,110,159.0136184,0,159.0136184,159.0136184,248,2.10E+06,2.70E+06,-596619.7511,4.80E+06
2024/11/2,Railgun,96,128.4197434,0,128.4197434,128.4197434,279,912092.5386,928222.1279,-16129.58925,1.84E+06
2024/11/3,Railgun,112,66.36839611,0,66.36839611,66.36839611,252,632356.294,941879.3728,-309523.0789,1.57E+06
2024/11/4,Railgun,119,170.2947894,0,170.2947894,170.2947894,283,1.78E+06,1.91E+06,-129843.7765,3.69E+06
2024/11/5,Railgun,155,1456.234083,0,1456.234083,1456.234083,358,4.67E+06,5.03E+06,-359012.4794,9.70E+06
2024/11/6,Railgun,84,284.857294,0,284.857294,284.857294,188,3.21E+06,3.49E+06,-281296.7604,6.70E+06
2024/11/7,Railgun,92,431.2463243,0,431.2463243,431.2463243,177,2.72E+06,3.64E+06,-924183.5043,6.36E+06
2024/11/8,Railgun,113,300.4863444,0,300.4863444,300.4863444,224,3.11E+06,3.22E+06,-109591.5819,6.33E+06
2024/11/9,Railgun,118,166.2114865,0,166.2114865,166.2114865,223,4.09E+06,4.25E+06,-157388.5802,8.33E+06
2024/11/10,Railgun,96,99.59960149,0,99.59960149,99.59960149,185,5.96E+06,7.54E+06,-1.58E+06,1.35E+07
2024/11/11,Railgun,116,395.8678183,0,395.8678183,395.8678183,327,4.09E+06,3.48E+06,614335.642,7.57E+06
2024/11/12,Railgun,101,392.605777,0,392.605777,392.605777,200,4.87E+06,5.07E+06,-203319.0945,9.94E+06
2024/11/13,Railgun,90,262.9966943,0,262.9966943,262.9966943,172,4.75E+06,4.55E+06,197774.0468,9.30E+06
2024/11/14,Railgun,76,201.5620893,0,201.5620893,201.5620893,147,3.74E+06,5.42E+06,-1.68E+06,9.16E+06
2024/11/15,Railgun,103,196.8217713,0,196.8217713,196.8217713,209,1.68E+06,1.14E+06,543825.5299,2.82E+06
2024/11/16,Railgun,79,302.0898987,0,302.0898987,302.0898987,175,1.91E+06,2.44E+06,-530815.5041,4.35E+06
2024/11/17,Railgun,95,213.9247874,0,213.9247874,213.9247874,236,1.69E+06,1.31E+06,387918.8011,3.00E+06
2024/11/18,Railgun,173,515.789001,0,515.789001,515.789001,367,7.62E+06,4.79E+06,2.83E+06,1.24E+07
2024/11/19,Railgun,158,410.26422,0,410.26422,410.26422,272,4.20E+06,4.61E+06,-413159.9385,8.80E+06
2024/11/20,Railgun,128,293.0050731,0,293.0050731,293.0050731,277,4.25E+06,5.04E+06,-793368.5092,9.29E+06
2024/11/21,Railgun,149,887.3731987,0,887.3731987,887.3731987,210,5.23E+06,5.57E+06,-343386.205,1.08E+07
2024/11/22,Railgun,101,526.2634847,0,526.2634847,526.2634847,219,2.93E+06,2.97E+06,-38292.98266,5.91E+06
2024/11/23,Railgun,100,77.5079496,0,77.5079496,77.5079496,159,2.62E+06,1.89E+06,731122.147,4.51E+06
2024/11/24,Railgun,114,150.9582668,0,150.9582668,150.9582668,260,6.72E+06,5.79E+06,929498.3355,1.25E+07
2024/11/25,Railgun,81,79.89896396,0,79.89896396,79.89896396,150,1.87E+06,1.51E+06,361028.4073,3.38E+06
2024/11/26,Railgun,103,67.70382037,0,67.70382037,67.70382037,209,1.29E+06,1.77E+06,-478554.4573,3.05E+06
2024/11/27,Railgun,164,231.9815359,0,231.9815359,231.9815359,203,2.05E+06,2.40E+06,-347200.5206,4.45E+06
2024/11/28,Railgun,166,413.4575291,0,413.4575291,413.4575291,376,3.82E+06,5.45E+06,-1.63E+06,9.27E+06
2024/11/29,Railgun,130,287.9171767,0,287.9171767,287.9171767,253,2.85E+06,3.11E+06,-253903.1456,5.96E+06
2024/11/30,Railgun,104,521.5791611,0,521.5791611,521.5791611,250,3.30E+06,3.17E+06,136009.6423,6.47E+06
2024/12/1,Railgun,123,194.6011373,0,194.6011373,194.6011373,204,1.46E+06,2.16E+06,-698443.3042,3.63E+06
2024/12/2,Railgun,103,414.7955937,0,414.7955937,414.7955937,257,2.11E+06,2.17E+06,-51609.57616,4.28E+06
2024/12/3,Railgun,104,407.2946088,0,407.2946088,407.2946088,235,3.77E+06,4.17E+06,-399579.4121,7.94E+06
2024/12/4,Railgun,107,543.9192669,0,543.9192669,543.9192669,222,5.42E+06,5.52E+06,-99895.85391,1.09E+07
2024/12/5,Railgun,70,184.552869,0,184.552869,184.552869,151,1.82E+06,1.13E+06,684653.2104,2.95E+06
2024/12/6,Railgun,72,35.16643822,0,35.16643822,35.16643822,134,714492.4432,685549.6445,28942.79863,1.40E+06
2024/12/7,Railgun,95,142.9124295,0,142.9124295,142.9124295,195,1.73E+06,3.24E+06,-1.51E+06,4.97E+06
2024/12/8,Railgun,142,331.4952111,0,331.4952111,331.4952111,308,3.10E+06,3.53E+06,-431593.875,6.63E+06
2024/12/9,Railgun,78,140.2359333,0,140.2359333,140.2359333,163,1.89E+06,1.84E+06,47834.42435,3.73E+06
2024/12/10,Railgun,84,337.2053814,0,337.2053814,337.2053814,184,2.32E+06,2.69E+06,-361442.2858,5.01E+06
2024/12/11,Railgun,114,252.4449121,0,252.4449121,252.4449121,256,2.84E+06,3.33E+06,-481878.6495,6.17E+06
2024/12/12,Railgun,120,126.0253308,0,126.0253308,126.0253308,180,2.87E+06,2.17E+06,704352.4902,5.04E+06
2024/12/13,Railgun,110,255.5230447,0,255.5230447,255.5230447,230,2.54E+06,2.21E+06,331874.0196,4.76E+06
2024/12/14,Railgun,145,1242.939943,0,1242.939943,1242.939943,428,7.85E+06,8.25E+06,-395415.4183,1.61E+07
2024/12/15,Railgun,117,226.6175244,0,226.6175244,226.6175244,242,5.92E+06,4.93E+06,990354.4308,1.09E+07
2024/12/16,Railgun,127,605.4220378,0,605.4220378,605.4220378,274,4.60E+06,4.61E+06,-15202.01115,9.21E+06
2024/12/17,Railgun,135,787.123146,0,787.123146,787.123146,229,6.89E+06,6.02E+06,876750.1653,1.29E+07
2024/12/18,Railgun,168,562.4417081,0,562.4417081,562.4417081,256,4.13E+06,7.20E+06,-3.06E+06,1.13E+07
2024/12/19,Railgun,105,617.268432,0,617.268432,617.268432,167,4.28E+06,3.86E+06,415980.2879,8.14E+06
2024/12/20,Railgun,103,393.3836171,0,393.3836171,393.3836171,171,3.22E+06,3.03E+06,192749.3281,6.24E+06
2024/12/21,Railgun,96,394.1616407,0,394.1616407,394.1616407,257,4.03E+06,2.67E+06,1.36E+06,6.71E+06
2024/12/22,Railgun,97,492.8200485,0,492.8200485,492.8200485,229,2.12E+06,2.50E+06,-370991.5661,4.62E+06
2024/12/23,Railgun,83,355.7581482,0,355.7581482,355.7581482,232,2.10E+06,2.91E+06,-805939.0768,5.01E+06
2024/12/24,Railgun,70,106.4180757,0,106.4180757,106.4180757,160,2.78E+06,2.87E+06,-91130.71184,5.64E+06
2024/12/25,Railgun,60,162.4704764,0,162.4704764,162.4704764,145,1.97E+06,2.45E+06,-478871.7618,4.41E+06
2024/12/26,Railgun,57,159.5075604,0,159.5075604,159.5075604,141,1.61E+06,3.37E+06,-1.75E+06,4.98E+06
2024/12/27,Railgun,82,579.5904505,0,579.5904505,579.5904505,152,3.39E+06,3.77E+06,-379965.0508,7.15E+06
2024/12/28,Railgun,113,1001.625954,0,1001.625954,1001.625954,252,5.09E+06,5.36E+06,-270495.1072,1.04E+07
2024/12/29,Railgun,107,309.9676932,0,309.9676932,309.9676932,214,2.37E+06,2.71E+06,-343692.3105,5.08E+06
2024/12/30,Railgun,105,4384.952446,0,4384.952446,4384.952446,262,1.78E+07,1.81E+07,-321635.1323,3.60E+07
2024/12/31,Railgun,130,6398.312413,0,6398.312413,6398.312413,343,2.73E+07,2.73E+07,19217.62286,5.45E+07
2025/1/1,Railgun,110,171.322034,0,171.322034,171.322034,222,2.25E+06,1.61E+06,637695.7282,3.86E+06
2025/1/2,Railgun,132,262.7736688,0,262.7736688,262.7736688,292,6.52E+06,8.05E+06,-1.53E+06,1.46E+07
2025/1/3,Railgun,87,593.6512398,0,593.6512398,593.6512398,178,2.98E+06,3.92E+06,-932943.6723,6.90E+06
2025/1/4,Railgun,148,491.5078005,0,491.5078005,491.5078005,310,6.13E+06,7.12E+06,-991725.1781,1.33E+07
2025/1/5,Railgun,133,197.1997911,0,197.1997911,197.1997911,347,2.07E+06,2.44E+06,-370429.6077,4.50E+06
2025/1/6,Railgun,104,537.1869835,0,537.1869835,537.1869835,220,3.37E+06,3.19E+06,181222.4241,6.56E+06
2025/1/7,Railgun,118,418.1690584,0,418.1690584,418.1690584,262,3.69E+06,4.06E+06,-364561.1233,7.75E+06
2025/1/8,Railgun,101,130.9878175,0,130.9878175,130.9878175,317,2.36E+06,2.21E+06,145419.459,4.57E+06
2025/1/9,Railgun,122,583.8199933,0,583.8199933,583.8199933,331,1.86E+07,1.86E+07,38728.39554,3.72E+07
2025/1/10,Railgun,129,226.5705432,0,226.5705432,226.5705432,307,2.33E+06,2.80E+06,-468384.5682,5.12E+06
2025/1/11,Railgun,134,314.601222,0,314.601222,314.601222,317,2.38E+06,2.31E+06,69406.99556,4.69E+06
2025/1/12,Railgun,97,656.9654729,0,656.9654729,656.9654729,252,3.48E+06,3.41E+06,71172.81931,6.89E+06
2025/1/13,Railgun,62,430.292469,0,430.292469,430.292469,158,2.74E+06,2.97E+06,-227921.5714,5.71E+06
2025/1/14,Railgun,88,433.6347528,0,433.6347528,433.6347528,191,2.54E+06,2.37E+06,166007.7997,4.91E+06
2025/1/15,Railgun,133,337.1034772,0,337.1034772,337.1034772,287,5.01E+06,4.59E+06,417525.896,9.60E+06
2025/1/16,Railgun,157,708.951049,0,708.951049,708.951049,376,6.59E+06,6.38E+06,201531.725,1.30E+07
2025/1/17,Railgun,154,331.0134139,0,331.0134139,331.0134139,279,2.88E+06,3.87E+06,-988664.9208,6.75E+06
2025/1/18,Railgun,92,599.898921,0,599.898921,599.898921,259,4.43E+06,5.05E+06,-616223.6433,9.48E+06
2025/1/19,Railgun,147,924.8248834,0,924.8248834,924.8248834,297,8.69E+06,8.33E+06,356389.7947,1.70E+07
2025/1/20,Railgun,164,555.6486566,0,555.6486566,555.6486566,315,4.53E+06,4.79E+06,-264918.7897,9.32E+06
2025/1/21,Railgun,153,310.3337828,0,310.3337828,310.3337828,248,5.29E+06,4.53E+06,762662.0421,9.82E+06
2025/1/22,Railgun,94,345.873973,0,345.873973,345.873973,218,3.17E+06,3.33E+06,-161003.9861,6.49E+06
2025/1/23,Railgun,130,416.7768808,0,416.7768808,416.7768808,372,5.52E+06,5.16E+06,362424.7237,1.07E+07
2025/1/24,Railgun,158,291.955584,0,291.955584,291.955584,417,4.58E+06,5.94E+06,-1.36E+06,1.05E+07
2025/1/25,Railgun,108,709.8881216,0,709.8881216,709.8881216,269,7.21E+06,6.47E+06,741086.2997,1.37E+07
2025/1/26,Railgun,113,284.2705413,0,284.2705413,284.2705413,281,4.28E+06,4.04E+06,243096.2378,8.31E+06
2025/1/27,Railgun,109,274.6526589,0,274.6526589,274.6526589,218,2.76E+06,1.80E+06,967757.5605,4.56E+06
2025/1/28,Railgun,147,332.3246918,0,332.3246918,332.3246918,302,3.28E+06,2.51E+06,769487.3497,5.80E+06
2025/1/29,Railgun,107,524.8775151,0,524.8775151,524.8775151,271,2.60E+06,3.50E+06,-899023.6268,6.10E+06
2025/1/30,Railgun,201,415.4987761,0,415.4987761,415.4987761,414,5.26E+06,4.93E+06,329662.0216,1.02E+07
2025/1/31,Railgun,139,1690.218777,0,1690.218777,1690.218777,325,8.56E+06,9.59E+06,-1.03E+06,1.82E+07
2025/2/1,Railgun,108,1889.08145,0,1889.08145,1889.08145,221,9.79E+06,9.69E+06,97131.45283,1.95E+07
2025/2/2,Railgun,102,239.054837,0,239.054837,239.054837,219,3.27E+06,4.09E+06,-824014.394,7.36E+06
2025/2/3,Railgun,99,626.4434382,0,626.4434382,626.4434382,198,5.32E+06,5.84E+06,-521862.7736,1.12E+07
2025/2/4,Railgun,165,305.4410732,0,305.4410732,305.4410732,468,2.74E+06,4.71E+06,-1.98E+06,7.45E+06
2025/2/5,Railgun,125,250.5353009,0,250.5353009,250.5353009,278,4.19E+06,2.29E+06,1.91E+06,6.48E+06
2025/2/6,Railgun,145,511.6464672,0,511.6464672,511.6464672,312,4.24E+06,4.62E+06,-379565.2124,8.87E+06
2025/2/7,Railgun,96,272.4249267,0,272.4249267,272.4249267,236,8.24E+06,4.92E+06,3.32E+06,1.32E+07
2025/2/8,Railgun,111,115.1881255,0,115.1881255,115.1881255,234,3.76E+06,4.78E+06,-1.03E+06,8.54E+06
2025/2/9,Railgun,135,97.27179873,0,97.27179873,97.27179873,257,2.91E+06,3.86E+06,-949290.116,6.77E+06
2025/2/10,Railgun,135,67.21144895,0,67.21144895,67.21144895,312,4.45E+06,1.13E+06,3.33E+06,5.58E+06
2025/2/11,Railgun,114,1387.772626,0,1387.772626,1387.772626,248,8.79E+06,9.30E+06,-508940.4717,1.81E+07
2025/2/12,Railgun,108,865.8012306,0,865.8012306,865.8012306,254,6.02E+06,9.23E+06,-3.21E+06,1.52E+07
2025/2/13,Railgun,190,1615.963138,0,1615.963138,1615.963138,366,9.88E+06,1.28E+07,-2.95E+06,2.27E+07
2025/2/14,Railgun,133,1316.55206,0,1316.55206,1316.55206,253,6.10E+06,6.44E+06,-348008.8752,1.25E+07
2025/2/15,Railgun,148,835.9335488,0,835.9335488,835.9335488,319,7.50E+06,7.74E+06,-233247.4267,1.52E+07
2025/2/16,Railgun,160,1108.886504,0,1108.886504,1108.886504,349,7.82E+06,7.49E+06,328850.347,1.53E+07
2025/2/17,Railgun,148,2062.826662,0,2062.826662,2062.826662,311,8.30E+06,1.10E+07,-2.65E+06,1.93E+07
2025/2/18,Railgun,206,2446.124335,0,2446.124335,2446.124335,410,1.36E+07,1.33E+07,353444.5033,2.69E+07
2025/2/19,Railgun,205,1802.318371,0,1802.318371,1802.318371,408,1.03E+07,1.05E+07,-218852.2806,2.08E+07
2025/2/20,Railgun,199,1595.191776,0,1595.191776,1595.191776,392,1.60E+07,1.48E+07,1.16E+06,3.08E+07
2025/2/21,Railgun,130,231.9419991,0,231.9419991,231.9419991,316,2.29E+06,3.56E+06,-1.27E+06,5.85E+06
2025/2/22,Railgun,135,318.0732273,0,318.0732273,318.0732273,289,8.93E+06,4.78E+06,4.15E+06,1.37E+07
2025/2/23,Railgun,106,367.348259,0,367.348259,367.348259,323,4.75E+06,6.54E+06,-1.78E+06,1.13E+07
2025/2/24,Railgun,118,1938.092085,0,1938.092085,1938.092085,461,7.46E+06,1.12E+07,-3.74E+06,1.87E+07
2025/2/25,Railgun,132,120.7075499,0,120.7075499,120.7075499,287,2.30E+06,2.27E+06,25032.48366,4.57E+06
2025/2/26,Railgun,124,78.00005752,0,78.00005752,78.00005752,258,1.91E+06,1.84E+06,70794.31578,3.74E+06
2025/2/27,Railgun,159,147.6906396,0,147.6906396,147.6906396,369,2.56E+06,1.85E+06,714592.0698,4.41E+06
2025/2/28,Railgun,138,131.5093468,0,131.5093468,131.5093468,288,2.10E+06,2.37E+06,-273069.2428,4.47E+06
2025/3/1,Railgun,65,189.4559318,0,189.4559318,189.4559318,175,1.14E+06,1.20E+06,-67030.36512,2.34E+06
2025/3/2,Railgun,117,242.3582378,0,242.3582378,242.3582378,236,2.44E+06,1.84E+06,605900.4027,4.28E+06
2025/3/3,Railgun,242,406.5242108,0,406.5242108,406.5242108,462,4.16E+06,4.30E+06,-138611.0649,8.46E+06
2025/3/4,Railgun,166,254.6860364,0,254.6860364,254.6860364,478,3.91E+06,1.83E+06,2.08E+06,5.74E+06
2025/3/5,Railgun,170,329.7342345,0,329.7342345,329.7342345,399,4.17E+06,4.29E+06,-121137.7494,8.46E+06
2025/3/6,Railgun,115,217.6274905,0,217.6274905,217.6274905,246,1.79E+06,3.15E+06,-1.36E+06,4.94E+06
2025/3/7,Railgun,171,1639.898529,0,1639.898529,1639.898529,404,6.09E+06,6.41E+06,-320955.7461,1.25E+07
2025/3/8,Railgun,82,60.64394838,0,60.64394838,60.64394838,185,1.55E+06,2.09E+06,-543153.0779,3.64E+06
2025/3/9,Railgun,113,154.6336457,0,154.6336457,154.6336457,279,4.99E+06,3.01E+06,1.98E+06,8.01E+06
2025/3/10,Railgun,146,70.53721922,0,70.53721922,70.53721922,363,4.36E+06,3.44E+06,922456.4777,7.79E+06
2025/3/11,Railgun,160,1212.598141,0,1212.598141,1212.598141,524,6.35E+06,5.64E+06,709666.387,1.20E+07
2025/3/12,Railgun,110,441.8195124,0,441.8195124,441.8195124,232,1.41E+06,1.83E+06,-419222.1302,3.23E+06
2025/3/13,Railgun,163,1006.192421,0,1006.192421,1006.192421,367,3.68E+06,4.17E+06,-499356.218,7.85E+06
2025/3/14,Railgun,134,188.8260981,0,188.8260981,188.8260981,303,1.94E+06,2.01E+06,-75486.9426,3.95E+06
2025/3/15,Railgun,84,29.07329673,0,29.07329673,29.07329673,140,1.44E+06,1.48E+06,-47070.75834,2.92E+06
2025/3/16,Railgun,92,230.5856727,0,230.5856727,230.5856727,200,783422.4122,948513.3067,-165090.8945,1.73E+06
2025/3/17,Railgun,161,873.4205912,0,873.4205912,873.4205912,357,2.72E+06,3.74E+06,-1.02E+06,6.46E+06
2025/3/18,Railgun,108,75.67052849,0,75.67052849,75.67052849,234,1.22E+06,856960.7119,367589.9514,2.08E+06
2025/3/19,Railgun,189,533.5666741,0,533.5666741,533.5666741,420,2.33E+06,1.89E+06,448082.6285,4.22E+06
2025/3/20,Railgun,166,1373.431156,0,1373.431156,1373.431156,378,5.18E+06,4.70E+06,479139.1763,9.88E+06
2025/3/21,Railgun,117,342.0583032,0,342.0583032,342.0583032,200,1.86E+06,1.98E+06,-120369.5421,3.84E+06
2025/3/22,Railgun,95,141.7390629,0,141.7390629,141.7390629,208,1.42E+06,1.10E+06,315328.3597,2.52E+06
2025/3/23,Railgun,146,295.8369905,0,295.8369905,295.8369905,287,1.39E+06,1.28E+06,106991.1549,2.68E+06
2025/3/24,Railgun,191,248.4917423,0,248.4917423,248.4917423,393,2.14E+06,1.89E+06,249774.5846,4.02E+06
2025/3/25,Railgun,121,392.944518,0,392.944518,392.944518,393,3.55E+06,4.00E+06,-456356.6565,7.55E+06
2025/3/26,Railgun,126,1038.028651,0,1038.028651,1038.028651,291,3.89E+06,3.74E+06,150180.0831,7.63E+06
2025/3/27,Railgun,184,1188.258833,0,1188.258833,1188.258833,321,6.25E+06,5.70E+06,548647.1512,1.20E+07
2025/3/28,Railgun,184,1730.144993,0,1730.144993,1730.144993,495,7.09E+06,8.14E+06,-1.05E+06,1.52E+07
2025/3/29,Railgun,165,803.7383264,0,803.7383264,803.7383264,412,5.51E+06,5.02E+06,489861.0562,1.05E+07
2025/3/30,Railgun,141,328.9250561,0,328.9250561,328.9250561,273,3.35E+06,2.65E+06,692606.7546,6.00E+06
2025/3/31,Railgun,177,173.0672586,0,173.0672586,173.0672586,388,1.62E+06,1.41E+06,202435.0185,3.03E+06
2025/4/1,Railgun,141,515.8446341,0,515.8446341,515.8446341,325,1.87E+06,1.72E+06,154805.7791,3.59E+06
2025/4/2,Railgun,181,237.1412732,0,237.1412732,237.1412732,386,1.78E+06,2.03E+06,-246032.1101,3.80E+06
2025/4/3,Railgun,116,143.3992658,0,143.3992658,143.3992658,259,1.08E+06,2.17E+06,-1.10E+06,3.25E+06
2025/4/4,Railgun,124,106.81107,0,106.81107,106.81107,283,2.90E+06,2.42E+06,476150.9041,5.32E+06
2025/4/5,Railgun,158,364.5992967,0,364.5992967,364.5992967,354,2.87E+06,1.58E+06,1.29E+06,4.45E+06
2025/4/6,Railgun,118,648.7144631,0,648.7144631,648.7144631,296,1.62E+07,1.68E+07,-544396.497,3.30E+07
2025/4/7,Railgun,171,922.2475493,0,922.2475493,922.2475493,414,2.81E+06,4.32E+06,-1.52E+06,7.13E+06
2025/4/8,Railgun,212,390.9389654,0,390.9389654,390.9389654,468,2.49E+06,1.70E+06,791946.8248,4.20E+06
2025/4/9,Railgun,227,487.5358378,0,487.5358378,487.5358378,393,4.45E+06,4.16E+06,288104.8191,8.61E+06
2025/4/10,Railgun,198,1674.946572,0,1674.946572,1674.946572,361,7.11E+06,6.20E+06,911082.4807,1.33E+07
2025/4/11,Railgun,181,126.0109215,0,126.0109215,126.0109215,298,2.52E+06,2.08E+06,439532.8351,4.60E+06
2025/4/12,Railgun,158,339.0908116,0,339.0908116,339.0908116,398,3.37E+06,3.00E+06,369774.7921,6.36E+06
2025/4/13,Railgun,178,415.6467668,0,415.6467668,415.6467668,409,2.31E+06,1.57E+06,739914.006,3.87E+06
2025/4/14,Railgun,192,620.0505831,0,620.0505831,620.0505831,371,3.33E+06,4.16E+06,-826514.2723,7.48E+06
2025/4/15,Railgun,165,163.7968081,0,163.7968081,163.7968081,360,2.52E+06,2.58E+06,-59550.83652,5.09E+06
2025/4/16,Railgun,182,781.9870309,0,781.9870309,781.9870309,403,4.05E+06,4.48E+06,-436313.2918,8.53E+06
2025/4/17,Railgun,164,632.2171431,0,632.2171431,632.2171431,385,2.66E+06,3.44E+06,-776507.3658,6.10E+06
2025/4/18,Railgun,130,476.8153343,0,476.8153343,476.8153343,284,2.75E+06,2.60E+06,151919.1011,5.35E+06
2025/4/19,Railgun,151,846.7457588,0,846.7457588,846.7457588,424,3.59E+06,3.10E+06,488117.1095,6.69E+06
2025/4/20,Railgun,194,977.4847731,0,977.4847731,977.4847731,429,3.15E+06,3.29E+06,-140297.5172,6.43E+06
2025/4/21,Railgun,148,186.0429631,0,186.0429631,186.0429631,388,1.62E+06,2.03E+06,-406732.7002,3.65E+06
2025/4/22,Railgun,161,380.3417609,0,380.3417609,380.3417609,376,1.96E+06,2.33E+06,-365365.3034,4.29E+06
2025/4/23,Railgun,220,654.9267745,0,654.9267745,654.9267745,563,3.00E+06,2.93E+06,73935.07098,5.92E+06
2025/4/24,Railgun,137,222.3248284,0,222.3248284,222.3248284,283,877929.2854,1.44E+06,-557157.9547,2.31E+06
2025/4/25,Railgun,151,211.4642231,0,211.4642231,211.4642231,337,785531.0285,782106.6948,3424.333744,1.57E+06
2025/4/26,Railgun,171,362.3171998,0,362.3171998,362.3171998,392,2.01E+06,1.77E+06,244742.4664,3.78E+06
2025/4/27,Railgun,149,249.7197662,0,249.7197662,249.7197662,382,1.65E+06,1.57E+06,79778.22766,3.22E+06
2025/4/28,Railgun,165,831.5879866,0,831.5879866,831.5879866,409,3.42E+06,3.87E+06,-453503.7631,7.28E+06
2025/4/29,Railgun,189,915.107414,0,915.107414,915.107414,476,4.79E+06,4.57E+06,223303.1986,9.37E+06
2025/4/30,Railgun,228,150.1034262,0,150.1034262,150.1034262,457,1.97E+06,1.48E+06,481530.5076,3.45E+06
2025/5/1,Railgun,161,214.8444463,0,214.8444463,214.8444463,362,1.12E+06,1.36E+06,-245103.2624,2.48E+06
2025/5/2,Railgun,146,173.1718855,0,173.1718855,173.1718855,337,1.38E+06,1.98E+06,-597843.5353,3.35E+06
2025/5/3,Railgun,119,126.5878974,0,126.5878974,126.5878974,225,658935.0634,946965.9528,-288030.8894,1.61E+06
2025/5/4,Railgun,136,1465.62409,0,1465.62409,1465.62409,294,5.07E+06,4.94E+06,132514.3333,1.00E+07
2025/5/5,Railgun,172,590.1914439,0,590.1914439,590.1914439,396,4.56E+06,4.67E+06,-114523.1909,9.22E+06
2025/5/6,Railgun,173,103.373681,0,103.373681,103.373681,375,2.26E+06,1.61E+06,654174.7145,3.88E+06
2025/5/7,Railgun,112,73.94028776,0,73.94028776,73.94028776,309,2.03E+06,2.22E+06,-187151.2388,4.26E+06
2025/5/8,Railgun,174,254.9759717,0,254.9759717,254.9759717,421,4.23E+06,1.30E+06,2.93E+06,5.52E+06
2025/5/9,Railgun,148,118.8955776,0,118.8955776,118.8955776,335,2.65E+06,2.82E+06,-170317.0457,5.47E+06
2025/5/10,Railgun,137,873.4609176,0,873.4609176,873.4609176,351,5.14E+06,4.78E+06,361717.6741,9.91E+06
2025/5/11,Railgun,120,269.4331591,0,269.4331591,269.4331591,264,1.97E+06,4.72E+06,-2.75E+06,6.70E+06
2025/5/12,Railgun,157,585.5338166,0,585.5338166,585.5338166,422,3.17E+06,3.04E+06,126692.9081,6.21E+06
2025/5/13,Railgun,196,321.979961,0,321.979961,321.979961,433,7.26E+06,6.37E+06,888088.7703,1.36E+07
2025/5/14,Railgun,207,276.843991,0,276.843991,276.843991,583,4.49E+06,4.16E+06,327890.0974,8.65E+06
2025/5/15,Railgun,182,284.0821126,0,284.0821126,284.0821126,416,6.26E+06,7.46E+06,-1.21E+06,1.37E+07
2025/5/16,Railgun,144,53.30696406,0,53.30696406,53.30696406,501,2.08E+06,2.66E+06,-579930.9143,4.74E+06
2025/5/17,Railgun,112,27.98163171,0,27.98163171,27.98163171,260,2.53E+06,3.05E+06,-513287.7828,5.58E+06
2025/5/18,Railgun,120,28.53176764,0,28.53176764,28.53176764,232,2.17E+06,2.12E+06,50094.92368,4.30E+06
2025/5/19,Railgun,230,429.3963178,0,429.3963178,429.3963178,570,4.33E+06,4.97E+06,-643732.9783,9.30E+06
2025/5/20,Railgun,187,490.4205875,0,490.4205875,490.4205875,449,3.82E+06,3.57E+06,250691.8519,7.39E+06
2025/5/21,Railgun,184,40.89962048,0,40.89962048,40.89962048,641,2.01E+06,1.85E+06,158292.2046,3.86E+06
2025/5/22,Railgun,179,327.3724477,0,327.3724477,327.3724477,399,1.90E+06,1.91E+06,-9536.85314,3.81E+06
2025/5/23,Railgun,173,284.5641137,0,284.5641137,284.5641137,355,2.18E+06,2.16E+06,15055.86971,4.34E+06
2025/5/24,Railgun,140,195.7521075,0,195.7521075,195.7521075,367,1.48E+06,1.72E+06,-237726.3378,3.20E+06
2025/5/25,Railgun,208,3336.8902,0,3336.8902,3336.8902,479,1.22E+07,1.73E+07,-5.14E+06,2.94E+07
2025/5/26,Railgun,138,56.2624356,0,56.2624356,56.2624356,320,1.53E+06,1.82E+06,-291226.4982,3.34E+06
2025/5/27,Railgun,161,57.61089007,0,57.61089007,57.61089007,392,1.31E+06,1.63E+06,-315049.3161,2.94E+06
2025/5/28,Railgun,212,366.0980638,0,366.0980638,366.0980638,536,3.61E+06,3.84E+06,-231038.8331,7.45E+06
2025/5/29,Railgun,207,563.9743472,0,563.9743472,563.9743472,418,4.67E+06,4.13E+06,535603.7893,8.80E+06
2025/5/30,Railgun,296,626.1566815,0,626.1566815,626.1566815,631,7.65E+06,8.37E+06,-718811.2621,1.60E+07
2025/5/31,Railgun,148,211.4141781,0,211.4141781,211.4141781,376,2.40E+06,1.30E+06,1.11E+06,3.70E+06
2025/6/1,Railgun,123,37.50878537,0,37.50878537,37.50878537,325,851712.9956,1.37E+06,-516939.429,2.22E+06
2025/6/2,Railgun,173,118.6574694,0,118.6574694,118.6574694,395,1.61E+06,2.21E+06,-601884.4407,3.82E+06
2025/6/3,Railgun,147,95.50739534,0,95.50739534,95.50739534,314,1.67E+06,1.89E+06,-224166.5885,3.56E+06
2025/6/4,Railgun,208,1109.874069,0,1109.874069,1109.874069,408,6.33E+06,4.96E+06,1.36E+06,1.13E+07
2025/6/5,Railgun,169,109.6041911,0,109.6041911,109.6041911,319,2.40E+06,2.12E+06,281557.3103,4.51E+06
2025/6/6,Railgun,187,478.5184394,0,478.5184394,478.5184394,393,2.38E+06,2.73E+06,-346526.5153,5.11E+06
2025/6/7,Railgun,162,99.75396946,0,99.75396946,99.75396946,387,823311.3459,1.26E+06,-435376.5357,2.08E+06
2025/6/8,Railgun,152,125.3679024,0,125.3679024,125.3679024,340,1.05E+06,1.18E+06,-130924.3874,2.22E+06
2025/6/9,Railgun,180,85.53762143,0,85.53762143,85.53762143,390,3.45E+06,1.67E+06,1.77E+06,5.12E+06
2025/6/10,Railgun,208,609.5146445,0,609.5146445,609.5146445,513,3.44E+06,3.62E+06,-173287.4771,7.06E+06
2025/6/11,Railgun,224,285.2293233,0,285.2293233,285.2293233,457,5.19E+06,2.39E+06,2.80E+06,7.57E+06
2025/6/12,Railgun,240,353.60807,0,353.60807,353.60807,689,2.55E+06,7.36E+06,-4.80E+06,9.91E+06
2025/6/13,Railgun,184,114.9903329,0,114.9903329,114.9903329,438,4.77E+06,4.29E+06,482151.6308,9.06E+06
2025/6/14,Railgun,180,161.6162697,0,161.6162697,161.6162697,679,974971.0355,1.14E+06,-160149.8898,2.11E+06
2025/6/15,Railgun,151,1294.491032,0,1294.491032,1294.491032,498,6.96E+06,7.04E+06,-72260.92159,1.40E+07
2025/6/16,Railgun,172,291.51537,0,291.51537,291.51537,395,1.57E+06,1.70E+06,-128639.021,3.26E+06
2025/6/17,Railgun,214,162.529283,0,162.529283,162.529283,464,3.57E+06,2.82E+06,758616.9616,6.39E+06
2025/6/18,Railgun,173,346.7638507,0,346.7638507,346.7638507,457,1.79E+06,2.81E+06,-1.02E+06,4.60E+06
2025/6/19,Railgun,160,372.6851988,0,372.6851988,372.6851988,502,1.83E+06,2.63E+06,-791605.5556,4.46E+06
2025/6/20,Railgun,213,535.3801388,0,535.3801388,535.3801388,547,3.20E+06,3.39E+06,-197006.9958,6.59E+06
2025/6/21,Railgun,155,258.0837102,0,258.0837102,258.0837102,370,2.18E+06,2.17E+06,5449.065757,4.35E+06
2025/6/22,Railgun,115,38.44595782,0,38.44595782,38.44595782,245,389701.6576,589347.8359,-199646.1783,979049.4935
2025/6/23,Railgun,138,57.9946581,0,57.9946581,57.9946581,319,1.28E+06,1.21E+06,70606.13518,2.50E+06
2025/6/24,Railgun,147,215.4459396,0,215.4459396,215.4459396,379,2.33E+06,2.46E+06,-131255.8325,4.78E+06
2025/6/25,Railgun,139,359.1853718,0,359.1853718,359.1853718,345,1.86E+06,2.15E+06,-292956.3059,4.02E+06
2025/6/26,Railgun,176,216.9001132,0,216.9001132,216.9001132,402,1.89E+06,2.08E+06,-191209.4489,3.97E+06
2025/6/27,Railgun,217,107.3183849,0,107.3183849,107.3183849,587,1.72E+06,1.03E+06,689581.1623,2.74E+06
2025/6/28,Railgun,143,459.1048857,0,459.1048857,459.1048857,390,2.55E+06,2.36E+06,185029.3462,4.91E+06
2025/6/29,Railgun,131,341.5935959,0,341.5935959,341.5935959,322,1.18E+06,1.47E+06,-291577.1886,2.65E+06
2025/6/30,Railgun,191,150.875591,0,150.875591,150.875591,458,3.69E+06,4.43E+06,-745897.9774,8.12E+06
2025/7/1,Railgun,225,293.0557983,0,293.0557983,293.0557983,535,2.35E+06,1.98E+06,366749.8148,4.33E+06
2025/7/2,Railgun,217,212.8686323,0,212.8686323,212.8686323,581,2.85E+06,2.51E+06,342952.9352,5.36E+06
2025/7/3,Railgun,161,361.9884484,0,361.9884484,361.9884484,369,4.54E+06,5.68E+06,-1.13E+06,1.02E+07
2025/7/4,Railgun,258,324.9922101,0,324.9922101,324.9922101,588,3.29E+06,2.76E+06,528741.5721,6.05E+06
2025/7/5,Railgun,275,257.3286333,0,257.3286333,257.3286333,706,2.97E+06,1.45E+06,1.51E+06,4.42E+06
2025/7/6,Railgun,232,367.2097211,0,367.2097211,367.2097211,643,5.87E+06,6.45E+06,-583108.0375,1.23E+07
2025/7/7,Railgun,198,433.0518122,0,433.0518122,433.0518122,485,1.98E+06,2.44E+06,-455743.4976,4.42E+06
2025/7/8,Railgun,159,199.4281807,0,199.4281807,199.4281807,378,2.34E+06,2.03E+06,310099.8417,4.37E+06
2025/7/9,Railgun,227,604.4786347,0,604.4786347,604.4786347,624,2.56E+06,2.75E+06,-189101.0973,5.30E+06
2025/7/10,Railgun,210,147.0462494,0,147.0462494,147.0462494,515,1.50E+06,1.11E+06,382483.4338,2.61E+06
2025/7/11,Railgun,159,277.1213714,0,277.1213714,277.1213714,373,2.60E+06,2.77E+06,-165558.1194,5.37E+06
2025/7/12,Railgun,168,552.2895089,0,552.2895089,552.2895089,533,2.41E+06,2.70E+06,-291413.9216,5.11E+06
2025/7/13,Railgun,160,489.5591757,0,489.5591757,489.5591757,404,2.86E+06,3.07E+06,-204840.8866,5.93E+06
2025/7/14,Railgun,141,323.102559,0,323.102559,323.102559,348,2.17E+06,2.20E+06,-25150.88482,4.37E+06
2025/7/15,Railgun,91,38.46591315,0,38.46591315,38.46591315,208,1.94E+06,1.68E+06,266252.6702,3.62E+06
2025/7/16,Railgun,65,108.3524,0,108.3524,108.3524,112,2.02E+06,1.88E+06,147711.2918,3.90E+06
2025/7/17,Railgun,83,69.877,0,69.877,69.877,120,2.19E+06,453854.585,1.74E+06,2.64E+06
2025/7/18,Railgun,77,29.49,0,29.49,29.49,82,4.29E+06,295211.9091,3.99E+06,4.59E+06
2025/7/19,Railgun,70,48.45,0,48.45,48.45,86,985121.7098,511585.0778,473536.6321,1.50E+06
2025/7/20,Railgun,59,7.561699778,0,7.561699778,7.561699778,100,348681.2811,120842.8894,227838.3917,469524.1705
2025/7/21,Railgun,97,120.0320749,0,120.0320749,120.0320749,225,1.54E+06,1.55E+06,-16696.94054,3.09E+06
2025/7/22,Railgun,74,29.9346,0,29.9346,29.9346,85,545671.9248,210146.6582,335525.2666,755818.5829
2025/7/23,Railgun,89,188.485,0,188.485,188.485,169,3.30E+06,1.50E+06,1.80E+06,4.80E+06
2025/7/24,Railgun,74,530.771,0,530.771,530.771,128,4.99E+06,3.71E+06,1.28E+06,8.71E+06
2025/7/25,Railgun,41,5,0,5,5,77,608776.7604,799530.5965,-190753.8361,1.41E+06
2025/7/26,Railgun,29,3.2,0,3.2,3.2,33,80424.87025,269634.1002,-189209.2299,350058.9704
2025/7/27,Railgun,71,72.8995,0,72.8995,72.8995,102,998088.7364,793164.8853,204923.8512,1.79E+06
2025/7/28,Railgun,169,102.3897651,0,102.3897651,102.3897651,355,4.04E+06,5.90E+06,-1.86E+06,9.95E+06
2025/7/29,Railgun,418,756.1161262,0,756.1161262,756.1161262,1063,8.56E+06,7.81E+06,751029.3559,1.64E+07
2025/7/30,Railgun,205,365.6610973,0,365.6610973,365.6610973,523,4.57E+06,3.44E+06,1.13E+06,8.01E+06
2025/7/31,Railgun,176,194.3415162,0,194.3415162,194.3415162,455,3.43E+06,3.56E+06,-135551.1209,6.99E+06
2025/8/1,Railgun,280,249.4943814,0,249.4943814,249.4943814,711,3.06E+06,3.51E+06,-452042.9921,6.57E+06
2025/8/2,Railgun,263,339.1841795,0,339.1841795,339.1841795,641,3.35E+06,3.53E+06,-179385.7396,6.89E+06
2025/8/3,Railgun,217,356.3824623,0,356.3824623,356.3824623,515,2.48E+06,4.67E+06,-2.19E+06,7.14E+06
2025/8/4,Railgun,177,289.4566594,0,289.4566594,289.4566594,408,1.90E+06,2.32E+06,-411850.8052,4.22E+06
2025/8/5,Railgun,159,137.3180945,0,137.3180945,137.3180945,435,3.69E+06,4.46E+06,-775614.7082,8.15E+06
2025/8/6,Railgun,179,180.487059,0,180.487059,180.487059,446,2.06E+06,1.68E+06,381071.6773,3.74E+06
2025/8/7,Railgun,183,232.0776874,0,232.0776874,232.0776874,430,1.88E+06,2.00E+06,-121941.6084,3.87E+06
2025/8/8,Railgun,213,207.6648908,0,207.6648908,207.6648908,492,4.70E+06,3.64E+06,1.06E+06,8.35E+06
2025/8/9,Railgun,168,152.770214,0,152.770214,152.770214,352,4.29E+06,2.98E+06,1.30E+06,7.27E+06
2025/8/10,Railgun,211,259.5817662,0,259.5817662,259.5817662,600,4.19E+06,3.88E+06,312155.6864,8.06E+06
2025/8/11,Railgun,243,6262.968094,0,6262.968094,6262.968094,613,3.22E+07,2.99E+07,2.31E+06,6.21E+07
2025/8/12,Railgun,305,96.75362918,0,96.75362918,96.75362918,744,5.83E+06,5.64E+06,189064.6614,1.15E+07
2025/8/13,Railgun,239,1030.168391,0,1030.168391,1030.168391,525,1.15E+07,1.10E+07,506555.0147,2.25E+07
2025/8/14,Railgun,223,146.5145645,0,146.5145645,146.5145645,499,4.18E+06,4.09E+06,93551.57961,8.28E+06
2025/8/15,Railgun,214,183.5790525,0,183.5790525,183.5790525,592,3.22E+06,3.14E+06,85588.00696,6.36E+06
2025/8/16,Railgun,181,216.5127943,0,216.5127943,216.5127943,453,2.31E+06,3.08E+06,-773177.0127,5.39E+06
2025/8/17,Railgun,198,260.8803001,0,260.8803001,260.8803001,394,2.49E+06,2.81E+06,-319361.3733,5.30E+06
2025/8/18,Railgun,325,315.7178096,0,315.7178096,315.7178096,889,8.25E+06,7.47E+06,781911.8113,1.57E+07
2025/8/19,Railgun,225,180.4271775,0,180.4271775,180.4271775,490,3.85E+06,2.40E+06,1.46E+06,6.25E+06
2025/8/20,Railgun,288,592.9858746,0,592.9858746,592.9858746,711,7.60E+06,6.54E+06,1.06E+06,1.41E+07
2025/8/21,Railgun,196,432.8590464,0,432.8590464,432.8590464,424,4.45E+06,4.67E+06,-220540.5405,9.12E+06
2025/8/22,Railgun,235,134.3395035,0,134.3395035,134.3395035,617,5.33E+06,4.04E+06,1.29E+06,9.36E+06
2025/8/23,Railgun,196,197.2708523,0,197.2708523,197.2708523,424,2.72E+06,2.91E+06,-186971.6239,5.63E+06
2025/8/24,Railgun,221,189.6098787,0,189.6098787,189.6098787,491,4.49E+06,4.50E+06,-12619.4046,8.99E+06
2025/8/25,Railgun,209,536.854012,0,536.854012,536.854012,496,5.39E+06,5.05E+06,339243.1991,1.04E+07
2025/8/26,Railgun,271,327.9993854,0,327.9993854,327.9993854,659,4.26E+06,6.43E+06,-2.17E+06,1.07E+07
2025/8/27,Railgun,267,593.6424125,0,593.6424125,593.6424125,631,7.25E+06,6.96E+06,293948.2073,1.42E+07
2025/8/28,Railgun,215,1238.15711,0,1238.15711,1238.15711,482,1.28E+07,1.31E+07,-299854.5321,2.60E+07
2025/8/29,Railgun,238,1103.013793,0,1103.013793,1103.013793,497,6.58E+06,7.29E+06,-708203.2135,1.39E+07
2025/8/30,Railgun,183,230.3335189,0,230.3335189,230.3335189,477,2.75E+06,3.36E+06,-613074.6353,6.11E+06
2025/8/31,Railgun,175,399.0560537,0,399.0560537,399.0560537,412,3.62E+06,3.67E+06,-48676.27294,7.29E+06
2025/9/1,Railgun,215,331.0969749,0,331.0969749,331.0969749,423,4.66E+06,5.12E+06,-458443.5214,9.78E+06
2025/9/2,Railgun,213,202.2539314,0,202.2539314,202.2539314,481,2.63E+06,2.78E+06,-143162.4952,5.41E+06
2025/9/3,Railgun,262,361.8556408,0,361.8556408,361.8556408,779,3.63E+06,4.14E+06,-506257.2753,7.77E+06
2025/9/4,Railgun,214,559.2280842,0,559.2280842,559.2280842,457,8.31E+06,7.35E+06,965937.5884,1.57E+07
2025/9/5,Railgun,277,699.7111247,0,699.7111247,699.7111247,603,7.29E+06,8.42E+06,-1.13E+06,1.57E+07
2025/9/6,Railgun,146,254.6270814,0,254.6270814,254.6270814,372,2.69E+06,3.00E+06,-316811.1111,5.69E+06
2025/9/7,Railgun,205,217.4171237,0,217.4171237,217.4171237,569,3.09E+06,2.79E+06,296937.6808,5.87E+06
2025/9/8,Railgun,265,455.6226282,0,455.6226282,455.6226282,603,5.88E+06,6.65E+06,-763651.0052,1.25E+07
2025/9/9,Railgun,285,337.6996703,0,337.6996703,337.6996703,578,4.97E+06,5.20E+06,-221822.6174,1.02E+07
2025/9/10,Railgun,258,450.0262955,0,450.0262955,450.0262955,593,1.01E+07,4.88E+06,5.24E+06,1.50E+07
2025/9/11,Railgun,202,209.8348773,0,209.8348773,209.8348773,451,3.86E+06,4.00E+06,-146826.573,7.86E+06
2025/9/12,Railgun,176,258.3529978,0,258.3529978,258.3529978,422,4.09E+06,4.40E+06,-309972.7757,8.50E+06
2025/9/13,Railgun,134,95.00405615,0,95.00405615,95.00405615,283,1.77E+06,2.14E+06,-378977.6949,3.91E+06
2025/9/14,Railgun,286,323.172807,0,323.172807,323.172807,543,3.38E+06,2.74E+06,634851.9004,6.12E+06
2025/9/15,Railgun,185,190.6388651,0,190.6388651,190.6388651,399,2.72E+06,2.68E+06,42197.1449,5.40E+06
2025/9/16,Railgun,238,248.5783316,0,248.5783316,248.5783316,474,4.42E+06,2.64E+06,1.78E+06,7.06E+06
2025/9/17,Railgun,284,432.9153137,0,432.9153137,432.9153137,594,4.61E+06,4.83E+06,-217238.693,9.44E+06
2025/9/18,Railgun,224,345.1943381,0,345.1943381,345.1943381,467,5.07E+06,5.15E+06,-79195.47923,1.02E+07
2025/9/19,Railgun,231,626.0973467,0,626.0973467,626.0973467,542,5.38E+06,4.95E+06,428724.493,1.03E+07
2025/9/20,Railgun,217,524.7171814,0,524.7171814,524.7171814,659,4.93E+06,5.58E+06,-650113.823,1.05E+07
2025/9/21,Railgun,231,243.968093,0,243.968093,243.968093,533,4.21E+06,4.14E+06,70147.61696,8.34E+06
2025/9/22,Railgun,265,177.9717089,0,177.9717089,177.9717089,549,3.56E+06,3.44E+06,114509.3959,7.00E+06
2025/9/23,Railgun,225,452.8136874,0,452.8136874,452.8136874,553,1.74E+07,1.80E+07,-651270.8712,3.54E+07
2025/9/24,Railgun,234,429.8926139,0,429.8926139,429.8926139,517,7.59E+06,7.75E+06,-160430.4257,1.53E+07
2025/9/25,Railgun,229,161.8101055,0,161.8101055,161.8101055,488,3.16E+06,2.97E+06,193498.896,6.13E+06
2025/9/26,Railgun,223,296.6287005,0,296.6287005,296.6287005,484,3.42E+06,3.68E+06,-257917.3286,7.10E+06
2025/9/27,Railgun,172,413.7143838,0,413.7143838,413.7143838,521,3.23E+06,3.68E+06,-441792.4826,6.91E+06
2025/9/28,Railgun,160,80.77317771,0,80.77317771,80.77317771,357,3.46E+06,2.59E+06,870387.1561,6.05E+06
2025/9/29,Railgun,188,405.09436,0,405.09436,405.09436,450,5.30E+06,5.61E+06,-304314.4526,1.09E+07
2025/9/30,Railgun,238,259.8893297,0,259.8893297,259.8893297,561,2.70E+06,2.92E+06,-223413.732,5.62E+06
2025/10/1,Railgun,296,232.2013056,0,232.2013056,232.2013056,596,2.41E+06,2.15E+06,258044.1592,4.57E+06
2025/10/2,Railgun,282,748.4896306,0,748.4896306,748.4896306,591,6.52E+06,6.70E+06,-173386.9198,1.32E+07
2025/10/3,Railgun,275,154.6475447,0,154.6475447,154.6475447,590,3.79E+06,3.41E+06,377869.5931,7.20E+06
2025/10/4,Railgun,204,126.6798797,0,126.6798797,126.6798797,517,2.07E+06,2.39E+06,-318807.0104,4.46E+06
2025/10/5,Railgun,225,188.9721388,0,188.9721388,188.9721388,494,4.31E+06,3.82E+06,494245.7171,8.12E+06
2025/10/6,Railgun,217,667.0194541,0,667.0194541,667.0194541,464,4.86E+06,5.13E+06,-265711.2537,9.99E+06
2025/10/7,Railgun,247,533.7350948,0,533.7350948,533.7350948,589,6.89E+06,5.65E+06,1.24E+06,1.25E+07
2025/10/8,Railgun,276,347.4832271,0,347.4832271,347.4832271,526,5.21E+06,4.38E+06,828669.4932,9.58E+06
2025/10/9,Railgun,1564,124.4358415,0,124.4358415,124.4358415,536,3.57E+06,3.54E+06,23185.68672,7.11E+06
2025/10/10,Railgun,1294,550.1931793,0,550.1931793,550.1931793,629,5.91E+06,6.96E+06,-1.05E+06,1.29E+07
2025/10/11,Railgun,775,394.2223489,0,394.2223489,394.2223489,540,5.03E+06,5.27E+06,-240163.4659,1.03E+07
2025/10/12,Railgun,666,1184.948875,0,1184.948875,1184.948875,560,6.28E+06,1.03E+07,-3.98E+06,1.65E+07
2025/10/13,Railgun,595,643.900384,0,643.900384,643.900384,624,6.18E+06,6.64E+06,-456257.5487,1.28E+07
2025/10/14,Railgun,524,217.8227357,0,217.8227357,217.8227357,694,1.07E+07,3.79E+06,6.94E+06,1.45E+07
2025/10/15,Railgun,473,385.1445398,0,385.1445398,385.1445398,627,8.80E+06,1.05E+07,-1.74E+06,1.93E+07
2025/10/16,Railgun,549,342.1992909,0,342.1992909,342.1992909,701,4.01E+06,4.60E+06,-592935.553,8.61E+06
2025/10/17,Railgun,437,412.1359463,0,412.1359463,412.1359463,623,2.92E+06,4.19E+06,-1.27E+06,7.11E+06
2025/10/18,Railgun,330,601.7668994,0,601.7668994,601.7668994,669,6.43E+06,6.87E+06,-441080.4481,1.33E+07
2025/10/19,Railgun,255,166.3059795,0,166.3059795,166.3059795,504,1.10E+06,1.79E+06,-686707.3752,2.90E+06
2025/10/20,Railgun,393,527.2988244,0,527.2988244,527.2988244,563,3.72E+06,4.71E+06,-984338.2988,8.43E+06
2025/10/21,Railgun,326,882.0495883,0,882.0495883,882.0495883,522,5.57E+06,6.33E+06,-756636.7721,1.19E+07
2025/10/22,Railgun,309,351.0050742,0,351.0050742,351.0050742,616,3.47E+06,3.57E+06,-99661.42536,7.05E+06
2025/10/23,Railgun,302,266.307402,0,266.307402,266.307402,512,2.39E+06,3.31E+06,-925214.02,5.70E+06
2025/10/24,Railgun,295,273.2305228,0,273.2305228,273.2305228,494,4.41E+06,3.20E+06,1.21E+06,7.61E+06
2025/10/25,Railgun,255,261.4617397,0,261.4617397,261.4617397,535,2.57E+06,3.38E+06,-809341.3861,5.94E+06
2025/10/26,Railgun,282,116.577678,0,116.577678,116.577678,373,1.99E+06,2.21E+06,-217785.0156,4.19E+06
2025/10/27,Railgun,329,150.6151162,0,150.6151162,150.6151162,551,3.75E+06,4.30E+06,-550081.2287,8.04E+06
2025/10/28,Railgun,414,362.5403841,0,362.5403841,362.5403841,762,7.39E+06,5.82E+06,1.56E+06,1.32E+07
2025/10/29,Railgun,391,797.6696552,0,797.6696552,797.6696552,787,9.32E+06,1.16E+07,-2.26E+06,2.09E+07
2025/10/30,Railgun,308,364.0862363,0,364.0862363,364.0862363,622,5.68E+06,4.90E+06,789389.4167,1.06E+07
2025/10/31,Railgun,245,629.8998186,0,629.8998186,629.8998186,405,6.99E+06,6.23E+06,760024.7865,1.32E+07
2025/11/1,Railgun,641,343.7861765,0,343.7861765,343.7861765,413,4.40E+06,3.40E+06,1.00E+06,7.79E+06
2025/11/2,Railgun,385,100.0822815,0,100.0822815,100.0822815,384,4.52E+06,1.52E+06,3.01E+06,6.04E+06
2025/11/3,Railgun,368,207.7112795,0,207.7112795,207.7112795,470,8.47E+06,6.38E+06,2.09E+06,1.48E+07
2025/11/4,Railgun,392,301.9720876,0,301.9720876,301.9720876,453,3.26E+06,3.37E+06,-105933.2584,6.64E+06
2025/11/5,Railgun,548,390.2761901,0,390.2761901,390.2761901,479,4.60E+06,5.50E+06,-896046.8653,1.01E+07
2025/11/6,Railgun,368,181.2371754,0,181.2371754,181.2371754,283,1.90E+06,2.34E+06,-441682.4415,4.24E+06
2025/11/7,Railgun,259,276.1555722,0,276.1555722,276.1555722,259,2.99E+06,2.67E+06,319400.4945,5.67E+06