day,mixer_name,eth_tx_count,eth_in_eth,eth_out_eth,eth_net_eth,eth_total_eth,erc20_tx_count,erc20_in_usd,erc20_out_usd,erc20_net_usd,erc20_total_usd
2020/6/15,zkSync,40,1.714,0,1.714,1.714,0,0,0,0,0
2020/6/16,zkSync,4,0.01,0,0.01,0.01,0,0,0,0,0
2020/6/17,zkSync,159,0.81554966,0,0.81554966,0.81554966,7,28.43533465,5.689433701,22.74590095,34.12476835
2020/6/18,zkSync,303,3.079504609,0,3.079504609,3.079504609,56,1163.007862,1.291182778,1161.716679,1164.299044
2020/6/19,zkSync,226,1.668497229,0,1.668497229,1.668497229,80,99.84564128,846.1849449,-746.3393037,946.0305862
2020/6/20,zkSync,147,0.06,0,0.06,0.06,39,12.35719722,1.57939927,10.77779795,13.93659649
2020/6/21,zkSync,118,0.12,0,0.12,0.12,28,25.32027561,0.151921654,25.16835395,25.47219726
2020/6/22,zkSync,126,0.25341,0,0.25341,0.25341,19,304.0739936,191.9133729,112.1606208,495.9873665
2020/6/23,zkSync,76,0.14,0,0.14,0.14,2,10.16576432,0,10.16576432,10.16576432
2020/6/24,zkSync,34,0.1,0,0.1,0.1,3,50.11245712,49.29348928,0.818967842,99.40594639
2020/6/25,zkSync,59,0.209,0,0.209,0.209,2,9.133791281,9.36518066,-0.231389379,18.49897194
2020/6/26,zkSync,42,0.2,0,0.2,0.2,1,0,0,0,0
2020/6/27,zkSync,50,0,0,0,0,3,212.2172814,1.212670179,211.0046112,213.4299515
2020/6/28,zkSync,64,0.3,0,0.3,0.3,4,15.25458266,4.067888708,11.18669395,19.32247136
2020/6/29,zkSync,32,0,0,0,0,2,25.13825102,0,25.13825102,25.13825102
2020/6/30,zkSync,31,0,0,0,0,1,0.257658757,0,0.257658757,0.257658757
2020/7/1,zkSync,72,20.022,0,20.022,20.022,7,1673.575472,1570.748442,102.8270302,3244.323914
2020/7/2,zkSync,32,0.01,0,0.01,0.01,2,6.079041625,0,6.079041625,6.079041625
2020/7/3,zkSync,12,0,0,0,0,0,0,0,0,0
2020/7/4,zkSync,7,0.1,0,0.1,0.1,0,0,0,0,0
2020/7/5,zkSync,22,0.05,0,0.05,0.05,0,0,0,0,0
2020/7/6,zkSync,22,0.01,0,0.01,0.01,0,0,0,0,0
2020/7/7,zkSync,23,0.01,0,0.01,0.01,1,1.011875899,0,1.011875899,1.011875899
2020/7/8,zkSync,25,0.01,0,0.01,0.01,0,0,0,0,0
2020/7/9,zkSync,20,0.01,0,0.01,0.01,1,2.03778434,0,2.03778434,2.03778434
2020/7/10,zkSync,52,0.505,0,0.505,0.505,2,104.9622759,0,104.9622759,104.9622759
2020/7/11,zkSync,43,0,0,0,0,1,20.08542729,0,20.08542729,20.08542729
2020/7/12,zkSync,31,0,0,0,0,2,5.113829566,4.489819627,0.624009939,9.603649193
2020/7/13,zkSync,27,1,0,1,1,3,14.13838829,108.7304392,-94.59205092,122.8688275
2020/7/14,zkSync,44,0,0,0,0,2,8.082631568,0,8.082631568,8.082631568
2020/7/15,zkSync,9,0,0,0,0,0,0,0,0,0
2020/7/16,zkSync,15,0,0,0,0,0,0,0,0,0
2020/7/17,zkSync,10,0.05,0,0.05,0.05,1,0,2.495321834,-2.495321834,2.495321834
2020/7/18,zkSync,7,0.1,0,0.1,0.1,0,0,0,0,0
2020/7/19,zkSync,15,0,0,0,0,0,0,0,0,0
2020/7/20,zkSync,15,0,0,0,0,0,0,0,0,0
2020/7/21,zkSync,18,0,0,0,0,0,0,0,0,0
2020/7/22,zkSync,67,0.3,0,0.3,0.3,8,53.55466595,0.886075207,52.66859075,54.44074116
2020/7/23,zkSync,85,0.131,0,0.131,0.131,0,0,0,0,0
2020/7/24,zkSync,66,0.12,0,0.12,0.12,1,25.59997917,0,25.59997917,25.59997917
2020/7/25,zkSync,52,0,0,0,0,1,4.468822917,0,4.468822917,4.468822917
2020/7/26,zkSync,43,0,0,0,0,1,9.992852951,0,9.992852951,9.992852951
2020/7/27,zkSync,29,0.01,0,0.01,0.01,1,5.093745556,0,5.093745556,5.093745556
2020/7/28,zkSync,129,3.210614458,0,3.210614458,3.210614458,5,62.42429075,52.65446984,9.76982091,115.0787606
2020/7/29,zkSync,83,0.27,0,0.27,0.27,2,5.10401526,1.459748364,3.644266896,6.563763625
2020/7/30,zkSync,41,0.02,0,0.02,0.02,1,20.37777167,0,20.37777167,20.37777167
2020/7/31,zkSync,50,0.665,0,0.665,0.665,2,263.2418111,184.8880362,78.35377495,448.1298473
2020/8/1,zkSync,52,1.205,0,1.205,1.205,2,10.22527656,5.281355345,4.943921218,15.50663191
2020/8/2,zkSync,32,0.31,0,0.31,0.31,0,0,0,0,0
2020/8/3,zkSync,32,0.2,0,0.2,0.2,1,116.8037817,0,116.8037817,116.8037817
2020/8/4,zkSync,31,0.005,0,0.005,0.005,0,0,0,0,0
2020/8/5,zkSync,30,0.05,0,0.05,0.05,5,184.5247085,98.80119533,85.72351315,283.3259038
2020/8/6,zkSync,22,0.02,0,0.02,0.02,1,1.000800726,0,1.000800726,1.000800726
2020/8/7,zkSync,17,0,0,0,0,0,0,0,0,0
2020/8/8,zkSync,13,0,0,0,0,3,11.07187094,1.006533722,10.06533722,12.07840467
2020/8/9,zkSync,9,0,0,0,0,1,0,0,0,0
2020/8/10,zkSync,24,0,0,0,0,0,0,0,0,0
2020/8/11,zkSync,32,0.04,0,0.04,0.04,0,0,0,0,0
2020/8/12,zkSync,45,0.01,0,0.01,0.01,4,97.28461121,39.44449272,57.84011849,136.7291039
2020/8/13,zkSync,76,0.05,0,0.05,0.05,1,10391.1805,0,10391.1805,10391.1805
2020/8/14,zkSync,26,10.35,0,10.35,10.35,2,7.700757561,10376.81017,-10369.10941,10384.51092
2020/8/15,zkSync,10,0,0,0,0,1,22.54191302,0,22.54191302,22.54191302
2020/8/16,zkSync,5,0,0,0,0,1,0,55.64855955,-55.64855955,55.64855955
2020/8/17,zkSync,2,0,0,0,0,0,0,0,0,0
2020/8/18,zkSync,10,0.01,0,0.01,0.01,0,0,0,0,0
2020/8/19,zkSync,6,0,0,0,0,0,0,0,0,0
2020/8/20,zkSync,4,0,0,0,0,0,0,0,0,0
2020/8/21,zkSync,3,0,0,0,0,0,0,0,0,0
2020/8/22,zkSync,5,0,0,0,0,1,27.66666667,0,27.66666667,27.66666667
2020/8/23,zkSync,2,0,0,0,0,0,0,0,0,0
2020/8/24,zkSync,9,0.01,0,0.01,0.01,2,250.2710868,15.39269097,234.8783958,265.6637778
2020/8/25,zkSync,4,0,0,0,0,2,100.8803698,6.7434375,94.13693229,107.6238073
2020/8/26,zkSync,2,0,0,0,0,0,0,0,0,0
2020/8/27,zkSync,1,0,0,0,0,1,30.5996875,0,30.5996875,30.5996875
2020/8/28,zkSync,4,0.1,0,0.1,0.1,0,0,0,0,0
2020/8/29,zkSync,4,0,0,0,0,2,33.4296875,4.238660177,29.19102732,37.66834768
2020/8/30,zkSync,3,0.1,0,0.1,0.1,0,0,0,0,0
2020/8/31,zkSync,10,0.01,0,0.01,0.01,0,0,0,0,0
2020/9/1,zkSync,0,0,0,0,0,0,0,0,0,0
2020/9/2,zkSync,5,0.6,0,0.6,0.6,0,0,0,0,0
2020/9/3,zkSync,2,0,0,0,0,0,0,0,0,0
2020/9/4,zkSync,9,1.020541389,0,1.020541389,1.020541389,0,0,0,0,0
2020/9/5,zkSync,3,0,0,0,0,1,62380.95139,0,62380.95139,62380.95139
2020/9/6,zkSync,44,3.005,0,3.005,3.005,2,1940.287684,1935.678218,4.609466634,3875.965902
2020/9/7,zkSync,344,0,0,0,0,0,0,0,0,0
2020/9/8,zkSync,410,0.09,0,0.09,0.09,4,737.3801527,731.5112333,5.868919451,1468.891386
2020/9/9,zkSync,196,1.01,0,1.01,1.01,5,836.1220221,11827.89774,-10991.77572,12664.01976
2020/9/10,zkSync,222,0.05,0,0.05,0.05,1,0,322.5896835,-322.5896835,322.5896835
2020/9/11,zkSync,507,0.01,0,0.01,0.01,8,556.4366663,9001.26019,-8444.823524,9557.696857
2020/9/12,zkSync,266,0,0,0,0,1,60379.8125,0,60379.8125,60379.8125
2020/9/13,zkSync,689,1,0,1,1,15,1898.29075,22248.4716,-20350.18085,24146.76235
2020/9/14,zkSync,698,0.003454,0,0.003454,0.003454,14,36.1825024,13706.48024,-13670.29774,13742.66275
2020/9/15,zkSync,360,0.061235,0,0.061235,0.061235,15,1580.439569,7687.738286,-6107.298717,9268.177855
2020/9/16,zkSync,589,5.87453563,0,5.87453563,5.87453563,33,6230.614666,114.8467628,6115.767904,6345.461429
2020/9/17,zkSync,324,1.746865,0,1.746865,1.746865,6,10773.64845,27317.29913,-16543.65068,38090.94758
2020/9/18,zkSync,36,13.023518,0,13.023518,13.023518,17,2060.142083,0,2060.142083,2060.142083
2020/9/19,zkSync,71,5.273553,0,5.273553,5.273553,34,12916.58973,10095.95994,2820.629792,23012.54967
2020/9/20,zkSync,89,4.8496814,0,4.8496814,4.8496814,44,5759.008246,3384.405277,2374.602969,9143.413523
2020/9/21,zkSync,74,2.5796062,0,2.5796062,2.5796062,25,3895.303285,612.1804332,3283.122852,4507.483718
2020/9/22,zkSync,557,2.483681957,0,2.483681957,2.483681957,20,14149.50581,49.43958056,14100.06623,14198.9454
2020/9/23,zkSync,38,2.798701,0,2.798701,2.798701,22,1780.912007,7593.67461,-5812.762603,9374.586617
2020/9/24,zkSync,148,3.004066,0,3.004066,3.004066,54,6371.507154,1436.021704,4935.48545,7807.528858
2020/9/25,zkSync,102,0.74587,0,0.74587,0.74587,22,2726.074308,2058.918575,667.1557333,4784.992883
2020/9/26,zkSync,146,38.575605,0,38.575605,38.575605,31,2347.48378,1478.95141,868.5323696,3826.435191
2020/9/27,zkSync,92,2.10151,0,2.10151,2.10151,30,9326.888919,4978.513189,4348.375729,14305.40211
2020/9/28,zkSync,86,4.388812,0,4.388812,4.388812,34,28877.45667,123.2164414,28754.24023,29000.67311
2020/9/29,zkSync,59,2.941630128,0,2.941630128,2.941630128,26,6388.450873,568.6141464,5819.836727,6957.06502
2020/9/30,zkSync,121,8.476482,0,8.476482,8.476482,44,4607.4048,4663.717437,-56.3126373,9271.122237
2020/10/1,zkSync,244,5.01328726,0,5.01328726,5.01328726,63,24699.96184,5294.293363,19405.66847,29994.2552
2020/10/2,zkSync,258,4.995376,0,4.995376,4.995376,123,38629.96854,27496.00412,11133.96442,66125.97265
2020/10/3,zkSync,134,0.669576,0,0.669576,0.669576,40,2338.686428,10387.11886,-8048.432432,12725.80529
2020/10/4,zkSync,128,11.6970297,0,11.6970297,11.6970297,11,2002.400796,2677.262122,-674.8613268,4679.662918
2020/10/5,zkSync,93,2.16986,0,2.16986,2.16986,13,184.9008443,8661.818196,-8476.917352,8846.71904
2020/10/6,zkSync,94,0.22,0,0.22,0.22,11,175.8528785,686.051942,-510.1990635,861.9048205
2020/10/7,zkSync,117,0.71408,0,0.71408,0.71408,13,106.9721441,797.2025733,-690.2304293,904.1747174
2020/10/8,zkSync,66,1.216,0,1.216,1.216,11,50.12781545,2032.65371,-1982.525895,2082.781526
2020/10/9,zkSync,28,1.17249,0,1.17249,1.17249,14,210.0502242,1868.115244,-1658.06502,2078.165468
2020/10/10,zkSync,29,3.939085,0,3.939085,3.939085,9,315.683366,308.2929557,7.390410328,623.9763217
2020/10/11,zkSync,30,10.953,0,10.953,10.953,3,20.03414333,158.8587357,-138.8245924,178.892879
2020/10/12,zkSync,25,1.204669178,0,1.204669178,1.204669178,7,21.55524054,200.3811747,-178.8259341,221.9364152
2020/10/13,zkSync,19,2.76089,0,2.76089,2.76089,6,71.70229889,409.7853876,-338.0830888,481.4876865
2020/10/14,zkSync,17,0.474,0,0.474,0.474,5,0,680.5624228,-680.5624228,680.5624228
2020/10/15,zkSync,13,3.2364,0,3.2364,3.2364,4,6.042193272,93.6135258,-87.57133253,99.65571907
2020/10/16,zkSync,15,0.141171,0,0.141171,0.141171,7,482.7680076,1047.773911,-565.005903,1530.541918
2020/10/17,zkSync,28,2.6866,0,2.6866,2.6866,9,11295.03783,50.47866667,11244.55916,11345.51649
2020/10/18,zkSync,19,1.9908,0,1.9908,1.9908,7,64.85628026,11782.85773,-11718.00145,11847.71401
2020/10/19,zkSync,13,0.3,0,0.3,0.3,4,457.0159542,2461.890522,-2004.874568,2918.906476
2020/10/20,zkSync,15,10.9696,0,10.9696,10.9696,1,5.669843021,0,5.669843021,5.669843021
2020/10/21,zkSync,13,0.041789778,0,0.041789778,0.041789778,2,5.414453801,3.758344414,1.656109387,9.172798214
2020/10/22,zkSync,17,0.3,0,0.3,0.3,10,4404.646172,4490.740108,-86.09393614,8895.386281
2020/10/23,zkSync,18,0.01,0,0.01,0.01,7,6359.958266,6304.852006,55.10626028,12664.81027
2020/10/24,zkSync,14,0.134286,0,0.134286,0.134286,3,2.266971784,3.259477445,-0.992505661,5.526449229
2020/10/25,zkSync,59,0.804012194,0,0.804012194,0.804012194,5,10.02286679,1283.436276,-1273.413409,1293.459143
2020/10/26,zkSync,11,0,0,0,0,3,1015.283041,0.351250363,1014.931791,1015.634291
2020/10/27,zkSync,28,0,0,0,0,7,100.1980938,558.7314022,-458.5333084,658.9294959
2020/10/28,zkSync,13,0,0,0,0,3,3.005429906,135.6950327,-132.6896028,138.7004626
2020/10/29,zkSync,25,0.084536373,0,0.084536373,0.084536373,8,1.116988886,995.7204351,-994.6034462,996.837424
2020/10/30,zkSync,68,0.628232749,0,0.628232749,0.628232749,4,0,1852.554031,-1852.554031,1852.554031
2020/10/31,zkSync,88,0.477379424,0,0.477379424,0.477379424,24,0,1515.15033,-1515.15033,1515.15033
2020/11/1,zkSync,340,2.418826512,0,2.418826512,2.418826512,42,0,3464.050026,-3464.050026,3464.050026
2020/11/2,zkSync,112,1.26235336,0,1.26235336,1.26235336,27,0,3947.025776,-3947.025776,3947.025776
2020/11/3,zkSync,104,0.01,0,0.01,0.01,34,0,1788.110738,-1788.110738,1788.110738
2020/11/4,zkSync,218,0.405820316,0,0.405820316,0.405820316,42,5.201139234,4872.654134,-4867.452994,4877.855273
2020/11/5,zkSync,106,0.367660519,0,0.367660519,0.367660519,19,0,1115.462956,-1115.462956,1115.462956
2020/11/6,zkSync,18,0.24389749,0,0.24389749,0.24389749,6,0,379.7815742,-379.7815742,379.7815742
2020/11/7,zkSync,26,0.135728187,0,0.135728187,0.135728187,3,20.19174147,119.5104444,-99.31870289,139.7021858
2020/11/8,zkSync,67,0.142835013,0,0.142835013,0.142835013,19,85.87602961,575.479578,-489.6035484,661.3556076
2020/11/9,zkSync,61,97.58135613,0,97.58135613,97.58135613,12,10.51559394,641.6425283,-631.1269344,652.1581223
2020/11/10,zkSync,24,0.723823112,0,0.723823112,0.723823112,8,0,995.7579467,-995.7579467,995.7579467
2020/11/11,zkSync,18,0.0573,0,0.0573,0.0573,11,0,252.2873494,-252.2873494,252.2873494
2020/11/12,zkSync,53,24.9073225,0,24.9073225,24.9073225,11,19.40263735,410.6753501,-391.2727128,430.0779874
2020/11/13,zkSync,38,6.895435,0,6.895435,6.895435,11,4.387873785,1580.162518,-1575.774644,1584.550392
2020/11/14,zkSync,99,17.47658,0,17.47658,17.47658,20,4.13676668,979.4365954,-975.2998287,983.5733621
2020/11/15,zkSync,78,0.612231,0,0.612231,0.612231,21,5.244410407,1594.781279,-1589.536869,1600.025689
2020/11/16,zkSync,30,0.0740085,0,0.0740085,0.0740085,6,54.3734637,157.0278991,-102.6544354,211.4013629
2020/11/17,zkSync,29,30.066,0,30.066,30.066,8,378.9277061,9470.854227,-9091.926521,9849.781933
2020/11/18,zkSync,8,0,0,0,0,4,663.1122121,785.8154915,-122.7032794,1448.927704
2020/11/19,zkSync,23,193.7256434,0,193.7256434,193.7256434,8,71.63212976,0,71.63212976,71.63212976
2020/11/20,zkSync,24,1.22,0,1.22,1.22,9,414.7970553,34.2983181,380.4987371,449.0953734
2020/11/21,zkSync,18,1.157444151,0,1.157444151,1.157444151,6,509.0462429,448.4409352,60.60530766,957.4871781
2020/11/22,zkSync,11,8.4347,0,8.4347,8.4347,1,5.712195334,0,5.712195334,5.712195334
2020/11/23,zkSync,16,0.7,0,0.7,0.7,3,301.0798376,0,301.0798376,301.0798376
2020/11/24,zkSync,19,54.5,0,54.5,54.5,0,0,0,0,0
2020/11/25,zkSync,21,31.12246,0,31.12246,31.12246,2,3770.698158,30.45734395,3740.240814,3801.155502
2020/11/26,zkSync,28,42.1617789,0,42.1617789,42.1617789,3,2963.059191,2960.101276,2.95791559,5923.160467
2020/11/27,zkSync,17,10.0919,0,10.0919,10.0919,1,0,3363.591741,-3363.591741,3363.591741
2020/11/28,zkSync,12,1.4489,0,1.4489,1.4489,2,8.91E-05,39.88485834,-39.88476921,39.88494747
2020/11/29,zkSync,8,0.01,0,0.01,0.01,1,2.222333333,0,2.222333333,2.222333333
2020/11/30,zkSync,5,4.902135,0,4.902135,4.902135,0,0,0,0,0
2020/12/1,zkSync,17,9.862581,0,9.862581,9.862581,4,252.7641629,91.55886179,161.2053011,344.3230247
2020/12/2,zkSync,46,0.3245148,0,0.3245148,0.3245148,33,31233.42104,116.3555875,31117.06545,31349.77663
2020/12/3,zkSync,70,35.6949721,0,35.6949721,35.6949721,44,3102.203557,0.995841469,3101.207715,3103.199398
2020/12/4,zkSync,71,37.5463128,0,37.5463128,37.5463128,51,3322.801182,142.1846608,3180.616521,3464.985842
2020/12/5,zkSync,83,0.5544651,0,0.5544651,0.5544651,58,3589.029531,247.47285,3341.556681,3836.502381
2020/12/6,zkSync,55,2.6918366,0,2.6918366,2.6918366,31,3791.906992,21.59848177,3770.30851,3813.505473
2020/12/7,zkSync,64,3.4588594,0,3.4588594,3.4588594,37,2906.61989,14.26433567,2892.355554,2920.884226
2020/12/8,zkSync,64,2.1954193,0,2.1954193,2.1954193,38,2524.137737,33.16369745,2490.974039,2557.301434
2020/12/9,zkSync,52,1.3847592,0,1.3847592,1.3847592,25,953.1014525,0,953.1014525,953.1014525
2020/12/10,zkSync,54,1.1338539,0,1.1338539,1.1338539,33,3032.101864,26.34535589,3005.756509,3058.44722
2020/12/11,zkSync,53,1.8201147,0,1.8201147,1.8201147,37,13152.60178,31.68704201,13120.91474,13184.28882
2020/12/12,zkSync,41,1.0412441,0,1.0412441,1.0412441,20,1543.422169,0,1543.422169,1543.422169
2020/12/13,zkSync,85,1209.020178,0,1209.020178,1209.020178,44,2328.812146,19.15692959,2309.655217,2347.969076
2020/12/14,zkSync,248,829.3419987,0,829.3419987,829.3419987,90,5611.744281,45.26585742,5566.478424,5657.010139
2020/12/15,zkSync,603,14.5481796,0,14.5481796,14.5481796,77,2818.804454,443.6368852,2375.167569,3262.441339
2020/12/16,zkSync,252,1966.809806,0,1966.809806,1966.809806,95,2656.441579,178.1228996,2478.318679,2834.564479
2020/12/17,zkSync,354,1.1841464,0,1.1841464,1.1841464,86,116280.6004,3106.01091,113174.5895,119386.6114
2020/12/18,zkSync,240,0.4660041,0,0.4660041,0.4660041,43,628.9334177,7400.025605,-6771.092187,8028.959023
2020/12/19,zkSync,140,0.2405157,0,0.2405157,0.2405157,15,787.5253612,11441.50116,-10653.97579,12229.02652
2020/12/20,zkSync,301,5194,0,5194,5194,12,434.2065557,488.5602124,-54.35365674,922.7667681
2020/12/21,zkSync,403,0.04,0,0.04,0.04,12,353.8433669,2169.050897,-1815.20753,2522.894264
2020/12/22,zkSync,127,0,0,0,0,5,297.7666053,11961.47794,-11663.71133,12259.24455
2020/12/23,zkSync,399,0.1812397,0,0.1812397,0.1812397,26,244.2915998,36106.88982,-35862.59823,36351.18142
2020/12/24,zkSync,541,418.550036,0,418.550036,418.550036,27,147.0070409,1052.207383,-905.2003425,1199.214424
2020/12/25,zkSync,521,2627.31717,0,2627.31717,2627.31717,6,19.86627382,3176.505008,-3156.638735,3196.371282
2020/12/26,zkSync,552,0.111669,0,0.111669,0.111669,2,4.996533073,5420.219663,-5415.22313,5425.216196
2020/12/27,zkSync,482,200.5706954,0,200.5706954,200.5706954,7,327.5605236,13.30842677,314.2520968,340.8689504
2020/12/28,zkSync,536,0.451,0,0.451,0.451,2,26.59170545,0,26.59170545,26.59170545
2020/12/29,zkSync,255,9.4615,0,9.4615,9.4615,9,278.9413602,220.6334769,58.30788324,499.5748371
2020/12/30,zkSync,170,0.5046,0,0.5046,0.5046,25,1216.656735,214.018561,1002.638174,1430.675296
2020/12/31,zkSync,319,5344.776973,0,5344.776973,5344.776973,45,330.3923476,161.1836337,169.2087139,491.5759813
2021/1/1,zkSync,1051,1.4965,0,1.4965,1.4965,17,1796.569982,267.8020589,1528.767923,2064.372041
2021/1/2,zkSync,445,0.72,0,0.72,0.72,7,277.6995675,52.24040835,225.4591591,329.9399758
2021/1/3,zkSync,581,1000.6,0,1000.6,1000.6,2,17.38364329,0,17.38364329,17.38364329
2021/1/4,zkSync,911,3803.2,0,3803.2,3803.2,2,3496.14094,0,3496.14094,3496.14094
2021/1/5,zkSync,547,2.6514439,0,2.6514439,2.6514439,8,19353.17852,17262.69286,2090.485661,36615.87138
2021/1/6,zkSync,830,4102.88,0,4102.88,4102.88,1,100.4041767,0,100.4041767,100.4041767
2021/1/7,zkSync,748,2.171,0,2.171,2.171,8,5378.377558,42794.4322,-37416.05464,48172.80975
2021/1/8,zkSync,371,11.084755,0,11.084755,11.084755,2,221.1320833,1175.895137,-954.763054,1397.027221
2021/1/9,zkSync,730,2158.636718,0,2158.636718,2158.636718,8,113.2725362,1.003801323,112.2687348,114.2763375
2021/1/10,zkSync,1001,12.63350433,0,12.63350433,12.63350433,3,66.40936737,0,66.40936737,66.40936737
2021/1/11,zkSync,532,2600.14,0,2600.14,2600.14,1,897.8378125,0,897.8378125,897.8378125
2021/1/12,zkSync,521,2.39,0,2.39,2.39,6,1286.359981,1084.864253,201.4957278,2371.224235
2021/1/13,zkSync,807,3862.180393,0,3862.180393,3862.180393,6,14324.31985,14717.41694,-393.0970874,29041.73679
2021/1/14,zkSync,828,18.112,0,18.112,18.112,0,0,0,0,0
2021/1/15,zkSync,481,0.304,0,0.304,0.304,3,100.152983,384.8104167,-284.6574337,484.9633997
2021/1/16,zkSync,99,77.74,0,77.74,77.74,0,0,0,0,0
2021/1/17,zkSync,101,4,0,4,4,3,80.09156921,7.768472925,72.32309629,87.86004214
2021/1/18,zkSync,541,1464.744162,0,1464.744162,1464.744162,2,460.9599703,0,460.9599703,460.9599703
2021/1/19,zkSync,105,0.01157,0,0.01157,0.01157,0,0,0,0,0
2021/1/20,zkSync,93,0.888255036,0,0.888255036,0.888255036,2,27.08242108,0,27.08242108,27.08242108
2021/1/21,zkSync,61,0.196001,0,0.196001,0.196001,14,215.6511863,166.7330713,48.91811503,382.3842576
2021/1/22,zkSync,46,0.466543,0,0.466543,0.466543,3,186.3393965,0,186.3393965,186.3393965
2021/1/23,zkSync,71,0.259485,0,0.259485,0.259485,19,280.2107579,0,280.2107579,280.2107579
2021/1/24,zkSync,63,1.000192,0,1.000192,1.000192,11,216.885604,0,216.885604,216.885604
2021/1/25,zkSync,561,2211.02,0,2211.02,2211.02,5,82.47159024,0,82.47159024,82.47159024
2021/1/26,zkSync,138,198.108189,0,198.108189,198.108189,20,744.4297474,167.2853361,577.1444113,911.7150835
2021/1/27,zkSync,70,1.323571292,0,1.323571292,1.323571292,7,1273.130978,0,1273.130978,1273.130978
2021/1/28,zkSync,71,0.288339,0,0.288339,0.288339,9,461.6033443,0,461.6033443,461.6033443
2021/1/29,zkSync,30,0.5,0,0.5,0.5,2,2443.887571,0,2443.887571,2443.887571
2021/1/30,zkSync,41,0.137061,0,0.137061,0.137061,1,8.787085304,0,8.787085304,8.787085304
2021/1/31,zkSync,32,1.31,0,1.31,1.31,3,416.7878498,0,416.7878498,416.7878498
2021/2/1,zkSync,29,0.245397,0,0.245397,0.245397,1,118.3358694,0,118.3358694,118.3358694
2021/2/2,zkSync,499,1212.137371,0,1212.137371,1212.137371,2,899.1857181,0,899.1857181,899.1857181
2021/2/3,zkSync,53,0.1,0,0.1,0.1,5,1062.285317,2340.269666,-1277.984349,3402.554984
2021/2/4,zkSync,29,8,0,8,8,1,20.7702923,0,20.7702923,20.7702923
2021/2/5,zkSync,26,0.016629,0,0.016629,0.016629,2,71.15186495,0,71.15186495,71.15186495
2021/2/6,zkSync,38,0.1,0,0.1,0.1,6,52690.71336,50801.67734,1889.03602,103492.3907
2021/2/7,zkSync,40,1.34,0,1.34,1.34,4,1186.43117,0,1186.43117,1186.43117
2021/2/8,zkSync,506,834.230436,0,834.230436,834.230436,0,0,0,0,0
2021/2/9,zkSync,50,0.615,0,0.615,0.615,0,0,0,0,0
2021/2/10,zkSync,31,0.31101072,0,0.31101072,0.31101072,3,601.0226997,3722.294151,-3121.271452,4323.316851
2021/2/11,zkSync,41,0.283089,0,0.283089,0.283089,2,903.6915594,0,903.6915594,903.6915594
2021/2/12,zkSync,42,770.0095997,0,770.0095997,770.0095997,7,952.4445428,2098.69843,-1146.253887,3051.142973
2021/2/13,zkSync,72,32.042538,0,32.042538,32.042538,10,525.8556968,1623.893994,-1098.038298,2149.749691
2021/2/14,zkSync,119,93.1834333,0,93.1834333,93.1834333,4,756.491522,66.26892551,690.2225965,822.7604475
2021/2/15,zkSync,64,2.057144237,0,2.057144237,2.057144237,2,174.2128617,0,174.2128617,174.2128617
2021/2/16,zkSync,57,2.973217586,0,2.973217586,2.973217586,7,363.2994335,0,363.2994335,363.2994335
2021/2/17,zkSync,41,1.567612,0,1.567612,1.567612,11,262.093464,0,262.093464,262.093464
2021/2/18,zkSync,38,1.850885,0,1.850885,1.850885,7,5675.125603,0,5675.125603,5675.125603
2021/2/19,zkSync,36,2.11281249,0,2.11281249,2.11281249,4,127.772264,0,127.772264,127.772264
2021/2/20,zkSync,31,0.563755,0,0.563755,0.563755,5,321.2350064,309.1045715,12.13043497,630.3395779
2021/2/21,zkSync,99,5.7686,0,5.7686,5.7686,7,2247.516163,23.9557148,2223.560448,2271.471878
2021/2/22,zkSync,33,2.996439,0,2.996439,2.996439,2,776.3302894,0,776.3302894,776.3302894
2021/2/23,zkSync,24,0.128924,0,0.128924,0.128924,0,0,0,0,0
2021/2/24,zkSync,56,4.603,0,4.603,4.603,6,1372.731915,0,1372.731915,1372.731915
2021/2/25,zkSync,73,15.936005,0,15.936005,15.936005,15,12736.663,10038.8734,2697.7896,22775.5364
2021/2/26,zkSync,77,11.704041,0,11.704041,11.704041,10,507.3498858,660.7780796,-153.4281938,1168.127965
2021/2/27,zkSync,79,5.918357,0,5.918357,5.918357,17,4544.089109,0,4544.089109,4544.089109
2021/2/28,zkSync,210,17.92498763,0,17.92498763,17.92498763,14,3000.47056,464.3806234,2536.089937,3464.851184
2021/3/1,zkSync,238,31.47250966,0,31.47250966,31.47250966,27,1338.670172,837.8536826,500.8164893,2176.523854
2021/3/2,zkSync,1315,110.869858,0,110.869858,110.869858,235,27209.57174,2008.953226,25200.61851,29218.52497
2021/3/3,zkSync,800,59.38835784,0,59.38835784,59.38835784,135,23249.83058,2856.542169,20393.28841,26106.37275
2021/3/4,zkSync,500,47.23924613,0,47.23924613,47.23924613,87,24847.98743,2673.693286,22174.29414,27521.68072
2021/3/5,zkSync,494,81.62701288,0,81.62701288,81.62701288,73,6614.481966,6959.697351,-345.2153844,13574.17932
2021/3/6,zkSync,706,78.67458488,0,78.67458488,78.67458488,72,61930.62007,70616.77927,-8686.159199,132547.3993
2021/3/7,zkSync,397,85.26682478,0,85.26682478,85.26682478,33,6757.536173,6420.856882,336.6792911,13178.39305
2021/3/8,zkSync,299,41.34406756,0,41.34406756,41.34406756,41,2386.134832,186.0135269,2200.121305,2572.148358
2021/3/9,zkSync,378,55.59696609,0,55.59696609,55.59696609,39,11481.03009,752.6279862,10728.40211,12233.65808
2021/3/10,zkSync,786,121.6235663,0,121.6235663,121.6235663,260,67215.40652,26118.28393,41097.12259,93333.69045
2021/3/11,zkSync,895,179.9124654,0,179.9124654,179.9124654,303,51667.03468,2832.07163,48834.96305,54499.10631
2021/3/12,zkSync,677,43.16267473,0,43.16267473,43.16267473,174,32122.36406,7103.062515,25019.30154,39225.42657
2021/3/13,zkSync,739,51.10967617,0,51.10967617,51.10967617,146,87469.94897,4160.558688,83309.39028,91630.50766
2021/3/14,zkSync,589,34.94728885,0,34.94728885,34.94728885,143,116259.4605,5854.952479,110404.508,122114.4129
2021/3/15,zkSync,393,20.71413174,0,20.71413174,20.71413174,138,34593.82241,9872.358492,24721.46392,44466.1809
2021/3/16,zkSync,366,25.36988559,0,25.36988559,25.36988559,121,28820.21538,9280.937352,19539.27803,38101.15273
2021/3/17,zkSync,542,23.78984227,0,23.78984227,23.78984227,85,11050.09007,11671.09613,-621.0060528,22721.1862
2021/3/18,zkSync,530,53.13409299,0,53.13409299,53.13409299,112,68247.95385,10058.82682,58189.12703,78306.78067
2021/3/19,zkSync,413,31.89092127,0,31.89092127,31.89092127,112,11884.5642,3786.261196,8098.303003,15670.82539
2021/3/20,zkSync,1168,54.50072464,0,54.50072464,54.50072464,165,33281.34675,3796.970257,29484.3765,37078.31701
2021/3/21,zkSync,802,42.09283869,0,42.09283869,42.09283869,171,39148.7494,2011.281856,37137.46754,41160.03125
2021/3/22,zkSync,494,18.70682135,0,18.70682135,18.70682135,100,49159.09623,9594.677006,39564.41923,58753.77324
2021/3/23,zkSync,740,31.17790995,0,31.17790995,31.17790995,179,32460.86937,4770.922119,27689.94725,37231.79149
2021/3/24,zkSync,897,51.04128044,0,51.04128044,51.04128044,201,106375.1229,7602.928828,98772.19411,113978.0518
2021/3/25,zkSync,903,42.62133667,0,42.62133667,42.62133667,269,41352.55034,8672.598613,32679.95173,50025.14896
2021/3/26,zkSync,188,6.808813562,0,6.808813562,6.808813562,81,28466.74739,27363.57838,1103.169012,55830.32577
2021/3/27,zkSync,149,11.08117067,0,11.08117067,11.08117067,44,116430.2935,148292.976,-31862.68254,264723.2695
2021/3/28,zkSync,146,80.4775892,0,80.4775892,80.4775892,19,3482.235779,1777.427691,1704.808089,5259.66347
2021/3/29,zkSync,96,8.785693928,0,8.785693928,8.785693928,27,1393.636317,95621.68188,-94228.04556,97015.31819
2021/3/30,zkSync,93,10.26569684,0,10.26569684,10.26569684,19,6271.807584,2523.146026,3748.661558,8794.953609
2021/3/31,zkSync,70,13.21170318,0,13.21170318,13.21170318,11,3690.520581,1566.260746,2124.259835,5256.781328
2021/4/1,zkSync,89,22.74430074,0,22.74430074,22.74430074,13,11065.92214,9842.7099,1223.21224,20908.63204
2021/4/2,zkSync,98,92.84467182,0,92.84467182,92.84467182,23,25545.70458,8757.974047,16787.73054,34303.67863
2021/4/3,zkSync,150,10.07919548,0,10.07919548,10.07919548,29,187298.4374,45582.32676,141716.1106,232880.7641
2021/4/4,zkSync,129,6.271166279,0,6.271166279,6.271166279,27,10119.08112,11755.03109,-1635.949978,21874.11221
2021/4/5,zkSync,111,48.80305831,0,48.80305831,48.80305831,18,1421.459812,4665.891337,-3244.431525,6087.351149
2021/4/6,zkSync,173,12.25366889,0,12.25366889,12.25366889,29,11350.28342,218293.4071,-206943.1237,229643.6905
2021/4/7,zkSync,159,117.7777757,0,117.7777757,117.7777757,7,9825.292558,148.3686655,9676.923893,9973.661224
2021/4/8,zkSync,141,67.50063161,0,67.50063161,67.50063161,29,333.0319348,14868.95815,-14535.92621,15201.99008
2021/4/9,zkSync,117,63.84248874,0,63.84248874,63.84248874,18,453.9882259,10601.8405,-10147.85227,11055.82872
2021/4/10,zkSync,112,12.95133467,0,12.95133467,12.95133467,21,10325.78624,3553.107749,6772.678494,13878.89399
2021/4/11,zkSync,155,12.84835041,0,12.84835041,12.84835041,8,4985.586724,8816.961661,-3831.374936,13802.54838
2021/4/12,zkSync,135,14.93213004,0,14.93213004,14.93213004,13,401.8424729,5001.497501,-4599.655028,5403.339974
2021/4/13,zkSync,122,12.28870576,0,12.28870576,12.28870576,17,1686.91116,988.3850321,698.5261274,2675.296192
2021/4/14,zkSync,155,50.20122815,0,50.20122815,50.20122815,9,449.6858705,559.4204808,-109.7346103,1009.106351
2021/4/15,zkSync,230,49.70522575,0,49.70522575,49.70522575,20,460.6526161,31419.41296,-30958.76035,31880.06558
2021/4/16,zkSync,82,12.49043637,0,12.49043637,12.49043637,5,102346.1295,0,102346.1295,102346.1295
2021/4/17,zkSync,95,108.3057309,0,108.3057309,108.3057309,6,267.7257977,0,267.7257977,267.7257977
2021/4/18,zkSync,70,110.8379795,0,110.8379795,110.8379795,6,102733.6231,51659.17244,51074.45068,154392.7956
2021/4/19,zkSync,62,5.223570589,0,5.223570589,5.223570589,3,3731.068065,17288.40648,-13557.33842,21019.47455
2021/4/20,zkSync,36,2.251868655,0,2.251868655,2.251868655,9,571.7095778,51431.18436,-50859.47478,52002.89394
2021/4/21,zkSync,92,211.812133,0,211.812133,211.812133,10,3379.835014,796.6863229,2583.148691,4176.521336
2021/4/22,zkSync,216,21.90359586,0,21.90359586,21.90359586,10,3410.050594,0,3410.050594,3410.050594
2021/4/23,zkSync,209,337.9256284,0,337.9256284,337.9256284,22,7314.100395,7962.861524,-648.7611288,15276.96192
2021/4/24,zkSync,321,65.86170249,0,65.86170249,65.86170249,28,5035.050049,1165.837391,3869.212658,6200.88744
2021/4/25,zkSync,630,36.11766475,0,36.11766475,36.11766475,40,6278.62293,1604.476406,4674.146524,7883.099335
2021/4/26,zkSync,280,19.54619879,0,19.54619879,19.54619879,25,5142.378234,4344.081125,798.2971096,9486.459359
2021/4/27,zkSync,1151,126.1858015,0,126.1858015,126.1858015,34,4609.87656,586.8823162,4022.994244,5196.758877
2021/4/28,zkSync,748,99.26646419,0,99.26646419,99.26646419,23,3024.805827,2426.66626,598.1395663,5451.472087
2021/4/29,zkSync,363,76.91606466,0,76.91606466,76.91606466,18,231.7789408,3542.39556,-3310.616619,3774.174501
2021/4/30,zkSync,294,13.48060208,0,13.48060208,13.48060208,27,10681.67398,11043.8929,-362.2189134,21725.56688
2021/5/1,zkSync,259,19.79047231,0,19.79047231,19.79047231,18,449.4641032,464.0464107,-14.58230743,913.5105139
2021/5/2,zkSync,217,22.15373325,0,22.15373325,22.15373325,24,2514.446889,766.9047986,1747.54209,3281.351687
2021/5/3,zkSync,270,33.3220124,0,33.3220124,33.3220124,19,46444.63291,5260.134883,41184.49803,51704.76779
2021/5/4,zkSync,91,19.22401161,0,19.22401161,19.22401161,28,40.6763222,2776.88886,-2736.212538,2817.565183
2021/5/5,zkSync,131,6.122553748,0,6.122553748,6.122553748,24,9889.869389,36689.9426,-26800.07321,46579.81199
2021/5/6,zkSync,132,26.48407684,0,26.48407684,26.48407684,19,10737.61589,476.5490787,10261.06681,11214.16497
2021/5/7,zkSync,107,5.270895166,0,5.270895166,5.270895166,21,943.0817793,8250.689946,-7307.608166,9193.771725
2021/5/8,zkSync,79,6.560783098,0,6.560783098,6.560783098,7,201.9728027,238.5520553,-36.57925261,440.524858
2021/5/9,zkSync,49,1.085084215,0,1.085084215,1.085084215,8,3215.958645,2451.458885,764.4997593,5667.41753
2021/5/10,zkSync,35,0.3273433,0,0.3273433,0.3273433,8,71.67954612,1231.862629,-1160.183083,1303.542176
2021/5/11,zkSync,32,1.7104,0,1.7104,1.7104,0,0,0,0,0
2021/5/12,zkSync,24,1.0115,0,1.0115,1.0115,3,3590.283944,2542.286147,1047.997798,6132.570091
2021/5/13,zkSync,93,6.276131035,0,6.276131035,6.276131035,22,964.8302552,3695.237695,-2730.407439,4660.06795
2021/5/14,zkSync,154,15.20625618,0,15.20625618,15.20625618,12,55355.0409,394.2537114,54960.78719,55749.29461
2021/5/15,zkSync,153,6.568649738,0,6.568649738,6.568649738,16,2257.908817,32952.42933,-30694.52052,35210.33815
2021/5/16,zkSync,155,8.764945611,0,8.764945611,8.764945611,14,1004.958194,1090.888595,-85.93040071,2095.846789
2021/5/17,zkSync,47,0.919240848,0,0.919240848,0.919240848,11,46815.44322,98289.67179,-51474.22856,145105.115
2021/5/18,zkSync,61,14.24552502,0,14.24552502,14.24552502,4,4930.137902,17.94290456,4912.194998,4948.080807
2021/5/19,zkSync,28,1.699598411,0,1.699598411,1.699598411,7,2008.098382,1943.98458,64.11380191,3952.082962
2021/5/20,zkSync,37,12.35209738,0,12.35209738,12.35209738,3,534.5972098,43.43317101,491.1640388,578.0303808
2021/5/21,zkSync,87,102.0533443,0,102.0533443,102.0533443,25,4743.768858,4895.816127,-152.0472687,9639.584985
2021/5/22,zkSync,98,2.741104648,0,2.741104648,2.741104648,15,292.6837403,3461.090314,-3168.406573,3753.774054
2021/5/23,zkSync,54,0.782363691,0,0.782363691,0.782363691,5,141.3587411,413.9655283,-272.6067872,555.3242694
2021/5/24,zkSync,61,101.5939102,0,101.5939102,101.5939102,14,336.6193324,1624.847453,-1288.228121,1961.466786
2021/5/25,zkSync,147,27.22494283,0,27.22494283,27.22494283,15,562.2921432,340.8194944,221.4726488,903.1116376
2021/5/26,zkSync,311,16.80593545,0,16.80593545,16.80593545,56,7883.769678,3515.047916,4368.721763,11398.81759
2021/5/27,zkSync,313,21.39094114,0,21.39094114,21.39094114,65,18133.56565,18618.2243,-484.6586528,36751.78996
2021/5/28,zkSync,298,17.93748138,0,17.93748138,17.93748138,57,12850.2626,3051.495804,9798.766793,15901.7584
2021/5/29,zkSync,432,20.36840006,0,20.36840006,20.36840006,60,3532.812181,4146.082127,-613.269946,7678.894308
2021/5/30,zkSync,498,16.37058046,0,16.37058046,16.37058046,51,1529.425722,5777.601083,-4248.175362,7307.026805
2021/5/31,zkSync,316,16.67880451,0,16.67880451,16.67880451,39,10410.82156,4005.817337,6405.00422,14416.6389
2021/6/1,zkSync,476,27.01606005,0,27.01606005,27.01606005,76,43694.60414,18792.09727,24902.50687,62486.70141
2021/6/2,zkSync,273,126.0033534,0,126.0033534,126.0033534,34,38390.17752,6142.926993,32247.25053,44533.10452
2021/6/3,zkSync,325,416.1782059,0,416.1782059,416.1782059,155,9444.207604,50295.40522,-40851.19761,59739.61282
2021/6/4,zkSync,910,27.10834286,0,27.10834286,27.10834286,95,22676.24347,37833.46987,-15157.2264,60509.71334
2021/6/5,zkSync,1001,52.13716587,0,52.13716587,52.13716587,127,19586.97066,92774.94534,-73187.97468,112361.916
2021/6/6,zkSync,334,10.42901859,0,10.42901859,10.42901859,97,4399.903845,36825.44706,-32425.54322,41225.35091
2021/6/7,zkSync,340,19.71378272,0,19.71378272,19.71378272,131,11069.54046,58113.29124,-47043.75078,69182.83171
2021/6/8,zkSync,173,2.616365092,0,2.616365092,2.616365092,42,5641.139916,6148.642185,-507.5022684,11789.7821
2021/6/9,zkSync,443,61.29431994,0,61.29431994,61.29431994,288,2916.803775,15471.03042,-12554.22664,18387.83419
2021/6/10,zkSync,413,13.61234257,0,13.61234257,13.61234257,290,3138.809716,25374.88539,-22236.07567,28513.6951
2021/6/11,zkSync,283,4.223396663,0,4.223396663,4.223396663,114,6772.286054,23489.18917,-16716.90311,30261.47522
2021/6/12,zkSync,228,1.993303256,0,1.993303256,1.993303256,130,15395.05646,29320.18526,-13925.12879,44715.24172
2021/6/13,zkSync,383,21.86619168,0,21.86619168,21.86619168,138,3791.318576,36084.18865,-32292.87008,39875.50723
2021/6/14,zkSync,498,8.283268795,0,8.283268795,8.283268795,93,9165.294323,16752.45381,-7587.159485,25917.74813
2021/6/15,zkSync,329,6.1002714,0,6.1002714,6.1002714,102,15753.34321,15392.64404,360.6991733,31145.98724
2021/6/16,zkSync,1463,22.90408201,0,22.90408201,22.90408201,254,77321.60084,9915.253718,67406.34713,87236.85456
2021/6/17,zkSync,1181,42.75078246,0,42.75078246,42.75078246,415,47522.98327,60214.67002,-12691.68675,107737.6533
2021/6/18,zkSync,797,27.47041455,0,27.47041455,27.47041455,300,54666.54476,12088.87091,42577.67385,66755.41568
2021/6/19,zkSync,807,20.62584162,0,20.62584162,20.62584162,231,21166.50498,17195.10185,3971.403123,38361.60683
2021/6/20,zkSync,755,16.35508886,0,16.35508886,16.35508886,254,18854.54593,12103.33209,6751.213842,30957.87803
2021/6/21,zkSync,371,38.61253423,0,38.61253423,38.61253423,98,12346.8198,3892.093664,8454.726139,16238.91347
2021/6/22,zkSync,242,6.10246645,0,6.10246645,6.10246645,72,8755.761145,2246.169856,6509.59129,11001.931
2021/6/23,zkSync,548,11.07364017,0,11.07364017,11.07364017,197,26916.81864,22460.88749,4455.931144,49377.70613
2021/6/24,zkSync,526,12.33283278,0,12.33283278,12.33283278,184,13298.51979,30669.42871,-17370.90891,43967.9485
2021/6/25,zkSync,405,8.398973337,0,8.398973337,8.398973337,138,15638.53183,3641.17827,11997.35356,19279.7101
2021/6/26,zkSync,525,13.12354388,0,13.12354388,13.12354388,232,13655.49789,11215.94339,2439.554503,24871.44128
2021/6/27,zkSync,876,16.94463609,0,16.94463609,16.94463609,297,72120.00771,57129.5175,14990.49021,129249.5252
2021/6/28,zkSync,461,10.8853488,0,10.8853488,10.8853488,183,29117.39995,12792.08244,16325.31751,41909.48239
2021/6/29,zkSync,1044,20.99591193,0,20.99591193,20.99591193,315,62404.09632,6655.211819,55748.8845,69059.30814
2021/6/30,zkSync,1191,27.69996273,0,27.69996273,27.69996273,443,48179.5307,13400.29751,34779.23319,61579.8282
2021/7/1,zkSync,1384,47.7193957,0,47.7193957,47.7193957,587,82662.0142,10950.42859,71711.58562,93612.44279
2021/7/2,zkSync,206,2.752311418,0,2.752311418,2.752311418,141,5689.990339,31587.21016,-25897.21982,37277.20049
2021/7/3,zkSync,136,1.270435812,0,1.270435812,1.270435812,75,103790.0462,10238.18377,93551.86238,114028.2299
2021/7/4,zkSync,123,4.915012057,0,4.915012057,4.915012057,37,177.0865314,16644.06797,-16466.98144,16821.1545
2021/7/5,zkSync,86,14.16157398,0,14.16157398,14.16157398,36,18948.15117,41510.85456,-22562.70339,60459.00573
2021/7/6,zkSync,110,60.05704566,0,60.05704566,60.05704566,39,23945.683,6510.738069,17434.94493,30456.42107
2021/7/7,zkSync,80,2.924643306,0,2.924643306,2.924643306,47,12348.72939,15048.19473,-2699.46534,27396.92413
2021/7/8,zkSync,130,10.7637578,0,10.7637578,10.7637578,36,7944.190642,7100.71185,843.4787921,15044.90249
2021/7/9,zkSync,164,25.90538577,0,25.90538577,25.90538577,31,1012.790821,2713.737132,-1700.94631,3726.527953
2021/7/10,zkSync,1280,6.78338012,0,6.78338012,6.78338012,49,2825.906463,2520.005824,305.9006387,5345.912288
2021/7/11,zkSync,417,36.07641707,0,36.07641707,36.07641707,90,9121.635876,5829.765528,3291.870348,14951.4014
2021/7/12,zkSync,220,11.81102608,0,11.81102608,11.81102608,49,3122.459986,3759.601167,-637.1411807,6882.061152
2021/7/13,zkSync,175,3.348659106,0,3.348659106,3.348659106,38,15235.51967,1637.173648,13598.34602,16872.69331
2021/7/14,zkSync,147,3.008306349,0,3.008306349,3.008306349,25,873.5838702,486.9373556,386.6465146,1360.521226
2021/7/15,zkSync,142,8.819288503,0,8.819288503,8.819288503,76,2901.123952,6413.293766,-3512.169814,9314.417719
2021/7/16,zkSync,107,42.87844191,0,42.87844191,42.87844191,46,933.3541335,2822.896528,-1889.542395,3756.250662
2021/7/17,zkSync,247,49.32652941,0,49.32652941,49.32652941,67,382.2459272,10177.46586,-9795.21993,10559.71178
2021/7/18,zkSync,426,8.21679786,0,8.21679786,8.21679786,73,3552.769189,11443.46119,-7890.691997,14996.23038
2021/7/19,zkSync,803,79.70915345,0,79.70915345,79.70915345,52,10670.92567,13372.22827,-2701.3026,24043.15394
2021/7/20,zkSync,206,7.005919435,0,7.005919435,7.005919435,25,1495.107425,4815.503006,-3320.39558,6310.610431
2021/7/21,zkSync,165,3.333047371,0,3.333047371,3.333047371,46,32278.3935,2161.81482,30116.57868,34440.20832
2021/7/22,zkSync,198,9.146497408,0,9.146497408,9.146497408,23,934.2075625,1229.449056,-295.2414937,2163.656619
2021/7/23,zkSync,333,12.95644029,0,12.95644029,12.95644029,42,2589.765087,41244.70267,-38654.93758,43834.46776
2021/7/24,zkSync,193,20.15093274,0,20.15093274,20.15093274,35,970.2371664,13504.18215,-12533.94498,14474.41931
2021/7/25,zkSync,206,7.316496237,0,7.316496237,7.316496237,39,2880.330404,8606.307502,-5725.977098,11486.63791
2021/7/26,zkSync,104,4.422209026,0,4.422209026,4.422209026,17,6628.727179,756.2965096,5872.430669,7385.023688
2021/7/27,zkSync,142,13.88600999,0,13.88600999,13.88600999,15,1494.845499,1947.425401,-452.5799023,3442.270901
2021/7/28,zkSync,150,5.099808275,0,5.099808275,5.099808275,9,83.36581717,1022.479334,-939.1135169,1105.845151
2021/7/29,zkSync,195,16.25379459,0,16.25379459,16.25379459,30,20.00796965,17039.17361,-17019.16564,17059.18158
2021/7/30,zkSync,198,12.53593985,0,12.53593985,12.53593985,21,1304.710336,914.5587901,390.1515462,2219.269126
2021/7/31,zkSync,417,70.9205024,0,70.9205024,70.9205024,19,561.4736278,8088.35436,-7526.880732,8649.827988
2021/8/1,zkSync,294,8.772209915,0,8.772209915,8.772209915,20,322998.0143,4294.071607,318703.9427,327292.0859
2021/8/2,zkSync,97,6.10572364,0,6.10572364,6.10572364,15,8912.49452,814.334849,8098.159671,9726.829369
2021/8/3,zkSync,93,24.62981424,0,24.62981424,24.62981424,21,61180.69926,6521.177317,54659.52195,67701.87658
2021/8/4,zkSync,209,12.59033837,0,12.59033837,12.59033837,40,14441.20308,4538.900625,9902.302458,18980.10371
2021/8/5,zkSync,187,12.13388166,0,12.13388166,12.13388166,28,8326.394452,4764.359546,3562.034907,13090.754
2021/8/6,zkSync,308,35.22087915,0,35.22087915,35.22087915,20,14244.99155,3350.079427,10894.91212,17595.07097
2021/8/7,zkSync,289,38.44877091,0,38.44877091,38.44877091,18,73510.36299,43879.78875,29630.57423,117390.1517
2021/8/8,zkSync,551,18.13237354,0,18.13237354,18.13237354,46,8091.36679,18445.64841,-10354.28162,26537.0152
2021/8/9,zkSync,351,42.01623213,0,42.01623213,42.01623213,26,5746.111189,3005.677255,2740.433934,8751.788444
2021/8/10,zkSync,309,33.05896196,0,33.05896196,33.05896196,37,2729.683468,10889.6436,-8159.960136,13619.32707
2021/8/11,zkSync,266,47.45397763,0,47.45397763,47.45397763,10,1394.536051,1729.488514,-334.9524629,3124.024566
2021/8/12,zkSync,312,14.51050886,0,14.51050886,14.51050886,28,20956.8599,5274.509047,15682.35085,26231.36895
2021/8/13,zkSync,883,16.56445694,0,16.56445694,16.56445694,33,39833.29837,6714.470925,33118.82744,46547.76929
2021/8/14,zkSync,249,7.371996977,0,7.371996977,7.371996977,10,1346.826969,720.4297564,626.3972131,2067.256726
2021/8/15,zkSync,505,49.20168898,0,49.20168898,49.20168898,32,11003.54641,17506.15738,-6502.610969,28509.70378
2021/8/16,zkSync,209,34.878154,0,34.878154,34.878154,20,6099.56701,2899.223245,3200.343765,8998.790255
2021/8/17,zkSync,222,18.03724664,0,18.03724664,18.03724664,15,6181.753819,9420.189159,-3238.43534,15601.94298
2021/8/18,zkSync,600,1025.258458,0,1025.258458,1025.258458,18,1441.230794,12872.3963,-11431.1655,14313.62709
2021/8/19,zkSync,687,44.11415632,0,44.11415632,44.11415632,76,21374.32142,13841.49108,7532.830344,35215.8125
2021/8/20,zkSync,303,230.7427312,0,230.7427312,230.7427312,21,4783.374319,1046.19834,3737.175979,5829.572659
2021/8/21,zkSync,279,207.8265203,0,207.8265203,207.8265203,34,32541.97582,105095.8521,-72553.87623,137637.8279
2021/8/22,zkSync,611,28.34235666,0,28.34235666,28.34235666,53,2713.623936,3813.956537,-1100.332601,6527.580473
2021/8/23,zkSync,241,25.13212992,0,25.13212992,25.13212992,11,23685.67868,8277.591745,15408.08694,31963.27043
2021/8/24,zkSync,172,16.40688496,0,16.40688496,16.40688496,8,1657.775718,5575.985965,-3918.210247,7233.761683
2021/8/25,zkSync,94,6.479729221,0,6.479729221,6.479729221,8,2148.263902,3187.280858,-1039.016956,5335.54476
2021/8/26,zkSync,136,14.31199521,0,14.31199521,14.31199521,14,4024.975948,4473.019004,-448.0430559,8497.994951
2021/8/27,zkSync,161,17.10542425,0,17.10542425,17.10542425,18,2124.91263,1873.220187,251.6924428,3998.132817
2021/8/28,zkSync,328,16.49170446,0,16.49170446,16.49170446,18,28148.80374,2873.250217,25275.55352,31022.05396
2021/8/29,zkSync,654,5.815697895,0,5.815697895,5.815697895,15,963.1417725,1654.152785,-691.0110128,2617.294558
2021/8/30,zkSync,138,6.540293297,0,6.540293297,6.540293297,5,495.0693928,274.3922356,220.6771572,769.4616284
2021/8/31,zkSync,63,6.5438212,0,6.5438212,6.5438212,12,19138.65985,1910.959897,17227.69995,21049.61974
2021/9/1,zkSync,79,18.19568016,0,18.19568016,18.19568016,16,28030.62567,44575.73225,-16545.10657,72606.35792
2021/9/2,zkSync,80,26.9663685,0,26.9663685,26.9663685,13,4049.477299,60492.7096,-56443.2323,64542.18689
2021/9/3,zkSync,49,6.4265,0,6.4265,6.4265,7,141.3211329,14078.4183,-13937.09717,14219.73943
2021/9/4,zkSync,98,18.28811011,0,18.28811011,18.28811011,9,59.50597762,8785.162805,-8725.656828,8844.668783
2021/9/5,zkSync,128,13.27524275,0,13.27524275,13.27524275,12,5492.040601,212.1191679,5279.921433,5704.159768
2021/9/6,zkSync,90,7.204355,0,7.204355,7.204355,7,801.1202759,9491.258841,-8690.138566,10292.37912
2021/9/7,zkSync,58,102.3034792,0,102.3034792,102.3034792,15,29667.81715,2067.920507,27599.89664,31735.73765
2021/9/8,zkSync,114,6.477664809,0,6.477664809,6.477664809,32,33645.08316,63873.82695,-30228.74379,97518.91011
2021/9/9,zkSync,570,37.17881073,0,37.17881073,37.17881073,133,40712.72575,28136.07655,12576.6492,68848.80229
2021/9/10,zkSync,847,47.91577531,0,47.91577531,47.91577531,198,70968.59294,25880.56074,45088.0322,96849.15367
2021/9/11,zkSync,1799,80.16995987,0,80.16995987,80.16995987,284,91559.82008,44231.04187,47328.77821,135790.862
2021/9/12,zkSync,3743,113.760815,0,113.760815,113.760815,412,136785.8705,39385.80656,97400.06392,176171.6771
2021/9/13,zkSync,1718,100.1849495,0,100.1849495,100.1849495,216,45785.43591,21946.86262,23838.5733,67732.29853
2021/9/14,zkSync,1770,129.6584449,0,129.6584449,129.6584449,300,48632.47966,20499.43227,28133.04739,69131.91193
2021/9/15,zkSync,1118,151.8097581,0,151.8097581,151.8097581,230,73152.51445,33988.42114,39164.09331,107140.9356
2021/9/16,zkSync,877,107.3414106,0,107.3414106,107.3414106,159,44782.39534,8364.349305,36418.04603,53146.74464
2021/9/17,zkSync,1193,66.03084862,0,66.03084862,66.03084862,221,72434.25822,21089.57133,51344.68689,93523.82955
2021/9/18,zkSync,1749,72.38397229,0,72.38397229,72.38397229,312,55156.81368,47633.31521,7523.498467,102790.1289
2021/9/19,zkSync,1737,52.29477627,0,52.29477627,52.29477627,342,50214.59657,24753.16321,25461.43335,74967.75978
2021/9/20,zkSync,749,34.70578141,0,34.70578141,34.70578141,194,44044.35176,32867.43507,11176.91669,76911.78683
2021/9/21,zkSync,1407,64.81932408,0,64.81932408,64.81932408,326,62876.71833,14158.92947,48717.78887,77035.6478
2021/9/22,zkSync,2504,77.76471071,0,77.76471071,77.76471071,741,305343.5695,26385.03055,278958.539,331728.6001
2021/9/23,zkSync,3825,124.3059058,0,124.3059058,124.3059058,951,202606.4061,53900.05736,148706.3487,256506.4635
2021/9/24,zkSync,540,21.78303658,0,21.78303658,21.78303658,161,18250.89551,49509.77089,-31258.87538,67760.66641
2021/9/25,zkSync,597,29.37014745,0,29.37014745,29.37014745,124,15819.63575,36569.57554,-20749.93979,52389.21129
2021/9/26,zkSync,450,60.69281993,0,60.69281993,60.69281993,89,5341.22209,35762.99508,-30421.77299,41104.21717
2021/9/27,zkSync,378,38.4829525,0,38.4829525,38.4829525,39,47203.05249,24029.77453,23173.27796,71232.82702
2021/9/28,zkSync,261,27.7984604,0,27.7984604,27.7984604,21,2030.021737,7178.691069,-5148.669332,9208.712806
2021/9/29,zkSync,809,83.55000264,0,83.55000264,83.55000264,35,10762.00561,6773.242881,3988.762731,17535.24849
2021/9/30,zkSync,418,54.99514616,0,54.99514616,54.99514616,34,122576.7744,91281.54266,31295.23169,213858.317
2021/10/1,zkSync,200,25.51152181,0,25.51152181,25.51152181,29,7153.858033,21998.63049,-14844.77246,29152.48852
2021/10/2,zkSync,415,50.71161696,0,50.71161696,50.71161696,45,10661.01365,10189.91288,471.1007669,20850.92653
2021/10/3,zkSync,700,90.61247472,0,90.61247472,90.61247472,54,66022.2681,57187.51944,8834.748656,123209.7875
2021/10/4,zkSync,547,85.36409735,0,85.36409735,85.36409735,38,37702.96157,21786.07915,15916.88243,59489.04072
2021/10/5,zkSync,118,9.230429888,0,9.230429888,9.230429888,21,24975.79612,11834.91835,13140.87777,36810.71447
2021/10/6,zkSync,144,7.944877026,0,7.944877026,7.944877026,21,560.7463706,6437.156823,-5876.410453,6997.903194
2021/10/7,zkSync,141,5.536875988,0,5.536875988,5.536875988,8,593.9176378,2336.547579,-1742.629941,2930.465217
2021/10/8,zkSync,210,15.32401125,0,15.32401125,15.32401125,18,23253.78885,18798.20059,4455.588255,42051.98944
2021/10/9,zkSync,401,36.22240658,0,36.22240658,36.22240658,43,3105.339969,8391.928983,-5286.589014,11497.26895
2021/10/10,zkSync,472,33.22128968,0,33.22128968,33.22128968,19,1522.844165,4258.981455,-2736.13729,5781.82562
2021/10/11,zkSync,201,14.11697532,0,14.11697532,14.11697532,19,22413.37763,25093.681,-2680.303363,47507.05863
2021/10/12,zkSync,267,18.8089805,0,18.8089805,18.8089805,31,9086.573466,7188.134391,1898.439075,16274.70786
2021/10/13,zkSync,500,44.39386401,0,44.39386401,44.39386401,51,23124.89909,18872.676,4252.223096,41997.57509
2021/10/14,zkSync,842,70.2483686,0,70.2483686,70.2483686,87,39877.10616,2036.903121,37840.20304,41914.00928
2021/10/15,zkSync,3707,244.7484212,0,244.7484212,244.7484212,350,128058.859,30842.90106,97215.9579,158901.76
2021/10/16,zkSync,3404,241.8484854,0,241.8484854,241.8484854,273,88283.58644,35841.75123,52441.83521,124125.3377
2021/10/17,zkSync,3304,240.8563908,0,240.8563908,240.8563908,206,96889.16093,21792.11948,75097.04146,118681.2804
2021/10/18,zkSync,2350,157.3318174,0,157.3318174,157.3318174,168,41301.31995,29067.56541,12233.75454,70368.88535
2021/10/19,zkSync,2219,128.3467773,0,128.3467773,128.3467773,110,39167.64502,16804.51632,22363.12871,55972.16134
2021/10/20,zkSync,2090,394.6245961,0,394.6245961,394.6245961,105,51772.8396,44569.07616,7203.763447,96341.91576
2021/10/21,zkSync,1224,492.5254718,0,492.5254718,492.5254718,59,29972.828,12475.22756,17497.60044,42448.05556
2021/10/22,zkSync,1198,351.5332954,0,351.5332954,351.5332954,82,12819.33115,11874.83082,944.500329,24694.16197
2021/10/23,zkSync,1254,160.2027476,0,160.2027476,160.2027476,56,15441.69881,20877.41565,-5435.716838,36319.11446
2021/10/24,zkSync,1383,81.37638469,0,81.37638469,81.37638469,73,25527.23465,29639.25885,-4112.024197,55166.4935
2021/10/25,zkSync,564,38.31589638,0,38.31589638,38.31589638,21,3594.648968,927.5078477,2667.14112,4522.156815
2021/10/26,zkSync,358,22.76765105,0,22.76765105,22.76765105,24,79664.6228,90844.05769,-11179.43489,170508.6805
2021/10/27,zkSync,208,31.06509187,0,31.06509187,31.06509187,19,4377.426603,24172.60455,-19795.17794,28550.03115
2021/10/28,zkSync,192,14.59422718,0,14.59422718,14.59422718,10,402.203874,6930.7609,-6528.557026,7332.964774
2021/10/29,zkSync,237,28.6946119,0,28.6946119,28.6946119,22,57373.78036,1619.173142,55754.60722,58992.9535
2021/10/30,zkSync,235,14.90189662,0,14.90189662,14.90189662,18,2184.019511,14280.29338,-12096.27387,16464.31289
2021/10/31,zkSync,256,16.20012631,0,16.20012631,16.20012631,17,1437.049148,7680.144329,-6243.095181,9117.193477
2021/11/1,zkSync,230,16.68039647,0,16.68039647,16.68039647,17,10751.89394,40776.97492,-30025.08098,51528.86886
2021/11/2,zkSync,200,8.620686195,0,8.620686195,8.620686195,19,220382.4453,220786.1336,-403.6882874,441168.5789
2021/11/3,zkSync,314,125.1231538,0,125.1231538,125.1231538,18,39491.92491,13121.73176,26370.19316,52613.65667
2021/11/4,zkSync,369,42.41942783,0,42.41942783,42.41942783,33,9066.043222,15552.59063,-6486.547413,24618.63386
2021/11/5,zkSync,461,44.46539783,0,44.46539783,44.46539783,18,9370.878056,3274.515528,6096.362528,12645.39358
2021/11/6,zkSync,511,75.65262163,0,75.65262163,75.65262163,23,1845.437599,2948.855285,-1103.417686,4794.292884
2021/11/7,zkSync,758,107.1155508,0,107.1155508,107.1155508,31,76798.66119,4907.62367,71891.03752,81706.28486
2021/11/8,zkSync,672,91.6270578,0,91.6270578,91.6270578,59,62728.93421,4503.944828,58224.98938,67232.87903
2021/11/9,zkSync,713,80.46846457,0,80.46846457,80.46846457,64,62825.86993,31869.19404,30956.67589,94695.06397
2021/11/10,zkSync,1974,358.3611236,0,358.3611236,358.3611236,111,218658.0963,162576.6821,56081.4142,381234.7785
2021/11/11,zkSync,2016,234.4704572,0,234.4704572,234.4704572,116,119656.5522,77901.75915,41754.79301,197558.3113
2021/11/12,zkSync,1797,238.4513492,0,238.4513492,238.4513492,97,222672.4166,62655.00565,160017.4109,285327.4222
2021/11/13,zkSync,2453,310.0598687,0,310.0598687,310.0598687,102,97505.06052,26995.89984,70509.16068,124500.9604
2021/11/14,zkSync,2643,386.7577744,0,386.7577744,386.7577744,160,244995.3243,178797.2794,66198.04494,423792.6037
2021/11/15,zkSync,1544,242.1538747,0,242.1538747,242.1538747,117,129384.3241,92076.85814,37307.46593,221461.1822
2021/11/16,zkSync,1385,160.216094,0,160.216094,160.216094,115,135801.1834,34404.5086,101396.6748,170205.692
2021/11/17,zkSync,2851,509.9304302,0,509.9304302,509.9304302,220,322715.1308,49015.80933,273699.3215,371730.9401
2021/11/18,zkSync,1978,218.0531945,0,218.0531945,218.0531945,169,467982.1901,57519.79542,410462.3947,525501.9856
2021/11/19,zkSync,2133,300.4822495,0,300.4822495,300.4822495,159,324334.5686,138079.419,186255.1496,462413.9876
2021/11/20,zkSync,2792,366.4908267,0,366.4908267,366.4908267,197,204854.7325,108354.1574,96500.57512,313208.8898
2021/11/21,zkSync,4141,423.0324467,0,423.0324467,423.0324467,247,385323.8507,112285.9504,273037.9003,497609.8011
2021/11/22,zkSync,2031,297.025501,0,297.025501,297.025501,134,297270.7084,27539.86798,269730.8404,324810.5764
2021/11/23,zkSync,2270,293.7456357,0,293.7456357,293.7456357,117,186946.7816,37866.05363,149080.728,224812.8353
2021/11/24,zkSync,9512,997.1857427,0,997.1857427,997.1857427,413,473624.2381,66367.98794,407256.2501,539992.226
2021/11/25,zkSync,4866,615.8497031,0,615.8497031,615.8497031,212,584504.1837,313166.3768,271337.8069,897670.5605
2021/11/26,zkSync,3416,521.5177316,0,521.5177316,521.5177316,236,183715.9568,98757.77208,84958.18474,282473.7289
2021/11/27,zkSync,5348,714.5517687,0,714.5517687,714.5517687,293,574359.7894,103594.5757,470765.2137,677954.3651
2021/11/28,zkSync,8913,854.0595367,0,854.0595367,854.0595367,431,303688.3927,111855.8782,191832.5144,415544.2709
2021/11/29,zkSync,5113,595.4855069,0,595.4855069,595.4855069,252,706785.351,613732.596,93052.75496,1.32E+06
2021/11/30,zkSync,3198,429.054207,0,429.054207,429.054207,302,593342.2912,234794.8971,358547.3941,828137.1883
2021/12/1,zkSync,2901,372.5998367,0,372.5998367,372.5998367,215,695094.8166,699955.0071,-4860.190443,1.40E+06
2021/12/2,zkSync,3238,485.5472937,0,485.5472937,485.5472937,312,740170.7234,268419.3465,471751.3769,1.01E+06
2021/12/3,zkSync,4107,538.3080958,0,538.3080958,538.3080958,430,366744.1017,70886.57972,295857.522,437630.6814
2021/12/4,zkSync,2948,236.0656648,0,236.0656648,236.0656648,259,62149.76948,101805.5875,-39655.81805,163955.357
2021/12/5,zkSync,4521,647.2324654,0,647.2324654,647.2324654,403,778584.9392,473974.2063,304610.7329,1.25E+06
2021/12/6,zkSync,2781,362.4645714,0,362.4645714,362.4645714,254,1.55E+06,499277.2126,1.05E+06,2.05E+06
2021/12/7,zkSync,4153,446.499382,0,446.499382,446.499382,353,846457.892,414222.7073,432235.1847,1.26E+06
2021/12/8,zkSync,4562,468.6329038,0,468.6329038,468.6329038,391,1.11E+06,1.13E+06,-17850.68,2.25E+06
2021/12/9,zkSync,4828,779.9341317,0,779.9341317,779.9341317,516,6.15E+06,1.15E+06,5.01E+06,7.30E+06
2021/12/10,zkSync,3156,320.9913402,0,320.9913402,320.9913402,302,928438.4643,624387.4521,304051.0122,1.55E+06
2021/12/11,zkSync,3478,255.7046081,0,255.7046081,255.7046081,375,774396.3223,639065.6806,135330.6417,1.41E+06
2021/12/12,zkSync,4409,972.2577065,0,972.2577065,972.2577065,532,2.24E+06,615055.7455,1.62E+06,2.85E+06
2021/12/13,zkSync,3161,455.8904637,0,455.8904637,455.8904637,368,412335.653,279791.6786,132543.9744,692127.3316
2021/12/14,zkSync,3411,276.6105128,0,276.6105128,276.6105128,455,559706.7608,491870.4178,67836.34302,1.05E+06
2021/12/15,zkSync,3407,344.9598475,0,344.9598475,344.9598475,463,441224.5227,307140.6135,134083.9092,748365.1362
2021/12/16,zkSync,5346,385.0088437,0,385.0088437,385.0088437,784,422609.5889,338976.1359,83633.45293,761585.7248
2021/12/17,zkSync,2492,183.9654346,0,183.9654346,183.9654346,257,869444.215,197464.8727,671979.3423,1.07E+06
2021/12/18,zkSync,2166,175.5864776,0,175.5864776,175.5864776,216,597846.3021,139179.8243,458666.4778,737026.1264
2021/12/19,zkSync,2308,236.6402287,0,236.6402287,236.6402287,250,933917.0539,209334.9226,724582.1313,1.14E+06
2021/12/20,zkSync,1470,136.4177164,0,136.4177164,136.4177164,171,126465.8768,103312.2889,23153.58786,229778.1657
2021/12/21,zkSync,1500,284.4824406,0,284.4824406,284.4824406,137,123628.5108,197327.8746,-73699.36378,320956.3854
2021/12/22,zkSync,1240,259.9709632,0,259.9709632,259.9709632,138,293626.7245,1.26E+06,-964796.2818,1.55E+06
2021/12/23,zkSync,1154,128.6458368,0,128.6458368,128.6458368,92,224622.4781,248698.1977,-24075.71962,473320.6757
2021/12/24,zkSync,1227,424.3156929,0,424.3156929,424.3156929,118,2.15E+06,88706.01613,2.06E+06,2.24E+06
2021/12/25,zkSync,937,391.6053955,0,391.6053955,391.6053955,110,124613.5747,314432.771,-189819.1964,439046.3457
2021/12/26,zkSync,1871,233.3727428,0,233.3727428,233.3727428,176,527196.559,473438.6108,53757.94815,1.00E+06
2021/12/27,zkSync,1427,391.2138277,0,391.2138277,391.2138277,132,172759.1082,978890.3045,-806131.1964,1.15E+06
2021/12/28,zkSync,990,154.1771676,0,154.1771676,154.1771676,106,542753.8692,595142.2663,-52388.3971,1.14E+06
2021/12/29,zkSync,1016,260.9477283,0,260.9477283,260.9477283,67,1.27E+06,2.02E+06,-755250.4587,3.29E+06
2021/12/30,zkSync,2890,372.5177498,0,372.5177498,372.5177498,69,259965.0285,1.01E+06,-749480.3456,1.27E+06
2021/12/31,zkSync,4058,389.0004586,0,389.0004586,389.0004586,81,1.22E+06,225971.7004,993175.6206,1.45E+06
2022/1/1,zkSync,847,261.0514206,0,261.0514206,261.0514206,88,601453.2042,1.08E+06,-483190.0943,1.69E+06
2022/1/2,zkSync,663,145.5533469,0,145.5533469,145.5533469,79,89150.4981,123740.4676,-34589.96948,212890.9657
2022/1/3,zkSync,1242,240.5626897,0,240.5626897,240.5626897,68,105467.0152,411812.1792,-306345.164,517279.1944
2022/1/4,zkSync,1170,244.8424886,0,244.8424886,244.8424886,42,128237.7733,145981.8529,-17744.07958,274219.6263
2022/1/5,zkSync,1045,318.3366821,0,318.3366821,318.3366821,60,538262.7417,236760.0677,301502.674,775022.8094
2022/1/6,zkSync,424,100.3081822,0,100.3081822,100.3081822,81,1.18E+06,759854.142,416149.3408,1.94E+06
2022/1/7,zkSync,355,102.3614443,0,102.3614443,102.3614443,74,330263.1679,361270.6656,-31007.49764,691533.8335
2022/1/8,zkSync,533,170.9165341,0,170.9165341,170.9165341,65,141209.0927,30171.90131,111037.1914,171380.994
2022/1/9,zkSync,412,82.60156004,0,82.60156004,82.60156004,56,71747.70365,225192.7316,-153445.028,296940.4353
2022/1/10,zkSync,247,42.8731617,0,42.8731617,42.8731617,36,239248.7612,9281.336717,229967.4245,248530.0979
2022/1/11,zkSync,538,123.5160948,0,123.5160948,123.5160948,29,221037.1395,335305.6121,-114268.4726,556342.7516
2022/1/12,zkSync,275,150.2507188,0,150.2507188,150.2507188,37,152973.5636,168511.2179,-15537.65433,321484.7815
2022/1/13,zkSync,276,83.15107917,0,83.15107917,83.15107917,52,436234.8016,299439.6549,136795.1467,735674.4565
2022/1/14,zkSync,347,160.0833434,0,160.0833434,160.0833434,63,115401.6114,95705.42126,19696.1901,211107.0326
2022/1/15,zkSync,468,253.5773682,0,253.5773682,253.5773682,52,107109.7807,118066.8585,-10957.07777,225176.6392
2022/1/16,zkSync,552,115.4392233,0,115.4392233,115.4392233,53,146661.9602,263442.5933,-116780.633,410104.5535
2022/1/17,zkSync,364,66.31153485,0,66.31153485,66.31153485,62,159221.1311,1.16E+06,-999329.0065,1.32E+06
2022/1/18,zkSync,420,103.5173868,0,103.5173868,103.5173868,73,384204.8921,58865.60694,325339.2852,443070.4991
2022/1/19,zkSync,463,149.7139854,0,149.7139854,149.7139854,72,2.22E+06,239241.3402,1.98E+06,2.46E+06
2022/1/20,zkSync,369,56.05944458,0,56.05944458,56.05944458,58,822308.5298,756268.253,66040.2768,1.58E+06
2022/1/21,zkSync,236,86.16911547,0,86.16911547,86.16911547,65,265026.2845,153275.4529,111750.8316,418301.7373
2022/1/22,zkSync,168,90.11560525,0,90.11560525,90.11560525,56,998010.0788,3.48E+06,-2.48E+06,4.48E+06
2022/1/23,zkSync,306,86.94915167,0,86.94915167,86.94915167,40,101684.4038,79099.32257,22585.0812,180783.7263
2022/1/24,zkSync,240,111.5954088,0,111.5954088,111.5954088,69,376611.1115,187643.5126,188967.5989,564254.624
2022/1/25,zkSync,273,72.43261351,0,72.43261351,72.43261351,53,324416.1307,105770.1483,218645.9824,430186.279
2022/1/26,zkSync,479,118.7706829,0,118.7706829,118.7706829,60,2.19E+06,1.04E+06,1.15E+06,3.24E+06
2022/1/27,zkSync,1304,213.1580135,0,213.1580135,213.1580135,38,4.11E+06,6654.403754,4.11E+06,4.12E+06
2022/1/28,zkSync,493,969.0443111,0,969.0443111,969.0443111,48,764351.7366,3.07E+06,-2.30E+06,3.83E+06
2022/1/29,zkSync,449,98.93702264,0,98.93702264,98.93702264,46,340935.9437,78073.40676,262862.537,419009.3505
2022/1/30,zkSync,502,217.375867,0,217.375867,217.375867,71,1.29E+06,316328.1307,976857.7096,1.61E+06
2022/1/31,zkSync,437,282.354047,0,282.354047,282.354047,89,630719.4908,237573.6327,393145.8581,868293.1236
2022/2/1,zkSync,203,70.92089341,0,70.92089341,70.92089341,42,366927.9621,86857.98811,280069.974,453785.9502
2022/2/2,zkSync,264,282.9411561,0,282.9411561,282.9411561,43,383359.9705,82770.28761,300589.6829,466130.2581
2022/2/3,zkSync,264,61.03255227,0,61.03255227,61.03255227,47,1.51E+07,89074.64771,1.50E+07,1.52E+07
2022/2/4,zkSync,357,135.6774558,0,135.6774558,135.6774558,238,160774.977,374535.8907,-213760.9138,535310.8677
2022/2/5,zkSync,443,136.6367522,0,136.6367522,136.6367522,84,336870.3278,408686.9047,-71816.57691,745557.2324
2022/2/6,zkSync,567,174.1277491,0,174.1277491,174.1277491,148,2.36E+06,996363.546,1.36E+06,3.35E+06
2022/2/7,zkSync,211,211.4846447,0,211.4846447,211.4846447,86,925145.4408,1.94E+06,-1.02E+06,2.87E+06
2022/2/8,zkSync,360,455.1662543,0,455.1662543,455.1662543,81,1.21E+06,1.31E+06,-98789.73154,2.51E+06
2022/2/9,zkSync,421,282.4216101,0,282.4216101,282.4216101,64,257332.4432,132280.1315,125052.3118,389612.5747
2022/2/10,zkSync,285,653.9542596,0,653.9542596,653.9542596,60,1.51E+06,1.74E+06,-229664.8482,3.26E+06
2022/2/11,zkSync,320,282.0160976,0,282.0160976,282.0160976,64,606113.8446,1.45E+06,-846547.7536,2.06E+06
2022/2/12,zkSync,389,220.6466609,0,220.6466609,220.6466609,85,107576.2684,4.20E+06,-4.10E+06,4.31E+06
2022/2/13,zkSync,398,2831.954564,0,2831.954564,2831.954564,66,7.60E+06,234619.6381,7.37E+06,7.84E+06
2022/2/14,zkSync,359,109.5793217,0,109.5793217,109.5793217,62,137869.665,24904.65639,112965.0086,162774.3214
2022/2/15,zkSync,266,49.23184562,0,49.23184562,49.23184562,2857,168026.9063,47799.12032,120227.786,215826.0266
2022/2/16,zkSync,249,60.85881374,0,60.85881374,60.85881374,39,119599.9291,64619.75554,54980.17352,184219.6846
2022/2/17,zkSync,222,60.9832907,0,60.9832907,60.9832907,46,176007.8231,83295.46113,92712.36196,259303.2842
2022/2/18,zkSync,188,104.9038459,0,104.9038459,104.9038459,100,1.43E+06,5.29E+06,-3.86E+06,6.72E+06
2022/2/19,zkSync,291,162.9460957,0,162.9460957,162.9460957,71,317279.8772,270958.1428,46321.7344,588238.02
2022/2/20,zkSync,288,93.60570208,0,93.60570208,93.60570208,62,297735.6475,694254.6562,-396519.0087,991990.3037
2022/2/21,zkSync,1457,543.2977522,0,543.2977522,543.2977522,126,424315.543,628099.9444,-203784.4014,1.05E+06
2022/2/22,zkSync,1877,593.3737674,0,593.3737674,593.3737674,138,520464.4199,1.95E+06,-1.43E+06,2.47E+06
2022/2/23,zkSync,486,377.1460435,0,377.1460435,377.1460435,85,1.04E+06,1.61E+06,-570337.4783,2.65E+06
2022/2/24,zkSync,352,90.04206142,0,90.04206142,90.04206142,80,319549.4011,1.61E+06,-1.29E+06,1.92E+06
2022/2/25,zkSync,400,319.5427869,0,319.5427869,319.5427869,65,159300.2395,548302.976,-389002.7365,707603.2155
2022/2/26,zkSync,425,86.61550641,0,86.61550641,86.61550641,65,606382.7572,74956.11869,531426.6385,681338.8759
2022/2/27,zkSync,455,393.5196319,0,393.5196319,393.5196319,77,314805.788,200941.094,113864.694,515746.882
2022/2/28,zkSync,160,253.9140578,0,253.9140578,253.9140578,40,59959.90706,627971.5912,-568011.6841,687931.4983
2022/3/1,zkSync,184,342.049883,0,342.049883,342.049883,60,1.63E+06,1.26E+06,373752.1931,2.89E+06
2022/3/2,zkSync,267,93.01482493,0,93.01482493,93.01482493,84,131041.0619,216963.8366,-85922.77475,348004.8986
2022/3/3,zkSync,293,217.0022626,0,217.0022626,217.0022626,57,877224.9611,41901.4784,835323.4827,919126.4395
2022/3/4,zkSync,359,272.9317551,0,272.9317551,272.9317551,112,139602.2283,1.01E+06,-867281.8463,1.15E+06
2022/3/5,zkSync,466,108.0098796,0,108.0098796,108.0098796,72,292196.3812,971710.4933,-679514.112,1.26E+06
2022/3/6,zkSync,568,346.9534351,0,346.9534351,346.9534351,165,3.25E+06,186259.2709,3.06E+06,3.43E+06
2022/3/7,zkSync,501,178.0879836,0,178.0879836,178.0879836,73,704151.057,1.75E+06,-1.05E+06,2.46E+06
2022/3/8,zkSync,427,540.025745,0,540.025745,540.025745,100,161347.5312,410600.497,-249252.9658,571948.0281
2022/3/9,zkSync,552,471.7357181,0,471.7357181,471.7357181,2749,274645.6304,885589.2313,-610943.6008,1.16E+06
2022/3/10,zkSync,417,1175.16027,0,1175.16027,1175.16027,143,1.54E+06,1.18E+06,352462.8286,2.72E+06
2022/3/11,zkSync,461,647.9037227,0,647.9037227,647.9037227,119,472357.8951,857573.3525,-385215.4574,1.33E+06
2022/3/12,zkSync,765,153.0049579,0,153.0049579,153.0049579,182,246110.1659,315476.2343,-69366.06834,561586.4002
2022/3/13,zkSync,729,315.4076704,0,315.4076704,315.4076704,124,273324.0988,1.04E+06,-764501.3625,1.31E+06
2022/3/14,zkSync,753,476.0780519,0,476.0780519,476.0780519,127,78770.68691,1.18E+06,-1.10E+06,1.26E+06
2022/3/15,zkSync,660,340.5907118,0,340.5907118,340.5907118,150,2.92E+07,620187.6654,2.86E+07,2.98E+07
2022/3/16,zkSync,498,4816.284181,0,4816.284181,4816.284181,94,1.04E+07,2.13E+06,8.22E+06,1.25E+07
2022/3/17,zkSync,501,4484.763089,0,4484.763089,4484.763089,84,1.02E+07,1.52E+06,8.72E+06,1.18E+07
2022/3/18,zkSync,463,314.9205935,0,314.9205935,314.9205935,99,323185.7686,757334.6534,-434148.8848,1.08E+06
2022/3/19,zkSync,1000,747.1258569,0,747.1258569,747.1258569,190,355312.4443,872590.6253,-517278.181,1.23E+06
2022/3/20,zkSync,1208,303.1921204,0,303.1921204,303.1921204,234,287823.7221,1.57E+06,-1.28E+06,1.86E+06
2022/3/21,zkSync,1272,815.8151237,0,815.8151237,815.8151237,165,275485.0344,1.07E+06,-796655.1905,1.35E+06
2022/3/22,zkSync,1252,287.3645835,0,287.3645835,287.3645835,256,587879.9731,1.05E+06,-460888.0148,1.64E+06
2022/3/23,zkSync,1864,372.0487966,0,372.0487966,372.0487966,348,636008.0342,1.04E+06,-400814.8114,1.67E+06
2022/3/24,zkSync,1468,217.1146054,0,217.1146054,217.1146054,282,339955.8167,2.40E+06,-2.06E+06,2.74E+06
2022/3/25,zkSync,457,513.9864707,0,513.9864707,513.9864707,135,978235.3315,2.49E+06,-1.51E+06,3.47E+06
2022/3/26,zkSync,424,253.1583327,0,253.1583327,253.1583327,77,2.61E+06,929946.3814,1.68E+06,3.54E+06
2022/3/27,zkSync,399,187.9645939,0,187.9645939,187.9645939,85,168236.6884,209065.3436,-40828.65518,377302.032
2022/3/28,zkSync,411,361.6410536,0,361.6410536,361.6410536,67,741308.917,1.10E+06,-358732.2531,1.84E+06
2022/3/29,zkSync,403,93.26832605,0,93.26832605,93.26832605,86,313175.7794,1.56E+06,-1.25E+06,1.88E+06
2022/3/30,zkSync,488,106.9604589,0,106.9604589,106.9604589,79,1.32E+06,1.34E+06,-24429.85767,2.66E+06
2022/3/31,zkSync,448,183.1344386,0,183.1344386,183.1344386,64,73428.38399,71039.83797,2388.546016,144468.222
2022/4/1,zkSync,278,513.9030273,0,513.9030273,513.9030273,47,38694.55206,198758.1916,-160063.6396,237452.7437
2022/4/2,zkSync,311,272.9287522,0,272.9287522,272.9287522,64,683381.5664,158121.522,525260.0444,841503.0884
2022/4/3,zkSync,350,723.2628898,0,723.2628898,723.2628898,76,723202.6734,568543.4092,154659.2642,1.29E+06
2022/4/4,zkSync,346,467.2987814,0,467.2987814,467.2987814,75,291172.605,1.99E+06,-1.69E+06,2.28E+06
2022/4/5,zkSync,262,368.3516294,0,368.3516294,368.3516294,288,243411.0838,124661.9284,118749.1554,368073.0122
2022/4/6,zkSync,302,296.5050933,0,296.5050933,296.5050933,458,329474.6561,229549.3055,99925.35063,559023.9616
2022/4/7,zkSync,436,291.4671786,0,291.4671786,291.4671786,112,307575.7562,1.54E+06,-1.23E+06,1.85E+06
2022/4/8,zkSync,477,169.5997678,0,169.5997678,169.5997678,99,243020.9524,152165.3429,90855.6095,395186.2954
2022/4/9,zkSync,606,158.977711,0,158.977711,158.977711,131,315212.4121,156438.7941,158773.618,471651.2062
2022/4/10,zkSync,530,317.9385233,0,317.9385233,317.9385233,89,129432.2549,184641.2183,-55208.9634,314073.4733
2022/4/11,zkSync,385,59.90314794,0,59.90314794,59.90314794,87,154263.0189,7.26E+06,-7.11E+06,7.41E+06
2022/4/12,zkSync,296,124.4024971,0,124.4024971,124.4024971,60,159932.4802,995902.3922,-835969.912,1.16E+06
2022/4/13,zkSync,329,527.6529771,0,527.6529771,527.6529771,76,1.11E+06,496305.5405,610803.0146,1.60E+06
2022/4/14,zkSync,347,193.270686,0,193.270686,193.270686,64,225034.575,2.51E+06,-2.29E+06,2.74E+06
2022/4/15,zkSync,446,999.2483941,0,999.2483941,999.2483941,74,4.78E+06,302289.8166,4.48E+06,5.08E+06
2022/4/16,zkSync,568,463.505059,0,463.505059,463.505059,88,298411.6109,290610.3926,7801.218257,589022.0034
2022/4/17,zkSync,549,515.8023003,0,515.8023003,515.8023003,82,404223.2037,256428.7288,147794.4749,660651.9326
2022/4/18,zkSync,465,296.6076929,0,296.6076929,296.6076929,75,588982.0101,2.16E+06,-1.57E+06,2.75E+06
2022/4/19,zkSync,363,1164.17181,0,1164.17181,1164.17181,36,2.03E+06,3.42E+06,-1.39E+06,5.45E+06
2022/4/20,zkSync,380,416.7488122,0,416.7488122,416.7488122,46,128053.6445,984241.5439,-856187.8994,1.11E+06
2022/4/21,zkSync,357,412.7107216,0,412.7107216,412.7107216,53,451152.7641,656386.9017,-205234.1376,1.11E+06
2022/4/22,zkSync,307,264.9476152,0,264.9476152,264.9476152,46,164972.2231,808866.1386,-643893.9155,973838.3617
2022/4/23,zkSync,436,317.777509,0,317.777509,317.777509,28,35261.41433,370616.1913,-335354.777,405877.6057
2022/4/24,zkSync,680,128.0837699,0,128.0837699,128.0837699,66,274987.3932,426016.6836,-151029.2903,701004.0768
2022/4/25,zkSync,331,174.8748959,0,174.8748959,174.8748959,44,552768.8117,8.37E+06,-7.81E+06,8.92E+06
2022/4/26,zkSync,448,167.0193393,0,167.0193393,167.0193393,60,115880.9001,320853.1659,-204972.2658,436734.0661
2022/4/27,zkSync,1298,245.8958012,0,245.8958012,245.8958012,98,166083.0707,151024.3252,15058.74549,317107.396
2022/4/28,zkSync,1172,254.2066214,0,254.2066214,254.2066214,102,309085.1865,329330.5009,-20245.31438,638415.6874
2022/4/29,zkSync,1545,224.8428757,0,224.8428757,224.8428757,75,87185.18561,68849.82201,18335.3636,156035.0076
2022/4/30,zkSync,1605,281.4065605,0,281.4065605,281.4065605,129,140202.7,87606.10544,52596.59453,227808.8054
2022/5/1,zkSync,742,376.0838262,0,376.0838262,376.0838262,55,67537.14866,6.39E+06,-6.32E+06,6.45E+06
2022/5/2,zkSync,695,178.1252051,0,178.1252051,178.1252051,65,180706.9854,189326.2407,-8619.255299,370033.2262
2022/5/3,zkSync,1217,307.6537273,0,307.6537273,307.6537273,155,349334.2319,124971.6833,224362.5486,474305.9152
2022/5/4,zkSync,1997,391.5982004,0,391.5982004,391.5982004,156,375731.4464,247704.1989,128027.2475,623435.6453
2022/5/5,zkSync,1543,330.8836225,0,330.8836225,330.8836225,168,211938.0382,2.56E+06,-2.35E+06,2.77E+06
2022/5/6,zkSync,2008,440.0280786,0,440.0280786,440.0280786,2608,734264.6635,625412.4832,108852.1804,1.36E+06
2022/5/7,zkSync,2432,549.6815174,0,549.6815174,549.6815174,216,879826.52,279575.9693,600250.5507,1.16E+06
2022/5/8,zkSync,2680,657.0453847,0,657.0453847,657.0453847,293,1.86E+06,3.03E+06,-1.17E+06,4.89E+06
2022/5/9,zkSync,2608,545.7762339,0,545.7762339,545.7762339,229,9.01E+07,7.81E+06,8.23E+07,9.79E+07
2022/5/10,zkSync,1331,2231.043452,0,2231.043452,2231.043452,280,3.58E+07,8.16E+07,-4.58E+07,1.17E+08
2022/5/11,zkSync,1184,460.3138801,0,460.3138801,460.3138801,88,9.18E+06,2.02E+07,-1.10E+07,2.94E+07
2022/5/12,zkSync,197,1130.067461,0,1130.067461,1130.067461,102,5.01E+06,1.06E+07,-5.54E+06,1.56E+07
2022/5/13,zkSync,474,186.48495,0,186.48495,186.48495,114,797557.1632,452378.3904,345178.7728,1.25E+06
2022/5/14,zkSync,1221,225.1099972,0,225.1099972,225.1099972,140,690593.7216,664571.4014,26022.32019,1.36E+06
2022/5/15,zkSync,2588,545.7091845,0,545.7091845,545.7091845,235,244413.3586,140671.0603,103742.2982,385084.4189
2022/5/16,zkSync,3062,685.8569267,0,685.8569267,685.8569267,218,330360.0328,397371.4603,-67011.42752,727731.4931
2022/5/17,zkSync,3581,521.0630717,0,521.0630717,521.0630717,129,710245.7626,1.13E+06,-416483.5845,1.84E+06
2022/5/18,zkSync,2938,603.4967428,0,603.4967428,603.4967428,164,1.42E+06,1.36E+06,59187.79588,2.78E+06
2022/5/19,zkSync,1954,408.7112281,0,408.7112281,408.7112281,227,1.00E+06,961856.1997,41246.17662,1.96E+06
2022/5/20,zkSync,1990,342.3200893,0,342.3200893,342.3200893,149,135168.3462,341227.1528,-206058.8066,476395.4989
2022/5/21,zkSync,2714,573.114946,0,573.114946,573.114946,188,431301.3647,76583.4756,354717.8891,507884.8403
2022/5/22,zkSync,3029,646.6146534,0,646.6146534,646.6146534,747,288048.0107,238506.8252,49541.18554,526554.8359
2022/5/23,zkSync,2840,695.0608374,0,695.0608374,695.0608374,251,171043.8813,457409.0995,-286365.2182,628452.9808
2022/5/24,zkSync,3891,575.5657714,0,575.5657714,575.5657714,1224,595582.0422,72011.88044,523570.1617,667593.9226
2022/5/25,zkSync,2362,635.8904384,0,635.8904384,635.8904384,173,310233.8981,42917.05322,267316.8449,353150.9513
2022/5/26,zkSync,1147,355.650806,0,355.650806,355.650806,98,296986.8661,300887.4866,-3900.620433,597874.3527
2022/5/27,zkSync,1310,365.8555912,0,365.8555912,365.8555912,135,160038.4215,264493.6033,-104455.1817,424532.0248
2022/5/28,zkSync,2320,422.4709095,0,422.4709095,422.4709095,203,340543.2656,2.54E+06,-2.20E+06,2.88E+06
2022/5/29,zkSync,2194,1513.482139,0,1513.482139,1513.482139,243,577972.8483,338562.1521,239410.6962,916535.0004
2022/5/30,zkSync,1344,501.3349805,0,501.3349805,501.3349805,136,512485.9998,324688.1671,187797.8327,837174.1669
2022/5/31,zkSync,1333,447.5278731,0,447.5278731,447.5278731,117,917844.4999,829901.9266,87942.57331,1.75E+06
2022/6/1,zkSync,1966,434.3214694,0,434.3214694,434.3214694,160,413370.7401,235897.8243,177472.9158,649268.5644
2022/6/2,zkSync,1572,394.3629056,0,394.3629056,394.3629056,151,155907.8152,624568.3485,-468660.5333,780476.1638
2022/6/3,zkSync,1805,598.5876535,0,598.5876535,598.5876535,164,457036.8235,239660.4833,217376.3402,696697.3067
2022/6/4,zkSync,2407,475.1951313,0,475.1951313,475.1951313,217,127939.1623,82971.70398,44967.4583,210910.8663
2022/6/5,zkSync,3045,787.6272066,0,787.6272066,787.6272066,217,430577.5176,1.18E+06,-746459.7471,1.61E+06
2022/6/6,zkSync,2778,749.0926984,0,749.0926984,749.0926984,161,270423.0222,349649.7706,-79226.74842,620072.7928
2022/6/7,zkSync,2672,495.3172758,0,495.3172758,495.3172758,167,681697.0237,177935.842,503761.1816,859632.8657
2022/6/8,zkSync,1266,309.1668464,0,309.1668464,309.1668464,117,247621.3706,73909.85032,173711.5203,321531.2209
2022/6/9,zkSync,2742,417.8494788,0,417.8494788,417.8494788,556,99340.91668,138608.9786,-39268.0619,237949.8953
2022/6/10,zkSync,2194,417.9739804,0,417.9739804,417.9739804,507,186786.2346,390895.0721,-204108.8375,577681.3067
2022/6/11,zkSync,3492,491.1846667,0,491.1846667,491.1846667,885,409793.5249,336487.5518,73305.97314,746281.0767
2022/6/12,zkSync,3320,509.5000072,0,509.5000072,509.5000072,314,1.23E+06,117300.5575,1.11E+06,1.34E+06
2022/6/13,zkSync,1033,202.5212094,0,202.5212094,202.5212094,160,1.30E+06,434915.3218,860447.2841,1.73E+06
2022/6/14,zkSync,2391,529.6869283,0,529.6869283,529.6869283,254,369947.4877,403838.1005,-33890.61276,773785.5883
2022/6/15,zkSync,1684,578.8488021,0,578.8488021,578.8488021,211,153396.4508,599399.4989,-446003.0481,752795.9497
2022/6/16,zkSync,2374,448.5643314,0,448.5643314,448.5643314,286,284902.5187,239314.6846,45587.83409,524217.2033
2022/6/17,zkSync,2124,650.2061407,0,650.2061407,650.2061407,248,359319.2548,137026.3325,222292.9223,496345.5873
2022/6/18,zkSync,2264,757.2518532,0,757.2518532,757.2518532,228,137840.6819,382900.5126,-245059.8306,520741.1945
2022/6/19,zkSync,3231,782.3654954,0,782.3654954,782.3654954,378,481403.916,598579.1317,-117175.2157,1.08E+06
2022/6/20,zkSync,4091,669.5745271,0,669.5745271,669.5745271,460,1.41E+06,1.26E+06,151216.1636,2.67E+06
2022/6/21,zkSync,2608,467.2255704,0,467.2255704,467.2255704,429,286231.5677,78193.65553,208037.9121,364425.2232
2022/6/22,zkSync,3722,452.4738651,0,452.4738651,452.4738651,495,121680.1027,62843.98277,58836.11995,184524.0855
2022/6/23,zkSync,4255,406.9055323,0,406.9055323,406.9055323,550,180297.2489,59912.38297,120384.8659,240209.6318
2022/6/24,zkSync,1695,306.2074302,0,306.2074302,306.2074302,340,715985.0836,182152.7501,533832.3335,898137.8337
2022/6/25,zkSync,1005,210.3560151,0,210.3560151,210.3560151,158,188555.5234,958823.4287,-770267.9053,1.15E+06
2022/6/26,zkSync,826,250.7689087,0,250.7689087,250.7689087,132,173051.6326,733910.7572,-560859.1246,906962.3899
2022/6/27,zkSync,950,120.8349252,0,120.8349252,120.8349252,93,54417.03088,148782.1849,-94365.15404,203199.2158
2022/6/28,zkSync,706,150.8088756,0,150.8088756,150.8088756,68,16113.64724,130334.7963,-114221.1491,146448.4436
2022/6/29,zkSync,427,104.9544455,0,104.9544455,104.9544455,88,44180.0765,101805.7191,-57625.64258,145985.7956
2022/6/30,zkSync,346,635.4339474,0,635.4339474,635.4339474,68,47050.11492,965033.2242,-917983.1093,1.01E+06
2022/7/1,zkSync,570,120.1049053,0,120.1049053,120.1049053,69,52963.26977,106946.5805,-53983.31076,159909.8503
2022/7/2,zkSync,707,154.1194806,0,154.1194806,154.1194806,126,60367.8558,106944.8061,-46576.95031,167312.6619
2022/7/3,zkSync,907,141.0021457,0,141.0021457,141.0021457,109,27273.80737,79192.69313,-51918.88576,106466.5005
2022/7/4,zkSync,444,119.0972617,0,119.0972617,119.0972617,137,240370.986,83293.39868,157077.5873,323664.3847
2022/7/5,zkSync,426,80.42553971,0,80.42553971,80.42553971,106,126494.2229,107597.4326,18896.79036,234091.6555
2022/7/6,zkSync,463,75.07035557,0,75.07035557,75.07035557,87,147514.1133,83768.49285,63745.62049,231282.6062
2022/7/7,zkSync,475,131.3668487,0,131.3668487,131.3668487,1145,174048.8515,68800.06511,105248.7864,242848.9166
2022/7/8,zkSync,375,52.88630077,0,52.88630077,52.88630077,2593,23033.36032,117886.3206,-94852.96032,140919.681
2022/7/9,zkSync,671,82.50587862,0,82.50587862,82.50587862,92,62614.0202,73753.36502,-11139.34482,136367.3852
2022/7/10,zkSync,529,79.57599196,0,79.57599196,79.57599196,97,82461.69712,63267.54417,19194.15296,145729.2413
2022/7/11,zkSync,457,163.5765709,0,163.5765709,163.5765709,63,82626.38371,27465.55652,55160.82719,110091.9402
2022/7/12,zkSync,515,157.2467536,0,157.2467536,157.2467536,62,149106.0842,733726.3801,-584620.2959,882832.4643
2022/7/13,zkSync,444,83.98371661,0,83.98371661,83.98371661,95,21430.56771,166478.5798,-145048.0121,187909.1475
2022/7/14,zkSync,705,151.2489811,0,151.2489811,151.2489811,160,258570.4325,1.14E+06,-882081.4182,1.40E+06
2022/7/15,zkSync,691,101.0638727,0,101.0638727,101.0638727,136,378252.5786,503629.8937,-125377.3151,881882.4724
2022/7/16,zkSync,1023,278.9484588,0,278.9484588,278.9484588,134,1.50E+06,1.51E+06,-7687.349067,3.01E+06
2022/7/17,zkSync,1129,210.4504151,0,210.4504151,210.4504151,101,138602.7319,85164.31358,53438.41836,223767.0455
2022/7/18,zkSync,597,104.4999091,0,104.4999091,104.4999091,76,119177.1473,538965.1663,-419788.019,658142.3135
2022/7/19,zkSync,938,150.3038635,0,150.3038635,150.3038635,75,272204.2756,129989.145,142215.1306,402193.4206
2022/7/20,zkSync,2330,180.2924318,0,180.2924318,180.2924318,80,131047.005,1.37E+06,-1.24E+06,1.50E+06
2022/7/21,zkSync,914,207.516433,0,207.516433,207.516433,118,98163.27357,54249.49199,43913.78159,152412.7656
2022/7/22,zkSync,1019,194.106559,0,194.106559,194.106559,97,22896.7072,49682.1688,-26785.4616,72578.87599
2022/7/23,zkSync,1375,258.2928589,0,258.2928589,258.2928589,132,11320.95555,122979.4475,-111658.4919,134300.403
2022/7/24,zkSync,1176,209.0666502,0,209.0666502,209.0666502,144,128514.3702,109769.5638,18744.80643,238283.934
2022/7/25,zkSync,1157,239.2094556,0,239.2094556,239.2094556,76,18499.32275,29414.60646,-10915.28372,47913.92921
2022/7/26,zkSync,544,133.5420946,0,133.5420946,133.5420946,66,42779.76624,17558.148,25221.61823,60337.91424
2022/7/27,zkSync,946,132.5450073,0,132.5450073,132.5450073,137,20723.02394,247841.4183,-227118.3943,268564.4422
2022/7/28,zkSync,696,153.9315428,0,153.9315428,153.9315428,72,79455.56927,42041.92279,37413.64648,121497.4921
2022/7/29,zkSync,715,174.5132121,0,174.5132121,174.5132121,104,826265.5014,330641.6743,495623.8271,1.16E+06
2022/7/30,zkSync,1311,186.5287237,0,186.5287237,186.5287237,136,72415.12623,70575.88191,1839.244315,142991.0081
2022/7/31,zkSync,1290,186.4009048,0,186.4009048,186.4009048,115,38449.67017,100541.0292,-62091.35903,138990.6994
2022/8/1,zkSync,674,113.4874431,0,113.4874431,113.4874431,106,197600.1707,59725.88339,137874.2873,257326.0541
2022/8/2,zkSync,677,131.0073908,0,131.0073908,131.0073908,121,161762.7629,167473.291,-5710.528117,329236.0539
2022/8/3,zkSync,755,128.83019,0,128.83019,128.83019,115,109736.2287,253053.246,-143317.0173,362789.4747
2022/8/4,zkSync,754,137.53672,0,137.53672,137.53672,109,32945.36179,361530.3923,-328585.0305,394475.7541
2022/8/5,zkSync,819,153.1501613,0,153.1501613,153.1501613,75,134300.8962,136137.203,-1836.306784,270438.0992
2022/8/6,zkSync,1631,207.8847477,0,207.8847477,207.8847477,4493,62872.91878,299222.4083,-236349.4896,362095.3271
2022/8/7,zkSync,1113,177.3286289,0,177.3286289,177.3286289,226,28059.01316,66510.83863,-38451.82548,94569.85179
2022/8/8,zkSync,772,169.8142538,14.79224919,155.0220046,184.606503,96,94330.71041,279164.8255,-184834.1151,373495.5359
2022/8/9,zkSync,495,67.52935301,0,67.52935301,67.52935301,98,35713.84406,204894.3139,-169180.4699,240608.158
2022/8/10,zkSync,584,84.25210481,0,84.25210481,84.25210481,95,81008.15075,44371.34432,36636.80642,125379.4951
2022/8/11,zkSync,394,67.53894779,0,67.53894779,67.53894779,71,58305.36112,759472.9274,-701167.5663,817778.2885
2022/8/12,zkSync,924,97.18305645,0,97.18305645,97.18305645,64,35454.24318,62472.80377,-27018.56059,97927.04695
2022/8/13,zkSync,1185,183.6808761,0,183.6808761,183.6808761,98,87382.93488,187580.7298,-100197.7949,274963.6647
2022/8/14,zkSync,1104,190.8123454,0,190.8123454,190.8123454,197,52228.69021,102533.4063,-50304.71611,154762.0965
2022/8/15,zkSync,323,113.0717916,0,113.0717916,113.0717916,48,67733.23864,64571.57056,3161.668084,132304.8092
2022/8/16,zkSync,1109,174.1895579,0,174.1895579,174.1895579,92,18639.14221,28134.11438,-9494.972172,46773.2566
2022/8/17,zkSync,727,156.5413852,0,156.5413852,156.5413852,68,11280.64561,685304.7169,-674024.0713,696585.3625
2022/8/18,zkSync,1542,121.0608179,0,121.0608179,121.0608179,47,1814.099225,16641.43559,-14827.33636,18455.53481
2022/8/19,zkSync,550,46.89927664,0,46.89927664,46.89927664,47,32963.74026,99333.42443,-66369.68417,132297.1647
2022/8/20,zkSync,927,156.242127,0,156.242127,156.242127,90,22469.54436,30423.38509,-7953.840729,52892.92944
2022/8/21,zkSync,1424,231.4312003,0,231.4312003,231.4312003,104,176351.015,30098.33456,146252.6804,206449.3495
2022/8/22,zkSync,1151,57.44028379,0,57.44028379,57.44028379,78,13994.0306,44593.69796,-30599.66735,58587.72856
2022/8/23,zkSync,375,130.7151688,0,130.7151688,130.7151688,68,14652.08646,198500.1401,-183848.0536,213152.2265
2022/8/24,zkSync,611,106.2975829,0,106.2975829,106.2975829,87,105321.781,19332.01699,85989.76403,124653.798
2022/8/25,zkSync,938,176.7879624,0,176.7879624,176.7879624,99,115355.2038,301917.7109,-186562.5071,417272.9147
2022/8/26,zkSync,756,124.2486146,0,124.2486146,124.2486146,76,21414.58156,32771.96346,-11357.3819,54186.54503
2022/8/27,zkSync,711,40.92761535,0,40.92761535,40.92761535,79,36913.08562,27485.97828,9427.107342,64399.0639
2022/8/28,zkSync,858,51.64659669,0,51.64659669,51.64659669,106,79183.67624,146856.7943,-67673.11803,226040.4705
2022/8/29,zkSync,585,90.25569011,0,90.25569011,90.25569011,62,62329.31798,123815.4905,-61486.17254,186144.8085
2022/8/30,zkSync,416,79.09770407,0,79.09770407,79.09770407,88,77814.7692,258382.3901,-180567.6209,336197.1593
2022/8/31,zkSync,281,174.3432895,0,174.3432895,174.3432895,45,187755.3246,108278.5273,79476.79731,296033.852
2022/9/1,zkSync,288,42.01902092,0,42.01902092,42.01902092,49,7153.629915,60088.60387,-52934.97395,67242.23378
2022/9/2,zkSync,504,64.6868326,0,64.6868326,64.6868326,54,6515.003489,23059.21092,-16544.20743,29574.21441
2022/9/3,zkSync,1333,98.28689109,0,98.28689109,98.28689109,110,72381.77211,47797.16717,24584.60494,120178.9393
2022/9/4,zkSync,1046,92.23678483,0,92.23678483,92.23678483,91,32184.42706,48449.38567,-16264.9586,80633.81273
2022/9/5,zkSync,923,82.27780689,0,82.27780689,82.27780689,81,88158.62853,14025.35959,74133.26894,102183.9881
2022/9/6,zkSync,1478,167.1690092,0,167.1690092,167.1690092,61,73374.26048,240576.5486,-167202.2881,313950.809
2022/9/7,zkSync,598,55.61247791,0,55.61247791,55.61247791,92,39897.5144,49734.90805,-9837.393647,89632.42245
2022/9/8,zkSync,565,126.621398,0,126.621398,126.621398,151,66026.31111,18507.82047,47518.49064,84534.13158
2022/9/9,zkSync,744,123.4360184,0,123.4360184,123.4360184,106,13617.87031,301421.9518,-287804.0814,315039.8221
2022/9/10,zkSync,2807,166.8734927,0,166.8734927,166.8734927,157,44809.52091,187511.5371,-142702.0162,232321.058
2022/9/11,zkSync,1691,190.6673375,0,190.6673375,190.6673375,223,37575.50131,335997.0142,-298421.5129,373572.5155
2022/9/12,zkSync,1394,85.45336598,0,85.45336598,85.45336598,168,22838.19557,181030.2348,-158192.0393,203868.4304
2022/9/13,zkSync,1037,76.51255535,0,76.51255535,76.51255535,186,37466.6355,256293.297,-218826.6615,293759.9325
2022/9/14,zkSync,1129,79.22768394,0,79.22768394,79.22768394,188,35033.68657,199374.6565,-164340.97,234408.3431
2022/9/15,zkSync,557,22.08131863,0,22.08131863,22.08131863,121,22754.1496,90935.52628,-68181.37668,113689.6759
2022/9/16,zkSync,1211,701.02083,0,701.02083,701.02083,167,63585.43106,13672.21382,49913.21724,77257.64489
2022/9/17,zkSync,1990,318.6211492,0,318.6211492,318.6211492,320,52494.61502,340059.7836,-287565.1686,392554.3987
2022/9/18,zkSync,1866,164.6236681,0,164.6236681,164.6236681,266,90025.54559,33332.82863,56692.71696,123358.3742
2022/9/19,zkSync,1496,224.1334702,0,224.1334702,224.1334702,251,98482.89029,235492.1527,-137009.2624,333975.043
2022/9/20,zkSync,2047,195.5254344,0,195.5254344,195.5254344,292,28635.80036,127005.7719,-98369.9715,155641.5722
2022/9/21,zkSync,2094,194.1431823,0,194.1431823,194.1431823,319,43369.51698,30983.66242,12385.85455,74353.1794
2022/9/22,zkSync,2740,141.9740213,0,141.9740213,141.9740213,464,28683.20739,65242.33933,-36559.13194,93925.54672
2022/9/23,zkSync,1142,404.6183378,0,404.6183378,404.6183378,137,6552.484931,50170.62755,-43618.14262,56723.11248
2022/9/24,zkSync,946,133.2336477,0,133.2336477,133.2336477,93,438444.6622,15013.33312,423431.3291,453457.9953
2022/9/25,zkSync,1027,146.3438703,0,146.3438703,146.3438703,91,64842.09123,75306.60028,-10464.50904,140148.6915
2022/9/26,zkSync,1556,117.0360704,0,117.0360704,117.0360704,88,15682.41835,33326.94335,-17644.525,49009.36169
2022/9/27,zkSync,665,94.65742368,0,94.65742368,94.65742368,70,54583.58509,48334.10852,6249.476561,102917.6936
2022/9/28,zkSync,835,54.05793589,0,54.05793589,54.05793589,88,9825.031478,80649.6147,-70824.58322,90474.64618
2022/9/29,zkSync,857,66.35449754,0,66.35449754,66.35449754,55,3029.450946,14137.79792,-11108.34697,17167.24886
2022/9/30,zkSync,710,109.6527378,0,109.6527378,109.6527378,87,37393.48719,18576.98397,18816.50322,55970.47116
2022/10/1,zkSync,1429,169.1346403,0,169.1346403,169.1346403,137,15870.77194,49563.78496,-33693.01303,65434.5569
2022/10/2,zkSync,1159,198.4465856,0,198.4465856,198.4465856,114,23537.45746,31768.4542,-8230.996735,55305.91166
2022/10/3,zkSync,530,86.95570604,0,86.95570604,86.95570604,66,6590.939102,16121.73855,-9530.799452,22712.67766
2022/10/4,zkSync,624,75.558975,0,75.558975,75.558975,102,9473.427119,38725.2285,-29251.80138,48198.65562
2022/10/5,zkSync,634,48.62871529,0,48.62871529,48.62871529,87,328738.9643,24825.97116,303912.9931,353564.9355
2022/10/6,zkSync,584,122.2783212,0,122.2783212,122.2783212,139,7222.979793,83173.68909,-75950.70929,90396.66888
2022/10/7,zkSync,766,93.16443893,0,93.16443893,93.16443893,101,205128.2082,30574.72121,174553.487,235702.9294
2022/10/8,zkSync,519,125.449456,0,125.449456,125.449456,86,50530.06852,40202.2871,10327.78142,90732.35561
2022/10/9,zkSync,265,30.23072708,0,30.23072708,30.23072708,36,1526.318736,4084.892227,-2558.573491,5611.210964
2022/10/10,zkSync,195,46.23795676,0,46.23795676,46.23795676,40,77818.28415,59195.00659,18623.27756,137013.2907
2022/10/11,zkSync,322,61.82165239,0,61.82165239,61.82165239,141,56488.46263,216837.3552,-160348.8926,273325.8178
2022/10/12,zkSync,388,90.23368122,0,90.23368122,90.23368122,59,9844.818101,58879.21418,-49034.39608,68724.03228
2022/10/13,zkSync,442,218.3526943,0,218.3526943,218.3526943,134,357938.1196,405835.4904,-47897.37077,763773.61
2022/10/14,zkSync,508,58.71734777,0,58.71734777,58.71734777,79,124830.3291,29885.92327,94944.40583,154716.2524
2022/10/15,zkSync,542,102.9021451,0,102.9021451,102.9021451,95,32735.28019,47243.63174,-14508.35155,79978.91193
2022/10/16,zkSync,1214,150.4964056,0,150.4964056,150.4964056,111,43553.91872,33989.98188,9563.93684,77543.90061
2022/10/17,zkSync,793,85.82272092,0,85.82272092,85.82272092,86,23903.66227,31750.02362,-7846.361342,55653.68589
2022/10/18,zkSync,810,82.76798742,0,82.76798742,82.76798742,87,27253.0842,61450.76559,-34197.68139,88703.84979
2022/10/19,zkSync,2105,180.7197195,0,180.7197195,180.7197195,163,138660.1183,360274.4563,-221614.338,498934.5746
2022/10/20,zkSync,3812,609.6959687,0,609.6959687,609.6959687,215,47147.71013,148681.1734,-101533.4633,195828.8836
2022/10/21,zkSync,7083,656.9509007,0,656.9509007,656.9509007,307,265838.9717,32293.11658,233545.8551,298132.0882
2022/10/22,zkSync,8493,638.8368426,0,638.8368426,638.8368426,391,258181.1179,229860.6166,28320.50134,488041.7345
2022/10/23,zkSync,9544,772.0800753,0,772.0800753,772.0800753,587,147469.6217,67443.89799,80025.72374,214913.5197
2022/10/24,zkSync,9646,918.8345433,0,918.8345433,918.8345433,473,743623.1185,252075.9168,491547.2016,995699.0353
2022/10/25,zkSync,7804,703.1417521,0,703.1417521,703.1417521,370,159578.5197,55608.76358,103969.7561,215187.2832
2022/10/26,zkSync,7608,599.5763004,0,599.5763004,599.5763004,427,434801.7802,370634.2688,64167.51144,805436.049
2022/10/27,zkSync,8095,812.1465677,0,812.1465677,812.1465677,522,371693.2634,207160.621,164532.6424,578853.8845
2022/10/28,zkSync,4104,458.8736436,0,458.8736436,458.8736436,257,95613.29407,93115.36319,2497.930882,188728.6573
2022/10/29,zkSync,2394,246.8730088,0,246.8730088,246.8730088,218,324280.1873,59176.35846,265103.8288,383456.5458
2022/10/30,zkSync,2638,235.7932255,0,235.7932255,235.7932255,299,88156.71485,54299.87245,33856.84241,142456.5873
2022/10/31,zkSync,1928,134.0633401,0,134.0633401,134.0633401,186,647715.5516,570370.2011,77345.35052,1.22E+06
2022/11/1,zkSync,2386,244.9064743,0,244.9064743,244.9064743,177,418288.9602,170326.8749,247962.0852,588615.8351
2022/11/2,zkSync,1996,167.028848,0,167.028848,167.028848,169,8127.567183,85081.82321,-76954.25603,93209.3904
2022/11/3,zkSync,1504,147.6355053,0,147.6355053,147.6355053,151,23842.97479,50738.25754,-26895.28275,74581.23233
2022/11/4,zkSync,1535,130.1412196,0,130.1412196,130.1412196,137,21846.44083,44055.00281,-22208.56198,65901.44364
2022/11/5,zkSync,1768,191.2003992,0,191.2003992,191.2003992,138,61127.83677,190291.0443,-129163.2075,251418.881
2022/11/6,zkSync,3028,246.4668629,0,246.4668629,246.4668629,145,25763.33855,75170.64807,-49407.30952,100933.9866
2022/11/7,zkSync,1651,112.177297,0,112.177297,112.177297,113,220479.6269,294612.3654,-74132.73857,515091.9923
2022/11/8,zkSync,1288,209.5397697,0,209.5397697,209.5397697,98,130576.625,329292.633,-198716.008,459869.2579
2022/11/9,zkSync,876,181.2915572,0,181.2915572,181.2915572,121,1.09E+06,360944.7313,732176.7576,1.45E+06
2022/11/10,zkSync,699,250.61552,0,250.61552,250.61552,149,58001.15306,661200.4141,-603199.261,719201.5671
2022/11/11,zkSync,1625,181.6399894,0,181.6399894,181.6399894,121,311630.9688,372619.3884,-60988.41956,684250.3572
2022/11/12,zkSync,1714,80.01274646,0,80.01274646,80.01274646,148,221004.98,309725.7363,-88720.75637,530730.7163
2022/11/13,zkSync,1430,136.7811672,0,136.7811672,136.7811672,134,57907.04021,144337.7726,-86430.73234,202244.8128
2022/11/14,zkSync,930,117.5165688,0,117.5165688,117.5165688,110,132041.1776,331752.6098,-199711.4322,463793.7874
2022/11/15,zkSync,1632,135.6632156,0,135.6632156,135.6632156,107,131480.8414,53549.63357,77931.20785,185030.475
2022/11/16,zkSync,2983,504.9082326,0,504.9082326,504.9082326,231,54505.57516,197383.904,-142878.3288,251889.4791
2022/11/17,zkSync,6209,1005.373598,0,1005.373598,1005.373598,306,141805.4074,77013.04988,64792.35751,218818.4573
2022/11/18,zkSync,5530,1301.838317,0,1301.838317,1301.838317,280,123891.8044,158135.1332,-34243.32884,282026.9376
2022/11/19,zkSync,4936,1213.901315,0,1213.901315,1213.901315,255,61248.46586,121073.0893,-59824.6234,182321.5551
2022/11/20,zkSync,4700,1288.747099,0,1288.747099,1288.747099,278,291067.4909,160313.1945,130754.2964,451380.6854
2022/11/21,zkSync,4061,947.4811689,0,947.4811689,947.4811689,315,152267.1658,223412.8437,-71145.6779,375680.0094
2022/11/22,zkSync,4136,705.3971195,0,705.3971195,705.3971195,203,139112.4087,100938.7871,38173.62161,240051.1958
2022/11/23,zkSync,3582,674.3086735,0,674.3086735,674.3086735,198,75643.75775,148060.7888,-72417.03101,223704.5465
2022/11/24,zkSync,3456,510.1926496,0,510.1926496,510.1926496,173,108905.1177,48964.2116,59940.90606,157869.3293
2022/11/25,zkSync,3235,507.8307602,0,507.8307602,507.8307602,183,181623.8465,230012.7261,-48388.87957,411636.5726
2022/11/26,zkSync,2977,514.8824696,0,514.8824696,514.8824696,232,172386.2135,137999.582,34386.63152,310385.7955
2022/11/27,zkSync,2642,477.4191537,0,477.4191537,477.4191537,187,172493.5721,123436.3989,49057.17316,295929.971
2022/11/28,zkSync,2326,459.0911053,0,459.0911053,459.0911053,150,195505.2193,172774.3572,22730.86206,368279.5765
2022/11/29,zkSync,2284,475.2211198,0,475.2211198,475.2211198,210,113348.5943,116094.5774,-2745.983099,229443.1717
2022/11/30,zkSync,2188,394.3229149,0,394.3229149,394.3229149,189,126905.2629,100945.2105,25960.0524,227850.4733
2022/12/1,zkSync,2210,466.1130873,0,466.1130873,466.1130873,128,42925.64394,54718.42012,-11792.77618,97644.06405
2022/12/2,zkSync,2521,432.9769562,0,432.9769562,432.9769562,180,386478.6235,145087.8712,241390.7523,531566.4947
2022/12/3,zkSync,2504,447.5970119,0,447.5970119,447.5970119,125,84943.55613,178965.8691,-94022.31301,263909.4253
2022/12/4,zkSync,3045,315.864458,0,315.864458,315.864458,118,26113.44888,63076.40554,-36962.95666,89189.85442
2022/12/5,zkSync,2070,420.567003,0,420.567003,420.567003,125,49946.20386,77730.8566,-27784.65275,127677.0605
2022/12/6,zkSync,1771,231.5087102,0,231.5087102,231.5087102,149,58479.91727,118518.9621,-60039.04481,176998.8794
2022/12/7,zkSync,1654,219.8414563,0,219.8414563,219.8414563,98,38425.89291,40096.56323,-1670.670322,78522.45613
2022/12/8,zkSync,1884,286.3007239,0,286.3007239,286.3007239,124,105744.5102,186196.7508,-80452.24063,291941.261
2022/12/9,zkSync,1496,181.503618,0,181.503618,181.503618,96,57206.78609,45622.0426,11584.74349,102828.8287
2022/12/10,zkSync,1552,250.236362,0,250.236362,250.236362,102,38569.18161,62035.46032,-23466.27872,100604.6419
2022/12/11,zkSync,1647,207.4567778,0,207.4567778,207.4567778,123,48210.11949,79231.89559,-31021.77611,127442.0151
2022/12/12,zkSync,2199,296.7002404,0,296.7002404,296.7002404,157,291323.3418,117420.2149,173903.1269,408743.5568
2022/12/13,zkSync,2902,237.2180778,0,237.2180778,237.2180778,75,64160.90266,156852.2425,-92691.33986,221013.1452
2022/12/14,zkSync,2468,335.0096478,0,335.0096478,335.0096478,64,30553.46004,48699.70375,-18146.24371,79253.16379
2022/12/15,zkSync,1761,307.8520164,0,307.8520164,307.8520164,86,80138.37663,63526.39693,16611.97971,143664.7736
2022/12/16,zkSync,1784,331.7308912,0,331.7308912,331.7308912,88,41965.03101,41900.5478,64.48320956,83865.57881
2022/12/17,zkSync,1764,404.0817455,0,404.0817455,404.0817455,77,85340.6164,146785.5052,-61444.88876,232126.1216
2022/12/18,zkSync,976,238.8011795,0,238.8011795,238.8011795,71,8526.319224,154845.3983,-146319.0791,163371.7175
2022/12/19,zkSync,1381,476.344224,0,476.344224,476.344224,82,33807.57761,60220.04586,-26412.46825,94027.62348
2022/12/20,zkSync,1160,459.4716273,0,459.4716273,459.4716273,77,56565.5762,18414.60916,38150.96704,74980.18536
2022/12/21,zkSync,1029,454.3104456,0,454.3104456,454.3104456,60,303202.9366,294536.6181,8666.31854,597739.5548
2022/12/22,zkSync,1355,480.3046199,0,480.3046199,480.3046199,81,45735.78312,68175.2179,-22439.43478,113911.001
2022/12/23,zkSync,1062,328.1153851,0,328.1153851,328.1153851,41,33008.56438,14552.51704,18456.04734,47561.08142
2022/12/24,zkSync,1587,458.2690459,0,458.2690459,458.2690459,79,6798.111393,14213.51301,-7415.40162,21011.62441
2022/12/25,zkSync,1859,299.252672,0,299.252672,299.252672,60,6150.041239,21365.50847,-15215.46723,27515.54971
2022/12/26,zkSync,1376,137.827444,0,137.827444,137.827444,52,3196.20943,14029.51045,-10833.30102,17225.71988
2022/12/27,zkSync,1177,194.1916874,0,194.1916874,194.1916874,76,23923.00713,14558.49953,9364.507598,38481.50666
2022/12/28,zkSync,1148,237.9878555,0,237.9878555,237.9878555,74,370747.8461,33741.92617,337005.9199,404489.7722
2022/12/29,zkSync,1097,159.3464358,0,159.3464358,159.3464358,67,26181.55209,124937.4436,-98755.89149,151118.9957
2022/12/30,zkSync,1046,161.8358194,0,161.8358194,161.8358194,50,15690.94619,15647.27875,43.66743463,31338.22494
2022/12/31,zkSync,566,78.95660311,0,78.95660311,78.95660311,34,17100.46596,11507.04796,5593.417997,28607.51392
2023/1/1,zkSync,495,39.39481968,0,39.39481968,39.39481968,68,266014.1342,19540.30296,246473.8313,285554.4372
2023/1/2,zkSync,782,68.682924,0,68.682924,68.682924,97,18722.83741,48152.34173,-29429.50432,66875.17914
2023/1/3,zkSync,668,122.6386497,0,122.6386497,122.6386497,49,2786.789662,149679.7949,-146893.0052,152466.5845
2023/1/4,zkSync,640,97.30168336,0,97.30168336,97.30168336,56,78901.3893,61551.69944,17349.68986,140453.0887
2023/1/5,zkSync,503,63.15111717,0,63.15111717,63.15111717,50,212682.3395,14292.9066,198389.4329,226975.246
2023/1/6,zkSync,635,97.53588485,0,97.53588485,97.53588485,55,70783.44581,28407.70624,42375.73957,99191.15205
2023/1/7,zkSync,720,163.2363117,0,163.2363117,163.2363117,99,263513.6887,129619.9043,133893.7844,393133.593
2023/1/8,zkSync,702,81.13522058,0,81.13522058,81.13522058,99,509479.4691,200997.8721,308481.5969,710477.3412
2023/1/9,zkSync,566,111.5930493,0,111.5930493,111.5930493,79,73317.91607,66822.42423,6495.491848,140140.3403
2023/1/10,zkSync,613,92.5607199,0,92.5607199,92.5607199,130,9205.441906,145875.1837,-136669.7418,155080.6256
2023/1/11,zkSync,663,163.8635621,0,163.8635621,163.8635621,78,30449.69253,90943.74608,-60494.05355,121393.4386
2023/1/12,zkSync,668,94.10405723,0,94.10405723,94.10405723,62,2.01E+06,14183.79951,1.99E+06,2.02E+06
2023/1/13,zkSync,515,88.53264609,0,88.53264609,88.53264609,82,12932.11092,21191.06345,-8258.952531,34123.17437
2023/1/14,zkSync,416,68.52271951,0,68.52271951,68.52271951,52,14100.92875,84736.9436,-70636.01484,98837.87235
2023/1/15,zkSync,661,56.7027612,0,56.7027612,56.7027612,60,13705.66706,63320.74916,-49615.0821,77026.41623
2023/1/16,zkSync,496,117.2354854,0,117.2354854,117.2354854,58,50217.21288,2.24E+06,-2.19E+06,2.29E+06
2023/1/17,zkSync,586,96.67987159,0,96.67987159,96.67987159,67,106741.1973,126916.6323,-20175.43493,233657.8296
2023/1/18,zkSync,667,158.2758081,0,158.2758081,158.2758081,78,27256.9887,31727.51717,-4470.52847,58984.50586
2023/1/19,zkSync,577,83.93128423,0,83.93128423,83.93128423,59,9100.052461,89151.11926,-80051.0668,98251.17172
2023/1/20,zkSync,551,76.76772861,0,76.76772861,76.76772861,127,2.05E+06,340885.0935,1.71E+06,2.39E+06
2023/1/21,zkSync,734,104.2720374,0,104.2720374,104.2720374,161,43298.67892,175306.9703,-132008.2914,218605.6492
2023/1/22,zkSync,802,101.9851458,0,101.9851458,101.9851458,79,84655.64282,44431.1157,40224.52711,129086.7585
2023/1/23,zkSync,718,89.56528532,0,89.56528532,89.56528532,119,84976.74888,53625.21397,31351.53491,138601.9628
2023/1/24,zkSync,627,81.23668919,0,81.23668919,81.23668919,68,7604.029306,112049.9166,-104445.8873,119653.9459
2023/1/25,zkSync,602,79.02240572,0,79.02240572,79.02240572,93,12416.80825,61744.19004,-49327.38179,74160.99828
2023/1/26,zkSync,691,75.64332533,0,75.64332533,75.64332533,62,9438.81551,38942.86661,-29504.0511,48381.68212
2023/1/27,zkSync,819,70.95541348,0,70.95541348,70.95541348,48,34500.14805,11138.61717,23361.53087,45638.76522
2023/1/28,zkSync,924,79.74826511,0,79.74826511,79.74826511,88,5166.987404,89333.49966,-84166.51225,94500.48706
2023/1/29,zkSync,1248,120.352533,0,120.352533,120.352533,95,44385.44254,54381.62969,-9996.187149,98767.07222
2023/1/30,zkSync,1088,67.61925049,0,67.61925049,67.61925049,116,68852.26589,147697.5186,-78845.25275,216549.7845
2023/1/31,zkSync,834,65.4305332,0,65.4305332,65.4305332,83,54382.67459,28449.44095,25933.23364,82832.11554
2023/2/1,zkSync,1129,79.5296904,0,79.5296904,79.5296904,95,145023.1149,111026.2845,33996.83041,256049.3994
2023/2/2,zkSync,852,183.4540494,0,183.4540494,183.4540494,68,144180.6088,174233.3835,-30052.77472,318413.9923
2023/2/3,zkSync,901,93.39125042,0,93.39125042,93.39125042,49,340042.0252,61394.2583,278647.7669,401436.2835
2023/2/4,zkSync,949,175.8051636,0,175.8051636,175.8051636,81,107624.6706,65320.38661,42304.28402,172945.0572
2023/2/5,zkSync,1891,131.7337876,0,131.7337876,131.7337876,82,18277.75956,60691.70494,-42413.94538,78969.4645
2023/2/6,zkSync,1125,87.87086755,0,87.87086755,87.87086755,74,61612.2705,38358.59484,23253.67566,99970.86535
2023/2/7,zkSync,706,77.330078,0,77.330078,77.330078,79,148251.0839,300532.3206,-152281.2367,448783.4045
2023/2/8,zkSync,465,46.36348032,0,46.36348032,46.36348032,82,31692.29599,97732.31333,-66040.01734,129424.6093
2023/2/9,zkSync,996,86.9870274,0,86.9870274,86.9870274,64,77991.82468,75988.15127,2003.673408,153979.976
2023/2/10,zkSync,1086,157.6290537,0,157.6290537,157.6290537,82,33370.13146,65610.69345,-32240.56199,98980.82491
2023/2/11,zkSync,1181,143.7314835,0,143.7314835,143.7314835,116,78285.57376,297372.4616,-219086.8879,375658.0354
2023/2/12,zkSync,2149,266.6579984,0,266.6579984,266.6579984,144,40538.23095,116295.8911,-75757.66018,156834.1221
2023/2/13,zkSync,1841,271.6874021,0,271.6874021,271.6874021,155,204565.2133,289826.2841,-85261.07077,494391.4974
2023/2/14,zkSync,1847,232.0123059,0,232.0123059,232.0123059,168,49263.77366,49717.3597,-453.5860412,98981.13337
2023/2/15,zkSync,1412,157.3697416,0,157.3697416,157.3697416,69,45050.39639,27595.62532,17454.77107,72646.02171
2023/2/16,zkSync,1196,140.8813643,0,140.8813643,140.8813643,59,35013.52407,44066.23124,-9052.707161,79079.75531
2023/2/17,zkSync,1397,130.6469384,0,130.6469384,130.6469384,99,27981.64745,120673.7184,-92692.07093,148655.3658
2023/2/18,zkSync,1413,163.495876,0,163.495876,163.495876,73,361632.1018,39712.31273,321919.7891,401344.4146
2023/2/19,zkSync,1648,184.7480463,0,184.7480463,184.7480463,112,138063.856,45423.94778,92639.90822,183487.8038
2023/2/20,zkSync,1243,163.6647742,0,163.6647742,163.6647742,112,137581.2142,117563.3732,20017.84101,255144.5874
2023/2/21,zkSync,1088,150.3201773,0,150.3201773,150.3201773,85,101026.502,104812.0705,-3785.568546,205838.5725
2023/2/22,zkSync,1110,128.9387659,0,128.9387659,128.9387659,64,84810.63104,15081.84297,69728.78807,99892.474
2023/2/23,zkSync,1100,113.9550273,0,113.9550273,113.9550273,42,1.52E+06,22706.52493,1.50E+06,1.54E+06
2023/2/24,zkSync,1153,136.8460626,0,136.8460626,136.8460626,60,29848.4869,66243.80169,-36395.31479,96092.2886
2023/2/25,zkSync,1844,308.1938693,0,308.1938693,308.1938693,73,20955.37774,72170.36015,-51214.98241,93125.73789
2023/2/26,zkSync,1682,219.1816163,0,219.1816163,219.1816163,289,28032.12668,1.61E+06,-1.58E+06,1.64E+06
2023/2/27,zkSync,1510,236.2545642,0,236.2545642,236.2545642,320,31592.2392,68229.44999,-36637.21078,99821.68919
2023/2/28,zkSync,1309,340.5896451,0,340.5896451,340.5896451,490,1.17E+06,242354.67,926982.7954,1.41E+06
2023/3/1,zkSync,1357,279.6238265,0,279.6238265,279.6238265,3193,1.22E+07,858815.7101,1.13E+07,1.31E+07
2023/3/2,zkSync,1861,299.3639934,0,299.3639934,299.3639934,1524,159897.1954,440556.3352,-280659.1398,600453.5306
2023/3/3,zkSync,1373,162.2586503,0,162.2586503,162.2586503,1333,282174.4341,653774.4038,-371599.9697,935948.8378
2023/3/4,zkSync,1339,158.9647264,0,158.9647264,158.9647264,524,71507.11573,1.48E+06,-1.41E+06,1.56E+06
2023/3/5,zkSync,1200,140.0968358,0,140.0968358,140.0968358,317,148092.5475,158668.6,-10576.05251,306761.1476
2023/3/6,zkSync,898,134.8317846,0,134.8317846,134.8317846,243,128037.3614,171663.8955,-43626.53412,299701.2569
2023/3/7,zkSync,1743,176.0162641,0,176.0162641,176.0162641,259,130358.4245,230116.5027,-99758.07822,360474.9271
2023/3/8,zkSync,1169,135.7384989,0,135.7384989,135.7384989,252,173691.2573,164358.5268,9332.730483,338049.7842
2023/3/9,zkSync,989,151.1081584,0,151.1081584,151.1081584,248,55549.74251,178069.1155,-122519.373,233618.858
2023/3/10,zkSync,957,166.3323456,0,166.3323456,166.3323456,151,36620.25414,151473.2857,-114853.0315,188093.5398
2023/3/11,zkSync,215,89.06343249,0,89.06343249,89.06343249,98,236641.0961,1.24E+06,-1.00E+06,1.48E+06
2023/3/12,zkSync,1180,126.2160479,0,126.2160479,126.2160479,243,215053.5903,306162.0654,-91108.47511,521215.6557
2023/3/13,zkSync,1082,99.89148467,0,99.89148467,99.89148467,253,129140.551,237519.0132,-108378.4622,366659.5642
2023/3/14,zkSync,1246,105.2267366,0,105.2267366,105.2267366,159,74398.63897,344024.6107,-269625.9717,418423.2496
2023/3/15,zkSync,1137,136.6704957,0,136.6704957,136.6704957,149,239778.6994,128262.9257,111515.7737,368041.6251
2023/3/16,zkSync,2582,336.0735691,0,336.0735691,336.0735691,174,73214.43823,76085.5717,-2871.133475,149300.0099
2023/3/17,zkSync,8952,1151.576227,0,1151.576227,1151.576227,392,255279.5865,77057.47499,178222.1115,332337.0615
2023/3/18,zkSync,18013,1793.510168,0,1793.510168,1793.510168,613,365146.1099,288624.5168,76521.59317,653770.6267
2023/3/19,zkSync,19417,2237.978058,0,2237.978058,2237.978058,686,682937.6012,318052.0018,364885.5993,1.00E+06
2023/3/20,zkSync,22042,2637.088675,0,2637.088675,2637.088675,705,1.06E+06,605348.5825,457404.2482,1.67E+06
2023/3/21,zkSync,25085,2971.486217,0,2971.486217,2971.486217,956,1.24E+06,622786.6437,615847.4472,1.86E+06
2023/3/22,zkSync,25597,2813.854155,0,2813.854155,2813.854155,947,794877.4372,340305.9395,454571.4977,1.14E+06
2023/3/23,zkSync,30780,3358.133617,0,3358.133617,3358.133617,839,873641.7871,296535.6411,577106.146,1.17E+06
2023/3/24,zkSync,58443,7545.804039,0,7545.804039,7545.804039,1516,1.15E+06,866109.8036,283013.4829,2.02E+06
2023/3/25,zkSync,69800,9171.759818,0,9171.759818,9171.759818,1412,827187.2161,913424.9621,-86237.74601,1.74E+06
2023/3/26,zkSync,67254,7940.042701,0,7940.042701,7940.042701,1150,456338.4987,554376.3466,-98037.84785,1.01E+06
2023/3/27,zkSync,48443,6535.773503,0,6535.773503,6535.773503,809,518390.2341,747592.8668,-229202.6327,1.27E+06
2023/3/28,zkSync,38239,7473.644142,0,7473.644142,7473.644142,551,245218.9035,504600.1291,-259381.2256,749819.0326
2023/3/29,zkSync,31719,6166.839135,0,6166.839135,6166.839135,389,223429.2478,242895.1368,-19465.88894,466324.3846
2023/3/30,zkSync,24898,5188.588132,0,5188.588132,5188.588132,315,343845.0518,327967.1683,15877.88349,671812.22
2023/3/31,zkSync,38069,8738.904646,0,8738.904646,8738.904646,308,554961.0137,203635.3101,351325.7036,758596.3238
2023/4/1,zkSync,39519,6791.956657,0,6791.956657,6791.956657,379,165220.1976,318731.8797,-153511.6821,483952.0773
2023/4/2,zkSync,42408,7384.143392,0,7384.143392,7384.143392,583,461312.2777,532861.6961,-71549.41837,994173.9738
2023/4/3,zkSync,30101,6348.603468,0,6348.603468,6348.603468,276,83844.81736,156451.2731,-72606.45574,240296.0905
2023/4/4,zkSync,26256,5565.60959,0,5565.60959,5565.60959,242,118556.6159,136249.217,-17692.6011,254805.8329
2023/4/5,zkSync,15109,10183.9756,0,10183.9756,10183.9756,174,275253.3069,145723.8119,129529.495,420977.1188
2023/4/6,zkSync,20802,5824.181336,0,5824.181336,5824.181336,240,199252.7439,274687.5051,-75434.76116,473940.249
2023/4/7,zkSync,26517,6484.270999,0,6484.270999,6484.270999,243,52969.33639,72012.19181,-19042.85542,124981.5282
2023/4/8,zkSync,30958,6950.619175,0,6950.619175,6950.619175,251,83025.6274,332573.3294,-249547.702,415598.9568
2023/4/9,zkSync,29733,8548.016849,0,8548.016849,8548.016849,231,157048.1035,2.38E+06,-2.22E+06,2.54E+06
2023/4/10,zkSync,23619,8450.736564,0,8450.736564,8450.736564,316,183358.247,1.60E+06,-1.42E+06,1.79E+06
2023/4/11,zkSync,20909,6587.472205,0,6587.472205,6587.472205,209,132188.5349,1.16E+06,-1.03E+06,1.30E+06
2023/4/12,zkSync,23366,6537.167598,0,6537.167598,6537.167598,168,67251.41043,232818.5032,-165567.0928,300069.9136
2023/4/13,zkSync,11294,4293.522834,0,4293.522834,4293.522834,136,288805.7282,77493.51233,211312.2158,366299.2405
2023/4/14,zkSync,12435,3783.058174,0,3783.058174,3783.058174,239,158039.2692,235956.4242,-77917.15496,393995.6934
2023/4/15,zkSync,17332,3986.12108,0,3986.12108,3986.12108,223,172807.0954,202559.6014,-29752.50593,375366.6968
2023/4/16,zkSync,15601,4166.090404,0,4166.090404,4166.090404,208,129696.9319,232569.5075,-102872.5756,362266.4395
2023/4/17,zkSync,9796,2661.913521,0,2661.913521,2661.913521,146,36416.54706,75925.22622,-39508.67917,112341.7733
2023/4/18,zkSync,5760,1607.881972,0,1607.881972,1607.881972,80,22560.72351,385706.0295,-363145.306,408266.753
2023/4/19,zkSync,3562,6604.697439,0,6604.697439,6604.697439,56,7148.153618,181082.3782,-173934.2246,188230.5319
2023/4/20,zkSync,3297,1624.949447,0,1624.949447,1624.949447,55,15624.17024,822173.3998,-806549.2296,837797.5701
2023/4/21,zkSync,6379,2190.046858,0,2190.046858,2190.046858,67,49457.32864,177890.613,-128433.2843,227347.9416
2023/4/22,zkSync,8956,2866.778258,0,2866.778258,2866.778258,74,43624.47153,139754.497,-96130.02549,183378.9686
2023/4/23,zkSync,7503,2645.55761,0,2645.55761,2645.55761,57,9486.630945,12853.35395,-3366.723006,22339.9849
2023/4/24,zkSync,6315,3187.329823,0,3187.329823,3187.329823,49,40675.66631,143255.1946,-102579.5283,183930.8609
2023/4/25,zkSync,9840,4360.200926,0,4360.200926,4360.200926,68,87965.99554,91162.73986,-3196.744319,179128.7354
2023/4/26,zkSync,8316,3367.447104,0,3367.447104,3367.447104,261,39117.10967,274878.9116,-235761.802,313996.0213
2023/4/27,zkSync,9603,3296.807799,0,3296.807799,3296.807799,265,147420.5436,331191.1079,-183770.5643,478611.6516
2023/4/28,zkSync,9163,3677.488819,0,3677.488819,3677.488819,218,395512.7093,409872.3784,-14359.66908,805385.0878
2023/4/29,zkSync,11130,3815.521205,0,3815.521205,3815.521205,139,71692.42442,151609.246,-79916.82159,223301.6704
2023/4/30,zkSync,10312,2835.345256,0,2835.345256,2835.345256,51,20232.93676,17266.27487,2966.661892,37499.21164
2023/5/1,zkSync,4653,3004.984465,0,3004.984465,3004.984465,39,6364.00701,151125.8484,-144761.8414,157489.8554
2023/5/2,zkSync,2239,872.0249835,0,872.0249835,872.0249835,22,38673.1369,28773.69836,9899.438543,67446.83526
2023/5/3,zkSync,2505,895.1846624,0,895.1846624,895.1846624,42,59695.66819,148087.7934,-88392.1252,207783.4616
2023/5/4,zkSync,3887,1157.560787,0,1157.560787,1157.560787,27,94842.85104,10149.6856,84693.16544,104992.5366
2023/5/5,zkSync,1277,552.7783337,0,552.7783337,552.7783337,22,22108.75819,20532.02049,1576.7377,42640.77868
2023/5/6,zkSync,967,738.422484,0,738.422484,738.422484,21,3225.551577,18545.58052,-15320.02894,21771.1321
2023/5/7,zkSync,1623,728.64777,0,728.64777,728.64777,17,12135.00455,11880.74272,254.2618353,24015.74727
2023/5/8,zkSync,1628,713.9854304,0,713.9854304,713.9854304,23,299789.2387,29966.79733,269822.4414,329756.0361
2023/5/9,zkSync,3487,1422.610385,0,1422.610385,1422.610385,34,39559.57827,58748.90393,-19189.32565,98308.4822
2023/5/10,zkSync,3509,1408.620557,0,1408.620557,1408.620557,18,7017.018909,17950.89974,-10933.88083,24967.91865
2023/5/11,zkSync,2247,2409.926569,0,2409.926569,2409.926569,23,58102.59069,210370.9447,-152268.3541,268473.5354
2023/5/12,zkSync,6242,1810.926554,0,1810.926554,1810.926554,27,3160.174798,34424.94753,-31264.77273,37585.12233
2023/5/13,zkSync,16202,4370.966686,0,4370.966686,4370.966686,54,117198.9041,39006.32783,78192.57627,156205.2319
2023/5/14,zkSync,13909,6344.995675,0,6344.995675,6344.995675,62,17348.21455,259520.54,-242172.3255,276868.7546
2023/5/15,zkSync,11540,3652.807576,0,3652.807576,3652.807576,39,75600.89294,99521.17617,-23920.28322,175122.0691
2023/5/16,zkSync,13825,4914.880314,0,4914.880314,4914.880314,43,14974.32082,127009.2947,-112034.9739,141983.6156
2023/5/17,zkSync,16690,7070.60225,0,7070.60225,7070.60225,36,82050.86318,24457.25755,57593.60563,106508.1207
2023/5/18,zkSync,10725,3966.768684,0,3966.768684,3966.768684,32,11808.50681,155817.6338,-144009.127,167626.1406
2023/5/19,zkSync,12767,6102.453523,0,6102.453523,6102.453523,40,135581.0599,9085.307137,126495.7528,144666.3671
2023/5/20,zkSync,20441,7718.67397,0,7718.67397,7718.67397,48,66036.89123,48056.66453,17980.22669,114093.5558
2023/5/21,zkSync,21644,6839.894859,0,6839.894859,6839.894859,51,21143.89869,123128.5637,-101984.665,144272.4624
2023/5/22,zkSync,13142,7523.928458,0,7523.928458,7523.928458,43,73191.51595,84591.66737,-11400.15142,157783.1833
2023/5/23,zkSync,6497,4261.342403,0,4261.342403,4261.342403,42,55930.92327,14250.57444,41680.34883,70181.49772
2023/5/24,zkSync,14152,8248.332672,0,8248.332672,8248.332672,48,179919.4187,246019.2424,-66099.82378,425938.6611
2023/5/25,zkSync,18492,9469.738003,0,9469.738003,9469.738003,58,65274.81045,205302.124,-140027.3136,270576.9345
2023/5/26,zkSync,21260,11073.59652,0,11073.59652,11073.59652,46,1241.023273,27043.5564,-25802.53313,28284.57968
2023/5/27,zkSync,28853,10088.45575,0,10088.45575,10088.45575,69,167798.3046,75039.59206,92758.71255,242837.8967
2023/5/28,zkSync,20019,8012.322109,0,8012.322109,8012.322109,58,274993.7417,85626.66032,189367.0814,360620.402
2023/5/29,zkSync,13363,8859.702891,0,8859.702891,8859.702891,38,78526.82244,68861.6324,9665.190034,147388.4548
2023/5/30,zkSync,10626,4261.506996,0,4261.506996,4261.506996,42,73176.73101,9587.6917,63589.03931,82764.42271
2023/5/31,zkSync,19652,11242.80431,0,11242.80431,11242.80431,56,1698.906964,280444.102,-278745.195,282143.0089
2023/6/1,zkSync,9142,5507.737368,0,5507.737368,5507.737368,48,335014.9493,38482.39644,296532.5529,373497.3457
2023/6/2,zkSync,14994,6491.625074,0,6491.625074,6491.625074,53,145037.5544,43242.62876,101794.9257,188280.1832
2023/6/3,zkSync,23242,11587.79093,0,11587.79093,11587.79093,62,173086.4708,59771.71756,113314.7532,232858.1883
2023/6/4,zkSync,27207,10939.34633,0,10939.34633,10939.34633,76,50361.53118,75081.91445,-24720.38327,125443.4456
2023/6/5,zkSync,16648,9575.925245,0,9575.925245,9575.925245,82,88953.83492,247417.0307,-158463.1957,336370.8656
2023/6/6,zkSync,17472,7159.816402,0,7159.816402,7159.816402,68,56475.5776,33458.85163,23016.72597,89934.42924
2023/6/7,zkSync,17284,7035.554511,0,7035.554511,7035.554511,86,85182.97466,40424.21454,44758.76012,125607.1892
2023/6/8,zkSync,16064,6971.726281,0,6971.726281,6971.726281,71,66503.05463,82027.94218,-15524.88755,148530.9968
2023/6/9,zkSync,20007,10212.54888,0,10212.54888,10212.54888,53,3069.029937,48359.7841,-45290.75416,51428.81404
2023/6/10,zkSync,16427,6585.151175,0,6585.151175,6585.151175,49,62178.94244,122573.8214,-60394.87895,184752.7638
2023/6/11,zkSync,24643,8728.544716,0,8728.544716,8728.544716,57,64159.9827,37014.19615,27145.78655,101174.1788
2023/6/12,zkSync,25991,13770.39041,0,13770.39041,13770.39041,68,7449.121255,92485.6077,-85036.48644,99934.72895
2023/6/13,zkSync,23732,9558.711381,0,9558.711381,9558.711381,66,11276.19077,79666.04563,-68389.85486,90942.23639
2023/6/14,zkSync,21288,13490.72077,0,13490.72077,13490.72077,53,114027.1547,340258.2981,-226231.1434,454285.4529
2023/6/15,zkSync,19390,9162.298701,0,9162.298701,9162.298701,51,159172.0774,208678.7076,-49506.63025,367850.785
2023/6/16,zkSync,19510,9362.406049,0,9362.406049,9362.406049,51,115150.1413,145174.6806,-30024.53938,260324.8219
2023/6/17,zkSync,20814,9690.476547,0,9690.476547,9690.476547,41,3427.710613,24623.75114,-21196.04053,28051.46175
2023/6/18,zkSync,19193,9713.211645,0,9713.211645,9713.211645,66,271609.4868,123040.3036,148569.1831,394649.7904
2023/6/19,zkSync,15760,9151.01888,0,9151.01888,9151.01888,34,5008.834008,10507.32239,-5498.488387,15516.1564
2023/6/20,zkSync,19009,8695.05682,0,8695.05682,8695.05682,64,110491.8333,128113.6114,-17621.77811,238605.4447
2023/6/21,zkSync,18338,8630.59273,0,8630.59273,8630.59273,62,21925.88873,40011.2169,-18085.32817,61937.10563
2023/6/22,zkSync,16401,8516.068198,0,8516.068198,8516.068198,55,27792.43014,93839.49705,-66047.06692,121631.9272
2023/6/23,zkSync,16463,8574.240925,0,8574.240925,8574.240925,62,110776.7847,34890.94985,75885.83485,145667.7346
2023/6/24,zkSync,21366,11339.36931,0,11339.36931,11339.36931,87,77936.33955,63058.68414,14877.65541,140995.0237
2023/6/25,zkSync,24216,11076.49859,0,11076.49859,11076.49859,98,179963.9165,30779.69132,149184.2252,210743.6078
2023/6/26,zkSync,27728,14009.86493,0,14009.86493,14009.86493,99,73664.66453,79914.15152,-6249.48699,153578.816
2023/6/27,zkSync,23655,12620.5236,0,12620.5236,12620.5236,104,41237.79235,88418.82304,-47181.03069,129656.6154
2023/6/28,zkSync,20187,11034.00169,0,11034.00169,11034.00169,68,29484.62647,99552.72649,-70068.10002,129037.353
2023/6/29,zkSync,15954,11662.76121,0,11662.76121,11662.76121,27,7813.623285,38406.80545,-30593.18217,46220.42874
2023/6/30,zkSync,15353,8024.474378,0,8024.474378,8024.474378,44,64136.71222,52706.95609,11429.75614,116843.6683
2023/7/1,zkSync,20191,9435.389642,0,9435.389642,9435.389642,68,89595.75334,46144.37095,43451.38238,135740.1243
2023/7/2,zkSync,22109,9959.301878,0,9959.301878,9959.301878,71,14987.31569,65342.89564,-50355.57995,80330.21133
2023/7/3,zkSync,14498,8393.984289,0,8393.984289,8393.984289,67,391798.0848,215689.0378,176109.0471,607487.1226
2023/7/4,zkSync,14952,9431.761507,0,9431.761507,9431.761507,81,89646.57055,105789.4382,-16142.8677,195436.0088
2023/7/5,zkSync,2286,4756.442707,0,4756.442707,4756.442707,41,62707.24172,76144.52655,-13437.28483,138851.7683
2023/7/6,zkSync,3934,2714.402534,0,2714.402534,2714.402534,61,88116.26827,72275.32766,15840.94061,160391.5959
2023/7/7,zkSync,9473,5845.914875,0,5845.914875,5845.914875,34,21533.69675,96822.01897,-75288.32222,118355.7157
2023/7/8,zkSync,19554,12590.28558,0,12590.28558,12590.28558,55,53459.78661,48793.95939,4665.827221,102253.746
2023/7/9,zkSync,21130,8879.224316,0,8879.224316,8879.224316,63,16956.78126,21428.44982,-4471.668555,38385.23108
2023/7/10,zkSync,17184,12020.74699,0,12020.74699,12020.74699,41,59601.63217,94893.64258,-35292.0104,154495.2747
2023/7/11,zkSync,15546,9542.821717,0,9542.821717,9542.821717,59,33514.44213,55655.43529,-22140.99316,89169.87742
2023/7/12,zkSync,16648,14438.23462,0,14438.23462,14438.23462,40,59525.05923,79038.81357,-19513.75434,138563.8728
2023/7/13,zkSync,15078,9876.101174,0,9876.101174,9876.101174,49,21524.81861,76059.61102,-54534.79241,97584.42964
2023/7/14,zkSync,16877,9232.00692,0,9232.00692,9232.00692,54,75782.36293,114696.4296,-38914.06669,190478.7926
2023/7/15,zkSync,33454,15623.25298,0,15623.25298,15623.25298,83,7816.581426,37567.04945,-29750.46802,45383.63087
2023/7/16,zkSync,20620,14724.68834,0,14724.68834,14724.68834,60,66041.58267,71998.50234,-5956.919668,138040.085
2023/7/17,zkSync,13609,9228.571011,0,9228.571011,9228.571011,41,23273.10272,13301.19233,9971.910391,36574.29504
2023/7/18,zkSync,15596,17703.00619,0,17703.00619,17703.00619,49,82857.28084,84816.78599,-1959.505145,167674.0668
2023/7/19,zkSync,13132,8481.266486,0.106074211,8481.160412,8481.37256,43,69194.74048,65280.14223,3914.59825,134474.8827
2023/7/20,zkSync,13552,8471.176094,0,8471.176094,8471.176094,40,11161.77855,20548.11479,-9386.336238,31709.89334
2023/7/21,zkSync,10756,14594.10352,0,14594.10352,14594.10352,44,119667.794,67273.64017,52394.15379,186941.4341
2023/7/22,zkSync,19228,9937.600752,0,9937.600752,9937.600752,36,13678.45517,313761.2437,-300082.7885,327439.6989
2023/7/23,zkSync,26977,10456.16929,0,10456.16929,10456.16929,48,5537.310502,49186.72873,-43649.41823,54724.03924
2023/7/24,zkSync,9367,6435.444811,0,6435.444811,6435.444811,30,41347.07824,17929.02377,23418.05447,59276.10202
2023/7/25,zkSync,8187,8495.103954,0,8495.103954,8495.103954,30,8656.638426,46686.28439,-38029.64597,55342.92282
2023/7/26,zkSync,11782,6455.238154,0,6455.238154,6455.238154,60,17067.52648,431888.0369,-414820.5104,448955.5633
2023/7/27,zkSync,8781,6078.372601,0.192229729,6078.180372,6078.564831,26,6256.511433,7223.156721,-966.6452876,13479.66815
2023/7/28,zkSync,8851,5220.206202,0,5220.206202,5220.206202,33,13642.59602,12984.38017,658.2158533,26626.97618
2023/7/29,zkSync,18070,17580.06263,0,17580.06263,17580.06263,47,45258.90935,196071.3812,-150812.4718,241330.2905
2023/7/30,zkSync,23241,10007.35273,0,10007.35273,10007.35273,51,7331.698491,21084.53773,-13752.83924,28416.23623
2023/7/31,zkSync,16078,6841.835365,0,6841.835365,6841.835365,34,150.0171438,38986.19292,-38836.17578,39136.21007
2023/8/1,zkSync,9545,6756.332801,0,6756.332801,6756.332801,24,8594.169314,96074.45306,-87480.28375,104668.6224
2023/8/2,zkSync,10631,8183.66461,0,8183.66461,8183.66461,57,331437.2836,65474.2185,265963.0651,396911.5021
2023/8/3,zkSync,12249,8982.364938,0,8982.364938,8982.364938,49,27104.98298,86043.66936,-58938.68639,113148.6523
2023/8/4,zkSync,11850,17491.55093,0,17491.55093,17491.55093,48,89257.21886,91329.15316,-2071.934301,180586.372
2023/8/5,zkSync,12786,7807.622319,0,7807.622319,7807.622319,74,90467.78394,119759.7763,-29291.99236,210227.5602
2023/8/6,zkSync,14335,8259.923937,0,8259.923937,8259.923937,57,45461.86605,72659.21462,-27197.34857,118121.0807
2023/8/7,zkSync,8692,6887.674132,0,6887.674132,6887.674132,49,8822.759241,191115.2675,-182292.5083,199938.0268
2023/8/8,zkSync,8859,7547.724423,0,7547.724423,7547.724423,43,45522.84231,51217.83492,-5694.992608,96740.67724
2023/8/9,zkSync,10990,7731.827997,0,7731.827997,7731.827997,37,8758.522284,64605.15307,-55846.63078,73363.67535
2023/8/10,zkSync,10238,14917.79837,0,14917.79837,14917.79837,24,2580.823014,73188.53243,-70607.70941,75769.35544
2023/8/11,zkSync,10329,6764.667675,0,6764.667675,6764.667675,16,21619.91932,0,21619.91932,21619.91932
2023/8/12,zkSync,14229,7293.355099,0,7293.355099,7293.355099,45,24144.73519,41069.73817,-16925.00298,65214.47336
2023/8/13,zkSync,14092,6551.168176,0,6551.168176,6551.168176,83,2041.239535,261211.0512,-259169.8116,263252.2907
2023/8/14,zkSync,9803,9000.424272,0,9000.424272,9000.424272,40,38318.68498,206916.7703,-168598.0853,245235.4552
2023/8/15,zkSync,9571,9268.047374,0,9268.047374,9268.047374,57,52901.71806,147890.9736,-94989.25553,200792.6917
2023/8/16,zkSync,6339,5714.119638,0,5714.119638,5714.119638,36,7324.193717,81838.33861,-74514.14489,89162.53233
2023/8/17,zkSync,8293,5934.173949,0,5934.173949,5934.173949,25,5080.313289,9767.625518,-4687.312228,14847.93881
2023/8/18,zkSync,7054,38440.23622,0,38440.23622,38440.23622,35,23624.10118,159766.3759,-136142.2747,183390.477
2023/8/19,zkSync,16081,7283.226347,0,7283.226347,7283.226347,50,654.8312002,76645.53436,-75990.70316,77300.36556
2023/8/20,zkSync,14619,7128.158258,0,7128.158258,7128.158258,36,6432.129018,59381.43859,-52949.30957,65813.5676
2023/8/21,zkSync,11032,8189.482639,0,8189.482639,8189.482639,45,49154.77932,39253.76864,9901.010675,88408.54796
2023/8/22,zkSync,8561,6441.038931,0,6441.038931,6441.038931,45,35828.93749,38322.74772,-2493.810221,74151.68521
2023/8/23,zkSync,12561,8846.512492,0,8846.512492,8846.512492,40,6172.052572,48818.6407,-42646.58813,54990.69327
2023/8/24,zkSync,11640,8787.188964,0,8787.188964,8787.188964,37,35006.47336,101699.7653,-66693.29196,136706.2387
2023/8/25,zkSync,9295,10442.07943,0,10442.07943,10442.07943,41,7751.607928,101653.8158,-93902.20789,109405.4237
2023/8/26,zkSync,22421,10387.11853,0,10387.11853,10387.11853,43,13107.84094,16101.9285,-2994.087554,29209.76944
2023/8/27,zkSync,21031,10276.353,0,10276.353,10276.353,43,20522.16097,31298.202,-10776.04104,51820.36297
2023/8/28,zkSync,9941,7003.363138,0,7003.363138,7003.363138,20,12959.17268,19371.43113,-6412.258441,32330.60381
2023/8/29,zkSync,10347,8704.623592,0,8704.623592,8704.623592,32,41184.93579,22725.40046,18459.53533,63910.33625
2023/8/30,zkSync,11725,12991.59057,0,12991.59057,12991.59057,22,1947.376982,72764.28996,-70816.91298,74711.66695
2023/8/31,zkSync,16630,9178.451113,0,9178.451113,9178.451113,34,73.38606872,61066.15172,-60992.76566,61139.53779
2023/9/1,zkSync,13145,9819.173554,0,9819.173554,9819.173554,59,321223.1198,42581.83909,278641.2807,363804.9588
2023/9/2,zkSync,15805,11257.14245,0,11257.14245,11257.14245,52,73378.4465,108865.8042,-35487.35773,182244.2507
2023/9/3,zkSync,16574,10986.14391,0,10986.14391,10986.14391,43,75409.94712,68318.04299,7091.904124,143727.9901
2023/9/4,zkSync,12047,14525.44225,0,14525.44225,14525.44225,44,11610.94288,190734.5709,-179123.628,202345.5138
2023/9/5,zkSync,13319,11181.701,0,11181.701,11181.701,47,90121.35381,71819.9975,18301.35632,161941.3513
2023/9/6,zkSync,10462,12755.28722,0,12755.28722,12755.28722,73,823.4569502,70961.67422,-70138.21727,71785.13117
2023/9/7,zkSync,12811,10010.40452,0,10010.40452,10010.40452,41,29673.20411,12901.46727,16771.73683,42574.67138
2023/9/8,zkSync,14132,11544.12028,0,11544.12028,11544.12028,44,6445.414967,26493.7494,-20048.33444,32939.16437
2023/9/9,zkSync,17782,14688.77585,0,14688.77585,14688.77585,69,35451.55472,77133.67898,-41682.12427,112585.2337
2023/9/10,zkSync,18721,17967.24487,0,17967.24487,17967.24487,61,30415.31117,64592.66798,-34177.35681,95007.97915
2023/9/11,zkSync,13021,10811.72159,0,10811.72159,10811.72159,34,8636.657283,85706.44528,-77069.788,94343.10256
2023/9/12,zkSync,14407,10742.37389,0,10742.37389,10742.37389,37,23756.34071,77554.48184,-53798.14114,101310.8226
2023/9/13,zkSync,9071,7903.614486,0,7903.614486,7903.614486,35,5985.18326,33772.5375,-27787.35424,39757.72076
2023/9/14,zkSync,14455,15712.07401,0,15712.07401,15712.07401,31,22236.46581,14455.53523,7780.930582,36692.00105
2023/9/15,zkSync,14921,12929.05289,0,12929.05289,12929.05289,47,6622.314731,57875.93535,-51253.62062,64498.25008
2023/9/16,zkSync,19170,14783.31871,0,14783.31871,14783.31871,49,6765.47366,16051.85189,-9286.378227,22817.32555
2023/9/17,zkSync,19810,13479.91559,0,13479.91559,13479.91559,65,36493.10363,303617.9919,-267124.8882,340111.0955
2023/9/18,zkSync,12650,12035.75599,0,12035.75599,12035.75599,47,10408.27745,47839.55885,-37431.28139,58247.8363
2023/9/19,zkSync,14268,18458.27714,0,18458.27714,18458.27714,54,7938.753241,26526.61054,-18587.8573,34465.36378
2023/9/20,zkSync,13703,12982.45115,0,12982.45115,12982.45115,31,1998.360392,2324.037458,-325.6770666,4322.39785
2023/9/21,zkSync,13493,17829.90358,0,17829.90358,17829.90358,38,4348.579145,40038.51677,-35689.93762,44387.09591
2023/9/22,zkSync,14953,14316.60263,0,14316.60263,14316.60263,37,809.9577671,57634.90676,-56824.94899,58444.86453
2023/9/23,zkSync,17638,13517.13123,0,13517.13123,13517.13123,55,5092.882216,13405.24245,-8312.360237,18498.12467
2023/9/24,zkSync,20347,14645.8,0,14645.8,14645.8,61,5918.712754,15140.54026,-9221.827508,21059.25302
2023/9/25,zkSync,13675,13178.5612,0,13178.5612,13178.5612,32,415.4095786,8260.514445,-7845.104866,8675.924023
2023/9/26,zkSync,13182,13285.19375,0,13285.19375,13285.19375,84,22553.44213,21525.70602,1027.736109,44079.14814
2023/9/27,zkSync,16079,16295.73487,0,16295.73487,16295.73487,126,9910.006084,57517.04901,-47607.04293,67427.0551
2023/9/28,zkSync,15578,16987.82847,0,16987.82847,16987.82847,48,2587.031872,25575.88623,-22988.85436,28162.9181
2023/9/29,zkSync,15349,14555.76601,0,14555.76601,14555.76601,63,4469.577756,76470.2457,-72000.66795,80939.82346
2023/9/30,zkSync,19772,15055.04999,0,15055.04999,15055.04999,50,3892.429648,39112.54605,-35220.1164,43004.9757
2023/10/1,zkSync,13324,12750.20117,0,12750.20117,12750.20117,105,13414.26132,73048.60614,-59634.34482,86462.86745
2023/10/2,zkSync,8073,8715.76053,0,8715.76053,8715.76053,47,12062.1303,84889.20986,-72827.07956,96951.34016
2023/10/3,zkSync,11603,12495.58065,0,12495.58065,12495.58065,49,10452.77234,32058.99621,-21606.22387,42511.76855
2023/10/4,zkSync,11316,11300.07768,0,11300.07768,11300.07768,67,33111.95442,81349.48801,-48237.53359,114461.4424
2023/10/5,zkSync,12962,11235.95786,0,11235.95786,11235.95786,36,22237.81828,2586.873093,19650.94519,24824.69138
2023/10/6,zkSync,11750,10775.50151,0,10775.50151,10775.50151,141,119172.2796,148849.2682,-29676.98865,268021.5478
2023/10/7,zkSync,14234,14111.06015,0,14111.06015,14111.06015,142,35825.4077,224216.0936,-188390.6859,260041.5013
2023/10/8,zkSync,15298,13203.47038,0,13203.47038,13203.47038,87,5576.52569,25948.00763,-20371.48194,31524.53332
2023/10/9,zkSync,12277,12601.62534,0,12601.62534,12601.62534,97,335723.7444,215205.4946,120518.2497,550929.239
2023/10/10,zkSync,12531,12817.38482,0,12817.38482,12817.38482,96,27153.31223,184806.7059,-157653.3937,211960.0182
2023/10/11,zkSync,11622,11544.52719,0,11544.52719,11544.52719,112,167141.0779,185102.2636,-17961.18572,352243.3415
2023/10/12,zkSync,11273,11151.44039,0,11151.44039,11151.44039,93,79958.6843,254754.9363,-174796.252,334713.6206
2023/10/13,zkSync,10165,10130.90028,0,10130.90028,10130.90028,78,15569.24504,82769.26717,-67200.02212,98338.51221
2023/10/14,zkSync,13723,12500.65229,0,12500.65229,12500.65229,86,640.5734999,63292.49156,-62651.91806,63933.06506
2023/10/15,zkSync,12936,11996.02377,0,11996.02377,11996.02377,58,9895.42084,10536.85658,-641.4357356,20432.27742
2023/10/16,zkSync,9963,10873.62122,0,10873.62122,10873.62122,60,34487.58744,79556.88117,-45069.29373,114044.4686
2023/10/17,zkSync,10934,11669.26492,0,11669.26492,11669.26492,78,10091.43067,24980.63651,-14889.20584,35072.06718
2023/10/18,zkSync,9758,11029.52503,0,11029.52503,11029.52503,66,29853.52818,138854.1906,-109000.6625,168707.7188
2023/10/19,zkSync,9556,9272.806347,0,9272.806347,9272.806347,69,16580.081,61111.42709,-44531.3461,77691.50809
2023/10/20,zkSync,7583,11181.49009,0,11181.49009,11181.49009,35,5565.545828,81816.12954,-76250.58372,87381.67537
2023/10/21,zkSync,10979,11139.12454,0,11139.12454,11139.12454,102,36550.41228,59605.55779,-23055.14551,96155.97007
2023/10/22,zkSync,10472,10108.10036,0,10108.10036,10108.10036,72,13698.38168,98034.011,-84335.62931,111732.3927
2023/10/23,zkSync,7043,8301.769022,0,8301.769022,8301.769022,31,7049.648772,13392.90443,-6343.255657,20442.5532
2023/10/24,zkSync,3151,10227.34503,0,10227.34503,10227.34503,39,488.9601146,61920.38902,-61431.4289,62409.34913
2023/10/25,zkSync,5585,7053.677336,0,7053.677336,7053.677336,38,10795.27014,47815.33785,-37020.06771,58610.60799
2023/10/26,zkSync,3759,5458.988312,0,5458.988312,5458.988312,48,23163.70232,32689.97689,-9526.274567,55853.67922
2023/10/27,zkSync,5065,7317.30317,0,7317.30317,7317.30317,23,10196.92942,11631.04887,-1434.119443,21827.97829
2023/10/28,zkSync,6625,9013.228147,0,9013.228147,9013.228147,39,10105.79643,78885.11088,-68779.31446,88990.90731
2023/10/29,zkSync,7742,9763.977016,0,9763.977016,9763.977016,31,6647.567675,49659.23055,-43011.66287,56306.79822
2023/10/30,zkSync,5909,9163.241281,0,9163.241281,9163.241281,18,16899.61556,24515.27202,-7615.656462,41414.88758
2023/10/31,zkSync,4911,5843.591814,0,5843.591814,5843.591814,57,5314.18974,133821.8668,-128507.677,139136.0565
2023/11/1,zkSync,5553,9856.399589,0,9856.399589,9856.399589,47,28436.68549,131124.6048,-102687.9193,159561.2902
2023/11/2,zkSync,3357,7480.1375,0,7480.1375,7480.1375,30,26156.27769,58208.3132,-32052.03551,84364.59089
2023/11/3,zkSync,5991,9681.664028,0,9681.664028,9681.664028,62,87194.40018,59231.05356,27963.34662,146425.4537
2023/11/4,zkSync,6791,10238.76079,0,10238.76079,10238.76079,75,41056.56882,147288.7168,-106232.1479,188345.2856
2023/11/5,zkSync,5531,9559.388678,0,9559.388678,9559.388678,48,8218.598703,29451.85858,-21233.25988,37670.45729
2023/11/6,zkSync,2513,6736.877541,0,6736.877541,6736.877541,21,0,38464.763,-38464.763,38464.763
2023/11/7,zkSync,3004,4218.014508,0,4218.014508,4218.014508,36,6769.143548,13024.65911,-6255.515562,19793.80266
2023/11/8,zkSync,3512,8916.266044,0,8916.266044,8916.266044,123,5530.675247,508081.1089,-502550.4337,513611.7842
2023/11/9,zkSync,1497,2338.860018,0,2338.860018,2338.860018,135,7238.083335,656333.9687,-649095.8854,663572.0521
2023/11/10,zkSync,1455,1836.832852,0,1836.832852,1836.832852,120,44878.37052,599890.0956,-555011.7251,644768.4661
2023/11/11,zkSync,3973,9042.798078,0,9042.798078,9042.798078,116,7483.730599,377932.0481,-370448.3175,385415.7787
2023/11/12,zkSync,4661,4658.101429,0,4658.101429,4658.101429,87,1291.026741,253672.3633,-252381.3366,254963.39
2023/11/13,zkSync,1573,4714.843427,0,4714.843427,4714.843427,40,0,222175.116,-222175.116,222175.116
2023/11/14,zkSync,2515,5631.971585,0,5631.971585,5631.971585,45,40254.37459,250813.3304,-210558.9558,291067.7049
2023/11/15,zkSync,2717,6383.303695,0,6383.303695,6383.303695,56,160.1397272,130215.1957,-130055.056,130375.3354
2023/11/16,zkSync,2463,8421.376593,0,8421.376593,8421.376593,46,7381.581196,376386.2915,-369004.7103,383767.8727
2023/11/17,zkSync,4059,7221.035551,0,7221.035551,7221.035551,51,260.9483322,178226.1434,-177965.195,178487.0917
2023/11/18,zkSync,5732,14665.92635,0,14665.92635,14665.92635,82,47362.21051,222199.4289,-174837.2184,269561.6394
2023/11/19,zkSync,7288,13526.04721,0,13526.04721,13526.04721,118,2867.276307,328331.8055,-325464.5291,331199.0818
2023/11/20,zkSync,2212,13165.15309,0,13165.15309,13165.15309,40,35011.57411,159487.8331,-124476.259,194499.4072
2023/11/21,zkSync,1821,7476.775431,0,7476.775431,7476.775431,33,1272.427545,68425.796,-67153.36845,69698.22354
2023/11/22,zkSync,2159,5718.453986,0,5718.453986,5718.453986,39,72239.36923,163972.4714,-91733.1022,236211.8407
2023/11/23,zkSync,2737,19502.65482,0,19502.65482,19502.65482,37,5717.616089,101538.0143,-95820.39819,107255.6304
2023/11/24,zkSync,3336,4505.597693,0,4505.597693,4505.597693,54,0,159228.43,-159228.43,159228.43
2023/11/25,zkSync,5737,10293.82287,0,10293.82287,10293.82287,45,2245.844693,46321.47985,-44075.63516,48567.32454
2023/11/26,zkSync,5553,9714.147617,0,9714.147617,9714.147617,44,1327.610516,176178.6548,-174851.0443,177506.2653
2023/11/27,zkSync,2970,4530.51899,0,4530.51899,4530.51899,24,1178.314385,26099.41465,-24921.10026,27277.72903
2023/11/28,zkSync,2213,7164.770041,0,7164.770041,7164.770041,35,5819.44211,43418.68212,-37599.24001,49238.12423
2023/11/29,zkSync,2195,2126.328813,0,2126.328813,2126.328813,19,113.4104344,7552.314372,-7438.903938,7665.724807
2023/11/30,zkSync,2557,6295.597595,0,6295.597595,6295.597595,17,320.2622559,92567.73192,-92247.46967,92887.99418
2023/12/1,zkSync,1675,2042.16201,0,2042.16201,2042.16201,25,51682.66113,31939.9009,19742.76023,83622.56203
2023/12/2,zkSync,2843,11482.11593,0,11482.11593,11482.11593,41,955.3450861,36917.07004,-35961.72495,37872.41513
2023/12/3,zkSync,3105,6754.622627,0,6754.622627,6754.622627,48,2634.800406,114697.9357,-112063.1353,117332.7361
2023/12/4,zkSync,1185,4727.02936,0,4727.02936,4727.02936,48,3400.193902,245366.9612,-241966.7673,248767.1551
2023/12/5,zkSync,940,4615.270174,0,4615.270174,4615.270174,45,56802.79879,213249.443,-156446.6443,270052.2418
2023/12/6,zkSync,982,1528.495576,0,1528.495576,1528.495576,44,50451.18111,143527.8974,-93076.71631,193979.0785
2023/12/7,zkSync,1987,10864.77336,0,10864.77336,10864.77336,39,7523.048472,37411.31988,-29888.27141,44934.36835
2023/12/8,zkSync,1950,4537.65358,0,4537.65358,4537.65358,45,200.0848201,164136.5881,-163936.5032,164336.6729
2023/12/9,zkSync,5176,16598.97445,0,16598.97445,16598.97445,61,5760.427818,43575.43987,-37815.01205,49335.86769
2023/12/10,zkSync,10648,6498.810138,0,6498.810138,6498.810138,69,15488.32012,129461.7548,-113973.4347,144950.0749
2023/12/11,zkSync,3807,16560.98718,0,16560.98718,16560.98718,43,493.4066521,288438.8306,-287945.424,288932.2373
2023/12/12,zkSync,3106,4202.098731,0,4202.098731,4202.098731,29,745.6733701,35112.14078,-34366.46741,35857.81415
2023/12/13,zkSync,1983,2985.424819,0,2985.424819,2985.424819,29,248.59547,45175.25132,-44926.65585,45423.84679
2023/12/14,zkSync,1323,7672.343833,0,7672.343833,7672.343833,24,250.2429861,8850.204915,-8599.961929,9100.447901
2023/12/15,zkSync,1099,1199.777647,0,1199.777647,1199.777647,26,1875.486847,21907.13114,-20031.64429,23782.61798
2023/12/16,zkSync,1373,1364.677124,0,1364.677124,1364.677124,33,55.04031672,89324.31065,-89269.27033,89379.35096
2023/12/17,zkSync,4076,2974.814784,0,2974.814784,2974.814784,34,1283.934296,75339.53542,-74055.60112,76623.46972
2023/12/18,zkSync,1529,17619.72034,0,17619.72034,17619.72034,27,8216.132143,41656.15883,-33440.02668,49872.29097
2023/12/19,zkSync,1075,4938.32605,0,4938.32605,4938.32605,20,10.00555351,21152.27056,-21142.265,21162.27611
2023/12/20,zkSync,1606,9333.729866,0,9333.729866,9333.729866,21,58.98813119,12432.87236,-12373.88423,12491.8605
2023/12/21,zkSync,2607,12672.73344,0,12672.73344,12672.73344,41,9569.358003,56374.03126,-46804.67326,65943.38927
2023/12/22,zkSync,4208,8346.464299,0,8346.464299,8346.464299,31,354.932586,51481.75408,-51126.82149,51836.68666
2023/12/23,zkSync,8468,12332.82899,0,12332.82899,12332.82899,50,4719.187802,156205.2006,-151486.0128,160924.3884
2023/12/24,zkSync,7709,12945.01452,0,12945.01452,12945.01452,42,198.380595,25045.33271,-24846.95211,25243.7133
2023/12/25,zkSync,6860,5211.747975,0,5211.747975,5211.747975,48,2166.422654,54551.79381,-52385.37116,56718.21647
2023/12/26,zkSync,7918,19360.73851,0,19360.73851,19360.73851,37,214.0832663,37508.55931,-37294.47604,37722.64258
2023/12/27,zkSync,5411,12734.30432,0,12734.30432,12734.30432,30,911.5277312,10467.09144,-9555.563704,11378.61917
2023/12/28,zkSync,3844,11870.1986,0,11870.1986,11870.1986,30,3746.046675,23490.08353,-19744.03685,27236.1302
2023/12/29,zkSync,5245,13056.55226,0,13056.55226,13056.55226,36,10165.86467,162063.7056,-151897.841,172229.5703
2023/12/30,zkSync,8645,12034.20421,0,12034.20421,12034.20421,46,220.2392762,25235.63237,-25015.39309,25455.87164
2023/12/31,zkSync,11310,13732.33767,0,13732.33767,13732.33767,49,1113.020467,14485.58336,-13372.5629,15598.60383
2024/1/1,zkSync,9058,8760.295926,0,8760.295926,8760.295926,47,34.78058012,76594.71926,-76559.93868,76629.49984
2024/1/2,zkSync,4854,5601.825073,0,5601.825073,5601.825073,43,3887.341623,36118.07048,-32230.72886,40005.41211
2024/1/3,zkSync,4059,9680.610432,0,9680.610432,9680.610432,29,4955.004584,56108.27218,-51153.2676,61063.27676
2024/1/4,zkSync,4910,6322.565398,0,6322.565398,6322.565398,38,39155.4165,35737.38616,3418.030334,74892.80266
2024/1/5,zkSync,5274,9909.793069,0,9909.793069,9909.793069,36,502.7335876,41231.69138,-40728.95779,41734.42497
2024/1/6,zkSync,6743,13614.44305,0,13614.44305,13614.44305,33,126.2574631,10542.19618,-10415.93871,10668.45364
2024/1/7,zkSync,3342,7563.65221,0,7563.65221,7563.65221,35,9180.251354,28818.69186,-19638.4405,37998.94321
2024/1/8,zkSync,4393,12188.07182,0,12188.07182,12188.07182,45,154.5631819,204726.1118,-204571.5486,204880.6749
2024/1/9,zkSync,5058,12448.44219,0,12448.44219,12448.44219,32,696.2809849,86990.16004,-86293.87905,87686.44102
2024/1/10,zkSync,2438,6945.181224,0,6945.181224,6945.181224,25,15785.46508,9470.241065,6315.22402,25255.70615
2024/1/11,zkSync,2636,9497.61064,0,9497.61064,9497.61064,35,300.2018167,66170.53765,-65870.33583,66470.73946
2024/1/12,zkSync,4465,7286.13232,0,7286.13232,7286.13232,38,86.06310384,50773.80327,-50687.74017,50859.86638
2024/1/13,zkSync,5734,11272.40425,0,11272.40425,11272.40425,38,130.3958068,23351.56927,-23221.17346,23481.96508
2024/1/14,zkSync,3298,2941.530272,0,2941.530272,2941.530272,33,2861.625144,32132.79729,-29271.17214,34994.42243
2024/1/15,zkSync,5058,11377.37803,0,11377.37803,11377.37803,32,6884.004396,11957.07408,-5073.069687,18841.07848
2024/1/16,zkSync,3387,8344.35442,0,8344.35442,8344.35442,17,1338.243019,7644.026451,-6305.783431,8982.26947
2024/1/17,zkSync,2129,2339.633746,0,2339.633746,2339.633746,18,528.7089293,7563.061174,-7034.352244,8091.770103
2024/1/18,zkSync,2857,3417.42814,0,3417.42814,3417.42814,21,2125.443892,157898.6319,-155773.188,160024.0758
2024/1/19,zkSync,4151,7528.240595,0,7528.240595,7528.240595,25,1225.419769,37004.15866,-35778.7389,38229.57843
2024/1/20,zkSync,8515,12996.48791,0,12996.48791,12996.48791,45,166335.4937,187645.6059,-21310.11221,353981.0996
2024/1/21,zkSync,12041,11312.19215,0,11312.19215,11312.19215,57,2644.722128,19421.13175,-16776.40962,22065.85388
2024/1/22,zkSync,6355,11843.50902,0,11843.50902,11843.50902,23,6415.808316,4493.895697,1921.91262,10909.70401
2024/1/23,zkSync,5578,11753.66142,0,11753.66142,11753.66142,30,375.9262892,12223.01519,-11847.0889,12598.94148
2024/1/24,zkSync,7206,10496.1726,0,10496.1726,10496.1726,30,6294.897453,12673.28247,-6378.38502,18968.17993
2024/1/25,zkSync,4132,8013.737399,0,8013.737399,8013.737399,14,60.03179833,5831.166265,-5771.134466,5891.198063
2024/1/26,zkSync,4505,7772.299263,0,7772.299263,7772.299263,41,1505.751528,9908.662083,-8402.910555,11414.41361
2024/1/27,zkSync,7655,9912.045362,0,9912.045362,9912.045362,54,5387.809701,93408.77604,-88020.96634,98796.58574
2024/1/28,zkSync,8412,9044.887993,0,9044.887993,9044.887993,48,297.410992,11568.82623,-11271.41524,11866.23722
2024/1/29,zkSync,7347,8921.12553,0,8921.12553,8921.12553,41,197.9648109,10006.95999,-9808.995181,10204.9248
2024/1/30,zkSync,4102,6196.100483,0,6196.100483,6196.100483,14,330.4873441,4640.944557,-4310.457213,4971.431901
2024/1/31,zkSync,4559,6090.279055,0,6090.279055,6090.279055,25,10078.57908,3390.872859,6687.70622,13469.45194
2024/2/1,zkSync,4289,3509.38158,0,3509.38158,3509.38158,20,31155.84828,17132.24789,14023.60039,48288.09617
2024/2/2,zkSync,4519,6650.734606,0,6650.734606,6650.734606,26,1159.767705,13402.44044,-12242.67274,14562.20814
2024/2/3,zkSync,8779,7549.959734,0,7549.959734,7549.959734,57,3609.005855,105847.8177,-102238.8118,109456.8236
2024/2/4,zkSync,8763,9362.733283,0,9362.733283,9362.733283,41,7344.703563,89968.92153,-82624.21796,97313.62509
2024/2/5,zkSync,6961,7311.261967,0,7311.261967,7311.261967,30,220.3983977,13945.32667,-13724.92827,14165.72507
2024/2/6,zkSync,3005,2274.555455,0,2274.555455,2274.555455,23,3404.958944,19019.24074,-15614.2818,22424.19968
2024/2/7,zkSync,2686,2339.691873,0,2339.691873,2339.691873,30,43337.89789,43147.3619,190.5359883,86485.2598
2024/2/8,zkSync,1389,4453.391733,0,4453.391733,4453.391733,27,152.0208108,24676.11726,-24524.09645,24828.13808
2024/2/9,zkSync,897,1016.176214,0,1016.176214,1016.176214,8,9975.02469,14427.57283,-4452.548139,24402.59752
2024/2/10,zkSync,2481,4137.363369,0,4137.363369,4137.363369,18,11109.8336,4302.208579,6807.625016,15412.04217
2024/2/11,zkSync,4144,4412.418077,0,4412.418077,4412.418077,47,13013.74325,35805.60026,-22791.85702,48819.34351
2024/2/12,zkSync,3504,5512.764293,0,5512.764293,5512.764293,19,2166.620156,7201.514099,-5034.893943,9368.134256
2024/2/13,zkSync,2911,4987.878354,0,4987.878354,4987.878354,34,6442.257054,19971.61495,-13529.3579,26413.872
2024/2/14,zkSync,5472,9109.064967,0,9109.064967,9109.064967,52,3239.068804,32688.14848,-29449.07968,35927.21728
2024/2/15,zkSync,4516,4919.553909,0,4919.553909,4919.553909,36,51.37615334,19334.12784,-19282.75169,19385.50399
2024/2/16,zkSync,5770,8087.693476,0,8087.693476,8087.693476,27,269.9266901,16258.73713,-15988.81044,16528.66382
2024/2/17,zkSync,9420,9852.16978,0,9852.16978,9852.16978,39,74.64882777,8691.911078,-8617.26225,8766.559906
2024/2/18,zkSync,8657,11569.46284,0,11569.46284,11569.46284,39,32575.1051,10785.2309,21789.8742,43360.336
2024/2/19,zkSync,4683,4932.12239,0,4932.12239,4932.12239,39,22011.59887,38184.11394,-16172.51507,60195.71282
2024/2/20,zkSync,4719,15784.51076,0,15784.51076,15784.51076,37,10725.25212,14707.63718,-3982.385058,25432.8893
2024/2/21,zkSync,4265,10570.29705,0,10570.29705,10570.29705,34,62.04732484,19626.99002,-19564.9427,19689.03735
2024/2/22,zkSync,3684,15567.13483,0,15567.13483,15567.13483,24,4785.49462,4315.211088,470.2835325,9100.705708
2024/2/23,zkSync,4414,14668.43642,0,14668.43642,14668.43642,24,7739.014272,13148.13346,-5409.119186,20887.14773
2024/2/24,zkSync,10087,14364.10886,0,14364.10886,14364.10886,37,11000.13007,161927.2893,-150927.1593,172927.4194
2024/2/25,zkSync,11629,30155.40187,0,30155.40187,30155.40187,34,727.7029314,28930.81182,-28203.10889,29658.51475
2024/2/26,zkSync,7366,15338.81232,0,15338.81232,15338.81232,22,284.894221,48897.48209,-48612.58786,49182.37631
2024/2/27,zkSync,3631,18678.6154,0,18678.6154,18678.6154,29,198.9475582,26155.87992,-25956.93236,26354.82748
2024/2/28,zkSync,3881,14364.51128,0,14364.51128,14364.51128,22,160.0897169,20370.79018,-20210.70047,20530.8799
2024/2/29,zkSync,2312,9937.21465,0,9937.21465,9937.21465,23,506.4751223,85583.18984,-85076.71472,86089.66496
2024/3/1,zkSync,1949,4460.811729,0,4460.811729,4460.811729,23,7800.733055,47692.97102,-39892.23797,55493.70408
2024/3/2,zkSync,2826,13443.41821,0,13443.41821,13443.41821,12,1188.687294,10608.20315,-9419.515855,11796.89044
2024/3/3,zkSync,2998,11678.9533,0,11678.9533,11678.9533,19,0,35733.56213,-35733.56213,35733.56213
2024/3/4,zkSync,1352,7223.235562,0,7223.235562,7223.235562,13,41631.97347,12672.22867,28959.7448,54304.20214
2024/3/5,zkSync,980,5300.657537,0,5300.657537,5300.657537,21,0,73312.22803,-73312.22803,73312.22803
2024/3/6,zkSync,994,5573.162427,0,5573.162427,5573.162427,23,33.23277656,24053.00446,-24019.77168,24086.23724
2024/3/7,zkSync,1187,5593.907059,0.925980268,5592.981079,5594.83304,20,0,35393.60875,-35393.60875,35393.60875
2024/3/8,zkSync,1265,9091.498515,0.33,9091.168515,9091.828515,14,8746.692858,124330.452,-115583.7591,133077.1448
2024/3/9,zkSync,1752,8926.559883,0,8926.559883,8926.559883,24,9382.640984,36570.62468,-27187.98369,45953.26566
2024/3/10,zkSync,1427,9130.189452,0,9130.189452,9130.189452,12,0,33667.72122,-33667.72122,33667.72122
2024/3/11,zkSync,1590,6082.581727,0,6082.581727,6082.581727,17,3004.015292,9712.850869,-6708.835577,12716.86616
2024/3/12,zkSync,1120,8847.320125,0,8847.320125,8847.320125,22,1501.167875,26624.02205,-25122.85418,28125.18993
2024/3/13,zkSync,1231,5308.167919,0,5308.167919,5308.167919,15,0,11873.08185,-11873.08185,11873.08185
2024/3/14,zkSync,1360,7342.172587,0,7342.172587,7342.172587,23,93.21363734,108021.7416,-107928.528,108114.9553
2024/3/15,zkSync,1844,3266.924307,0,3266.924307,3266.924307,17,150.1101422,7393.818273,-7243.708131,7543.928416
2024/3/16,zkSync,2671,5405.828682,0,5405.828682,5405.828682,23,201.4701769,46184.35178,-45982.8816,46385.82196
2024/3/17,zkSync,3814,6139.857013,0,6139.857013,6139.857013,32,240.7780585,121293.5031,-121052.725,121534.2812
2024/3/18,zkSync,3408,5998.00362,0,5998.00362,5998.00362,26,1054.575942,34737.08127,-33682.50533,35791.65722
2024/3/19,zkSync,2386,5397.789024,0,5397.789024,5397.789024,15,500.6283177,89584.92969,-89084.30137,90085.55801
2024/3/20,zkSync,3194,9814.972318,0,9814.972318,9814.972318,14,50.02825017,39479.31192,-39429.28367,39529.34017
2024/3/21,zkSync,4005,4094.736062,0,4094.736062,4094.736062,15,0,13049.39289,-13049.39289,13049.39289
2024/3/22,zkSync,5354,7521.19686,0,7521.19686,7521.19686,18,16.01716376,6965.303163,-6949.285999,6981.320326
2024/3/23,zkSync,6505,9252.412588,0,9252.412588,9252.412588,27,10.92552707,12394.72639,-12383.80086,12405.65192
2024/3/24,zkSync,5665,10015.4945,0,10015.4945,10015.4945,29,1257.409959,10107.629,-8850.219044,11365.03896
2024/3/25,zkSync,4453,8591.507485,0,8591.507485,8591.507485,12,44.96792623,3175.399774,-3130.431848,3220.3677
2024/3/26,zkSync,4017,6205.975803,0,6205.975803,6205.975803,26,437.2637748,17558.32646,-17121.06269,17995.59024
2024/3/27,zkSync,3235,9183.334925,0,9183.334925,9183.334925,26,724.2620938,4779.836781,-4055.574687,5504.098875
2024/3/28,zkSync,3694,6850.698899,0,6850.698899,6850.698899,21,1217.303801,14030.38869,-12813.08489,15247.69249
2024/3/29,zkSync,4361,9895.125848,0,9895.125848,9895.125848,16,39.70154271,10693.30854,-10653.607,10733.01008
2024/3/30,zkSync,5489,4751.437048,0,4751.437048,4751.437048,25,896.5908398,4036.030706,-3139.439866,4932.621546
2024/3/31,zkSync,6393,6360.126331,0,6360.126331,6360.126331,31,1009.097965,4876.357833,-3867.259868,5885.455798
2024/4/1,zkSync,3336,1826.991725,0,1826.991725,1826.991725,12,7.949005648,7318.746997,-7310.797992,7326.696003
2024/4/2,zkSync,1391,4099.137639,0,4099.137639,4099.137639,12,40061.75365,5027.962817,35033.79083,45089.71646
2024/4/3,zkSync,1770,1220.854804,0,1220.854804,1220.854804,16,100.1098743,10286.61185,-10186.50197,10386.72172
2024/4/4,zkSync,2409,3441.042702,0,3441.042702,3441.042702,46,86662.43607,167163.9263,-80501.49023,253826.3624
2024/4/5,zkSync,3315,4619.678196,0,4619.678196,4619.678196,70,1469.622289,51305.32585,-49835.70356,52774.94813
2024/4/6,zkSync,4430,2060.662433,0,2060.662433,2060.662433,54,1103.826818,9259.494814,-8155.667996,10363.32163
2024/4/7,zkSync,6937,5370.984432,0,5370.984432,5370.984432,58,15.01244107,97985.1659,-97970.15346,98000.17834
2024/4/8,zkSync,4799,2633.152036,0,2633.152036,2633.152036,42,73.81583437,9478.516924,-9404.701089,9552.332758
2024/4/9,zkSync,1833,2160.736514,0,2160.736514,2160.736514,30,17.82110243,5404.194847,-5386.373744,5422.015949
2024/4/10,zkSync,2638,3579.230648,0,3579.230648,3579.230648,25,252.4303814,6207.245335,-5954.814954,6459.675716
2024/4/11,zkSync,3489,5487.144229,0,5487.144229,5487.144229,33,507.8764193,7234.608493,-6726.732073,7742.484912
2024/4/12,zkSync,4786,4471.319479,0,4471.319479,4471.319479,55,0,64767.87994,-64767.87994,64767.87994
2024/4/13,zkSync,7689,1626.161328,0,1626.161328,1626.161328,96,225.7351048,90417.1766,-90191.44149,90642.9117
2024/4/14,zkSync,4755,6022.898845,0,6022.898845,6022.898845,88,780.4470782,8042.467941,-7262.020863,8822.91502
2024/4/15,zkSync,4458,7539.747333,0,7539.747333,7539.747333,68,36.12649642,38581.89365,-38545.76715,38618.02015
2024/4/16,zkSync,4715,6299.333046,0,6299.333046,6299.333046,55,50.76760863,3984.658069,-3933.890461,4035.425678
2024/4/17,zkSync,3114,1778.79214,0,1778.79214,1778.79214,29,7.005424635,1299.582052,-1292.576628,1306.587477
2024/4/18,zkSync,3684,4269.295745,0,4269.295745,4269.295745,57,55.05061418,20818.0609,-20763.01029,20873.11152
2024/4/19,zkSync,3650,4231.105137,0,4231.105137,4231.105137,49,10072.16477,2792.964734,7279.200041,12865.12951
2024/4/20,zkSync,5674,4660.154032,0,4660.154032,4660.154032,93,44.79152946,18583.90338,-18539.11185,18628.69491
2024/4/21,zkSync,6175,5242.299574,0,5242.299574,5242.299574,82,1098.401835,8220.473175,-7122.07134,9318.875009
2024/4/22,zkSync,4616,6039.671416,0,6039.671416,6039.671416,59,0,51855.70269,-51855.70269,51855.70269
2024/4/23,zkSync,4001,2625.67439,0,2625.67439,2625.67439,59,0,63458.99651,-63458.99651,63458.99651
2024/4/24,zkSync,3716,6435.039711,0,6435.039711,6435.039711,29,0,1838.190334,-1838.190334,1838.190334
2024/4/25,zkSync,4320,9598.478598,0,9598.478598,9598.478598,45,208.7795396,8303.053513,-8094.273974,8511.833053
2024/4/26,zkSync,8171,7298.007103,0,7298.007103,7298.007103,47,55.43548817,3557.360748,-3501.92526,3612.796236
2024/4/27,zkSync,6015,9705.134881,0,9705.134881,9705.134881,71,306.7891175,30672.65395,-30365.86483,30979.44307
2024/4/28,zkSync,6371,6184.910225,0,6184.910225,6184.910225,78,228.183727,31407.86179,-31179.67806,31636.04552
2024/4/29,zkSync,5114,8194.888842,0,8194.888842,8194.888842,42,4325.988967,80924.94074,-76598.95177,85250.92971
2024/4/30,zkSync,3679,6626.239605,0,6626.239605,6626.239605,35,4781.742243,13834.08183,-9052.339582,18615.82407
2024/5/1,zkSync,3283,4298.261359,0,4298.261359,4298.261359,32,10.01062799,59410.77372,-59400.76309,59420.78434
2024/5/2,zkSync,4132,2236.756918,0,2236.756918,2236.756918,56,289.6230828,5972.904622,-5683.281539,6262.527705
2024/5/3,zkSync,4568,4925.148104,0,4925.148104,4925.148104,36,304.2321054,9934.924417,-9630.692312,10239.15652
2024/5/4,zkSync,3870,2306.356759,0,2306.356759,2306.356759,34,24.63762499,11840.60796,-11815.97034,11865.24559
2024/5/5,zkSync,5156,4704.188345,0,4704.188345,4704.188345,58,21037.4026,9187.149975,11850.25263,30224.55258
2024/5/6,zkSync,4042,2465.518249,0,2465.518249,2465.518249,52,200.1231996,4722.554425,-4522.431225,4922.677624
2024/5/7,zkSync,3981,5944.796744,0,5944.796744,5944.796744,67,30.69010412,23032.78493,-23002.09483,23063.47504
2024/5/8,zkSync,4100,2807.876287,0,2807.876287,2807.876287,59,2019.462732,3557.142419,-1537.679686,5576.605151
2024/5/9,zkSync,4147,4536.326381,0,4536.326381,4536.326381,57,368.0856675,2849.119546,-2481.033879,3217.205214
2024/5/10,zkSync,3999,2542.768857,0,2542.768857,2542.768857,60,1703.20869,22177.53152,-20474.32283,23880.74021
2024/5/11,zkSync,3812,2695.95336,0,2695.95336,2695.95336,42,107.0790095,6599.537913,-6492.458904,6706.616922
2024/5/12,zkSync,4951,2802.315182,0,2802.315182,2802.315182,78,13.29617682,5695.391004,-5682.094827,5708.687181
2024/5/13,zkSync,2963,2147.837835,0,2147.837835,2147.837835,29,0,64678.02884,-64678.02884,64678.02884
2024/5/14,zkSync,3489,3921.800983,0,3921.800983,3921.800983,33,0,12532.88353,-12532.88353,12532.88353
2024/5/15,zkSync,3056,2328.615816,0,2328.615816,2328.615816,27,54.69338715,2626.05993,-2571.366543,2680.753317
2024/5/16,zkSync,3400,3969.149213,0,3969.149213,3969.149213,23,24.48960519,2648.654821,-2624.165216,2673.144427
2024/5/17,zkSync,3056,2153.263244,0,2153.263244,2153.263244,32,0,42234.49918,-42234.49918,42234.49918
2024/5/18,zkSync,4314,1961.156503,0,1961.156503,1961.156503,55,529.3433929,3171.194477,-2641.851084,3700.53787
2024/5/19,zkSync,3466,2848.916263,0,2848.916263,2848.916263,54,0,42719.52484,-42719.52484,42719.52484
2024/5/20,zkSync,2624,1532.528633,0,1532.528633,1532.528633,33,10.00306747,7350.41301,-7340.409942,7360.416077
2024/5/21,zkSync,1490,2070.151779,0,2070.151779,2070.151779,25,0,16569.57085,-16569.57085,16569.57085
2024/5/22,zkSync,1997,1047.371358,0,1047.371358,1047.371358,30,13211.02442,19690.62879,-6479.604368,32901.65322
2024/5/23,zkSync,1802,1360.660442,0,1360.660442,1360.660442,25,0,14117.22567,-14117.22567,14117.22567
2024/5/24,zkSync,1684,2009.29939,0,2009.29939,2009.29939,39,12.01032308,4596.86582,-4584.855497,4608.876143
2024/5/25,zkSync,2178,971.7021515,0,971.7021515,971.7021515,44,10.00750094,3509.363409,-3499.355908,3519.37091
2024/5/26,zkSync,1772,985.8021667,0,985.8021667,985.8021667,52,10.00258819,20688.49889,-20678.4963,20698.50148
2024/5/27,zkSync,1247,1491.716165,0,1491.716165,1491.716165,22,0,14302.85298,-14302.85298,14302.85298
2024/5/28,zkSync,674,455.298202,0,455.298202,455.298202,6,5.005045382,1260.419566,-1255.41452,1265.424611
2024/5/29,zkSync,1089,596.8878752,0,596.8878752,596.8878752,27,2.002088583,7808.418671,-7806.416583,7810.42076
2024/5/30,zkSync,767,1321.321189,0,1321.321189,1321.321189,9,0,2689.983856,-2689.983856,2689.983856
2024/5/31,zkSync,961,667.529913,0,667.529913,667.529913,19,5.000617448,4813.448682,-4808.448065,4818.4493
2024/6/1,zkSync,1040,716.6795927,0,716.6795927,716.6795927,42,0,2052.076105,-2052.076105,2052.076105
2024/6/2,zkSync,871,1074.355799,0,1074.355799,1074.355799,30,0,3106.855341,-3106.855341,3106.855341
2024/6/3,zkSync,635,1971.269389,0,1971.269389,1971.269389,21,10.0017084,3832.469577,-3822.467869,3842.471286
2024/6/4,zkSync,685,371.9459119,0,371.9459119,371.9459119,38,1.000167372,20959.74255,-20958.74238,20960.74272
2024/6/5,zkSync,530,405.6223958,0,405.6223958,405.6223958,30,43917.13151,2579.070447,41338.06106,46496.20195
2024/6/6,zkSync,282,143.8410807,0,143.8410807,143.8410807,21,0,5487.522225,-5487.522225,5487.522225
2024/6/7,zkSync,328,168.4342847,0,168.4342847,168.4342847,27,3.999804909,3368.510745,-3364.51094,3372.51055
2024/6/8,zkSync,753,1187.335692,0,1187.335692,1187.335692,25,0,2284.694241,-2284.694241,2284.694241
2024/6/9,zkSync,847,283.7697953,0,283.7697953,283.7697953,28,44.33970449,1376.174797,-1331.835092,1420.514501
2024/6/10,zkSync,599,191.471919,0,191.471919,191.471919,31,0,25772.58394,-25772.58394,25772.58394
2024/6/11,zkSync,544,908.1856938,0,908.1856938,908.1856938,189,0,166068.7481,-166068.7481,166068.7481
2024/6/12,zkSync,429,31.57825731,0,31.57825731,31.57825731,266,0,19085.31988,-19085.31988,19085.31988
2024/6/13,zkSync,632,77.15528743,0,77.15528743,77.15528743,124,0,17107.25143,-17107.25143,17107.25143
2024/6/14,zkSync,677,6537.797965,0,6537.797965,6537.797965,234,0,22117.2627,-22117.2627,22117.2627
2024/6/15,zkSync,1136,19.49797146,0,19.49797146,19.49797146,409,0,23295.01613,-23295.01613,23295.01613
2024/6/16,zkSync,1321,1224.866772,0,1224.866772,1224.866772,610,0,21445.52471,-21445.52471,21445.52471
2024/6/17,zkSync,1987,9084.460335,0,9084.460335,9084.460335,726,71.01331181,68070.21894,-67999.20563,68141.23225
2024/6/18,zkSync,948,258.7380069,0,258.7380069,258.7380069,335,0,163388.0342,-163388.0342,163388.0342
2024/6/19,zkSync,1338,68.88594566,0,68.88594566,68.88594566,606,176.6049428,21792.89399,-21616.28905,21969.49893
2024/6/20,zkSync,803,184.082445,0,184.082445,184.082445,269,0,58260.6441,-58260.6441,58260.6441
2024/6/21,zkSync,1204,78.61563777,0,78.61563777,78.61563777,404,0,116540.5262,-116540.5262,116540.5262
2024/6/22,zkSync,1975,144.4794637,0,144.4794637,144.4794637,963,0,21516.24761,-21516.24761,21516.24761
2024/6/23,zkSync,1379,37.2508056,0,37.2508056,37.2508056,653,0,24898.66932,-24898.66932,24898.66932
2024/6/24,zkSync,790,21.59386779,0,21.59386779,21.59386779,385,0,17608.67267,-17608.67267,17608.67267
2024/6/25,zkSync,708,15.87077251,0,15.87077251,15.87077251,460,0,40683.66117,-40683.66117,40683.66117
2024/6/26,zkSync,509,81.69421674,0,81.69421674,81.69421674,393,15.01030318,13298.19442,-13283.18412,13313.20472
2024/6/27,zkSync,315,24.02414902,0,24.02414902,24.02414902,267,0,153864.8592,-153864.8592,153864.8592
2024/6/28,zkSync,380,3.275681002,0,3.275681002,3.275681002,261,0,166167.0071,-166167.0071,166167.0071
2024/6/29,zkSync,583,121.1933041,0,121.1933041,121.1933041,697,0,16176.45853,-16176.45853,16176.45853
2024/6/30,zkSync,424,41.84007706,0,41.84007706,41.84007706,397,0,8335.028631,-8335.028631,8335.028631
2024/7/1,zkSync,362,63.94832432,0,63.94832432,63.94832432,219,0,3917.742282,-3917.742282,3917.742282
2024/7/2,zkSync,389,39.4696637,0,39.4696637,39.4696637,265,18.04546301,22956.49791,-22938.45244,22974.54337
2024/7/3,zkSync,307,69.51047491,0,69.51047491,69.51047491,114,18322.79306,2993.201596,15329.59146,21315.99465
2024/7/4,zkSync,263,72.30115063,0,72.30115063,72.30115063,132,111.3940364,108798.7755,-108687.3815,108910.1696
2024/7/5,zkSync,160,126.3771497,0,126.3771497,126.3771497,57,0,12661.42141,-12661.42141,12661.42141
2024/7/6,zkSync,372,3.369935658,0,3.369935658,3.369935658,194,0,9825.904268,-9825.904268,9825.904268
2024/7/7,zkSync,479,3.336749585,0,3.336749585,3.336749585,225,0,5947.816472,-5947.816472,5947.816472
2024/7/8,zkSync,289,16.02121329,0,16.02121329,16.02121329,153,7.96E-06,3446.734842,-3446.734834,3446.73485
2024/7/9,zkSync,230,21.83386906,0,21.83386906,21.83386906,172,20.77388899,7614.374996,-7593.601107,7635.148885
2024/7/10,zkSync,147,198.6526696,0,198.6526696,198.6526696,146,0,3308.030056,-3308.030056,3308.030056
2024/7/11,zkSync,185,3.291827254,0,3.291827254,3.291827254,268,0,27477.47149,-27477.47149,27477.47149
2024/7/12,zkSync,425,8.643496044,0,8.643496044,8.643496044,179,0,11552.37448,-11552.37448,11552.37448
2024/7/13,zkSync,587,6.00666338,0,6.00666338,6.00666338,178,97.0394044,22621.30371,-22524.2643,22718.34311
2024/7/14,zkSync,277,0.87671571,0,0.87671571,0.87671571,101,0,8657.060502,-8657.060502,8657.060502
2024/7/15,zkSync,144,37.49406322,0,37.49406322,37.49406322,103,0,2028.590171,-2028.590171,2028.590171
2024/7/16,zkSync,199,16.30698903,0,16.30698903,16.30698903,40,5.246335765,3907.57776,-3902.331424,3912.824095
2024/7/17,zkSync,146,1.357316911,0,1.357316911,1.357316911,34,0.003455327,4129.520625,-4129.51717,4129.52408
2024/7/18,zkSync,176,6.932932625,0,6.932932625,6.932932625,46,0,6722.836765,-6722.836765,6722.836765
2024/7/19,zkSync,215,0.704868709,0,0.704868709,0.704868709,73,0.00344341,3665.792464,-3665.78902,3665.795907
2024/7/20,zkSync,592,102.710093,0,102.710093,102.710093,143,1252.074579,12044.47704,-10792.40246,13296.55162
2024/7/21,zkSync,448,479.5762076,0,479.5762076,479.5762076,347,12.70498294,12898.94869,-12886.24371,12911.65367
2024/7/22,zkSync,168,24.98619605,0,24.98619605,24.98619605,55,6.907902311,8270.191364,-8263.283462,8277.099266
2024/7/23,zkSync,253,2.973885583,0,2.973885583,2.973885583,156,50.02435069,3538.043395,-3488.019044,3588.067746
2024/7/24,zkSync,201,10.32504778,0,10.32504778,10.32504778,128,0,1552.70637,-1552.70637,1552.70637
2024/7/25,zkSync,170,22.86253999,0,22.86253999,22.86253999,68,0,6115.557647,-6115.557647,6115.557647
2024/7/26,zkSync,191,64.72070058,0,64.72070058,64.72070058,171,32.48209791,7758.254478,-7725.77238,7790.736576
2024/7/27,zkSync,169,3.585710318,0,3.585710318,3.585710318,157,0,38378.42734,-38378.42734,38378.42734
2024/7/28,zkSync,198,84.18242505,0,84.18242505,84.18242505,135,0.03253994,5116.047821,-5116.015281,5116.080361
2024/7/29,zkSync,169,4.680337147,0,4.680337147,4.680337147,76,0,4127.508381,-4127.508381,4127.508381
2024/7/30,zkSync,143,21.19641187,0,21.19641187,21.19641187,40,0,2.30E+06,-2.30E+06,2.30E+06
2024/7/31,zkSync,132,0.690483673,0,0.690483673,0.690483673,34,0,2203.911638,-2203.911638,2203.911638
2024/8/1,zkSync,131,2.487668234,0,2.487668234,2.487668234,43,0,14895.77313,-14895.77313,14895.77313
2024/8/2,zkSync,103,3.541536477,0,3.541536477,3.541536477,47,45016.56458,80224.55465,-35207.99007,125241.1192
2024/8/3,zkSync,172,3.49652137,0,3.49652137,3.49652137,68,0,9551.21703,-9551.21703,9551.21703
2024/8/4,zkSync,293,13.1095022,0,13.1095022,13.1095022,60,1.001239889,3584.155144,-3583.153904,3585.156384
2024/8/5,zkSync,67,22.97038582,0,22.97038582,22.97038582,16,7.287119481,9220.658965,-9213.371845,9227.946084
2024/8/6,zkSync,149,1.769811298,0,1.769811298,1.769811298,165,0,6138.210398,-6138.210398,6138.210398
2024/8/7,zkSync,101,1.233322663,0,1.233322663,1.233322663,124,0,2097.428134,-2097.428134,2097.428134
2024/8/8,zkSync,100,6.401814416,0,6.401814416,6.401814416,81,0.002491288,6249.533055,-6249.530564,6249.535547
2024/8/9,zkSync,92,7.757099112,0,7.757099112,7.757099112,31,0.002633655,1033.036006,-1033.033372,1033.03864
2024/8/10,zkSync,161,74.51384447,0,74.51384447,74.51384447,91,0,4969.193,-4969.193,4969.193
2024/8/11,zkSync,177,46.57071505,0,46.57071505,46.57071505,98,0,31497.389,-31497.389,31497.389
2024/8/12,zkSync,80,152.1720325,0,152.1720325,152.1720325,53,0,20891.7831,-20891.7831,20891.7831
2024/8/13,zkSync,131,122.0026735,0,122.0026735,122.0026735,65,1.00E-06,255247.0862,-255247.0862,255247.0862
2024/8/14,zkSync,316,10.37080451,0,10.37080451,10.37080451,37,0,14341.75483,-14341.75483,14341.75483
2024/8/15,zkSync,323,46.1256322,0,46.1256322,46.1256322,49,0,680.2580853,-680.2580853,680.2580853
2024/8/16,zkSync,434,0.579595846,0,0.579595846,0.579595846,66,6.40E-06,4611.952246,-4611.95224,4611.952253
2024/8/17,zkSync,147,96.69741632,0,96.69741632,96.69741632,96,0,9045.039492,-9045.039492,9045.039492
2024/8/18,zkSync,136,1.97980876,0,1.97980876,1.97980876,102,2.143617519,3635.015884,-3632.872266,3637.159501
2024/8/19,zkSync,132,14.80417489,0,14.80417489,14.80417489,107,14.12705221,2711.241761,-2697.114709,2725.368813
2024/8/20,zkSync,48,7.094174317,0,7.094174317,7.094174317,102,0,72754.24008,-72754.24008,72754.24008
2024/8/21,zkSync,60,14.00029169,0,14.00029169,14.00029169,110,0,1340.364813,-1340.364813,1340.364813
2024/8/22,zkSync,51,5.751129908,0,5.751129908,5.751129908,64,0,1632.401824,-1632.401824,1632.401824
2024/8/23,zkSync,53,0.427562136,0,0.427562136,0.427562136,54,0,50978.95863,-50978.95863,50978.95863
2024/8/24,zkSync,63,0.01810312,0,0.01810312,0.01810312,86,0,1562.038296,-1562.038296,1562.038296
2024/8/25,zkSync,58,0.012863527,0,0.012863527,0.012863527,61,3729.863911,2865.59752,864.2663905,6595.461431
2024/8/26,zkSync,73,30.54746118,0,30.54746118,30.54746118,60,0.055462715,5183.395994,-5183.340531,5183.451457
2024/8/27,zkSync,117,0.101658988,0,0.101658988,0.101658988,86,0,2784.661013,-2784.661013,2784.661013
2024/8/28,zkSync,47,0.012547291,0,0.012547291,0.012547291,36,7.206551028,2058.863071,-2051.65652,2066.069622
2024/8/29,zkSync,45,0.00012,0,0.00012,0.00012,31,0,544.1467558,-544.1467558,544.1467558
2024/8/30,zkSync,42,3.00E-05,0,3.00E-05,3.00E-05,43,0,1391.233936,-1391.233936,1391.233936
2024/8/31,zkSync,52,0.01775821,0,0.01775821,0.01775821,63,0,71208.25406,-71208.25406,71208.25406
2024/9/1,zkSync,136,1000.004492,0,1000.004492,1000.004492,112,0,5701.331024,-5701.331024,5701.331024
2024/9/2,zkSync,90,1.573408326,0,1.573408326,1.573408326,38,0,2146.565769,-2146.565769,2146.565769
2024/9/3,zkSync,105,0.110894485,0,0.110894485,0.110894485,67,4847.463337,8653.130254,-3805.666917,13500.59359
2024/9/4,zkSync,59,3.979272375,0,3.979272375,3.979272375,74,0,26497.52358,-26497.52358,26497.52358
2024/9/5,zkSync,52,0.01233421,0,0.01233421,0.01233421,94,51.52726384,14920.97874,-14869.45148,14972.50601
2024/9/6,zkSync,55,0.015072337,0,0.015072337,0.015072337,31,0,553.5797082,-553.5797082,553.5797082
2024/9/7,zkSync,57,0.005341259,0,0.005341259,0.005341259,127,0,3229.597002,-3229.597002,3229.597002
2024/9/8,zkSync,84,0.005905052,0,0.005905052,0.005905052,100,0,26963.04095,-26963.04095,26963.04095
2024/9/9,zkSync,25,7.20E-06,0,7.20E-06,7.20E-06,45,16807.68349,9918.941754,6888.741738,26726.62525
2024/9/10,zkSync,48,201.0608962,0,201.0608962,201.0608962,83,0,11342.19853,-11342.19853,11342.19853
2024/9/11,zkSync,38,0,0,0,0,80,0,3384.52486,-3384.52486,3384.52486
2024/9/12,zkSync,46,2997.236237,0,2997.236237,2997.236237,19,0,328.2797093,-328.2797093,328.2797093
2024/9/13,zkSync,53,75.22149798,0,75.22149798,75.22149798,44,0,21305.95826,-21305.95826,21305.95826
2024/9/14,zkSync,40,1.700727002,0,1.700727002,1.700727002,53,0,12387.24004,-12387.24004,12387.24004
2024/9/15,zkSync,33,140.0030786,0,140.0030786,140.0030786,73,0,3292.196421,-3292.196421,3292.196421
2024/9/16,zkSync,20,0.0018,0,0.0018,0.0018,16,0,1101.72343,-1101.72343,1101.72343
2024/9/17,zkSync,37,0.013,0,0.013,0.013,35,0.281171906,1996.092245,-1995.811073,1996.373417
2024/9/18,zkSync,45,0.126153063,0,0.126153063,0.126153063,14,35014.43155,789.9166484,34224.5149,35804.34819
2024/9/19,zkSync,45,0.032521415,0,0.032521415,0.032521415,7,762.6198151,5219.362856,-4456.743041,5981.982671
2024/9/20,zkSync,30,0.04,0,0.04,0.04,13,0,2198.649819,-2198.649819,2198.649819
2024/9/21,zkSync,30,0,0,0,0,8,0,767.6348052,-767.6348052,767.6348052
2024/9/22,zkSync,27,0.003,0,0.003,0.003,17,0.410957726,1303.947089,-1303.536131,1304.358047
2024/9/23,zkSync,22,0.000168,0,0.000168,0.000168,16,0,2097.456087,-2097.456087,2097.456087
2024/9/24,zkSync,43,0.114908003,0,0.114908003,0.114908003,5,0,178.1717503,-178.1717503,178.1717503
2024/9/25,zkSync,43,1.44E-05,0,1.44E-05,1.44E-05,8,0,490.3467114,-490.3467114,490.3467114
2024/9/26,zkSync,46,0,0,0,0,5,0,554.1883153,-554.1883153,554.1883153
2024/9/27,zkSync,38,0.121918045,0,0.121918045,0.121918045,8,0,12056.92129,-12056.92129,12056.92129
2024/9/28,zkSync,36,0.70815532,0,0.70815532,0.70815532,38,9906.805047,3201.075886,6705.729161,13107.88093
2024/9/29,zkSync,31,0.014491211,0,0.014491211,0.014491211,15,0,1804.940619,-1804.940619,1804.940619
2024/9/30,zkSync,29,0.032438517,0,0.032438517,0.032438517,12,0,213.7062303,-213.7062303,213.7062303
2024/10/1,zkSync,52,1.053634216,0,1.053634216,1.053634216,16,1650.308072,3816.487472,-2166.1794,5466.795544
2024/10/2,zkSync,51,0.001293288,0,0.001293288,0.001293288,13,0,2853.935647,-2853.935647,2853.935647
2024/10/3,zkSync,39,0.00066,0,0.00066,0.00066,17,0,11589.29467,-11589.29467,11589.29467
2024/10/4,zkSync,47,0.0002209,0,0.0002209,0.0002209,17,0,34153.29009,-34153.29009,34153.29009
2024/10/5,zkSync,35,0.0053496,0,0.0053496,0.0053496,19,0,3326.491789,-3326.491789,3326.491789
2024/10/6,zkSync,28,0.131590771,0,0.131590771,0.131590771,34,0,832.5608013,-832.5608013,832.5608013
2024/10/7,zkSync,24,0,0,0,0,16,0.063229322,2326.71837,-2326.655141,2326.781599
2024/10/8,zkSync,42,0,0,0,0,12,0,469.1046663,-469.1046663,469.1046663
2024/10/9,zkSync,45,0,0,0,0,7,0,1257.309802,-1257.309802,1257.309802
2024/10/10,zkSync,40,0,0,0,0,12,0,295.2246981,-295.2246981,295.2246981
2024/10/11,zkSync,35,0,0,0,0,64,0,5741.694643,-5741.694643,5741.694643
2024/10/12,zkSync,48,0.184072396,0,0.184072396,0.184072396,12,0.002904543,197.7579561,-197.7550515,197.7608606
2024/10/13,zkSync,46,0.033300655,0,0.033300655,0.033300655,25,0,1091.593736,-1091.593736,1091.593736
2024/10/14,zkSync,31,2.3101998,0,2.3101998,2.3101998,33,0,1945.254891,-1945.254891,1945.254891
2024/10/15,zkSync,42,0.300223791,0,0.300223791,0.300223791,35,0,1611.0867,-1611.0867,1611.0867
2024/10/16,zkSync,46,0.015432066,0,0.015432066,0.015432066,27,0,3075.886399,-3075.886399,3075.886399
2024/10/17,zkSync,51,0.005417877,0,0.005417877,0.005417877,17,0.999969691,570.8903805,-569.8904108,571.8903502
2024/10/18,zkSync,47,0.126242027,0,0.126242027,0.126242027,13,7.99888775,749.6070547,-741.6081669,757.6059424
2024/10/19,zkSync,39,0,0,0,0,18,0,4725.903312,-4725.903312,4725.903312
2024/10/20,zkSync,39,0.120941396,0,0.120941396,0.120941396,34,0,16030.33757,-16030.33757,16030.33757
2024/10/21,zkSync,34,7.453944082,0,7.453944082,7.453944082,78,0,5904.799735,-5904.799735,5904.799735
2024/10/22,zkSync,44,0,0,0,0,101,48.51141265,2749.890441,-2701.379028,2798.401854
2024/10/23,zkSync,48,0.01,0,0.01,0.01,31,0,1248.677412,-1248.677412,1248.677412
2024/10/24,zkSync,42,0.006642062,0,0.006642062,0.006642062,11,0,812.614627,-812.614627,812.614627
2024/10/25,zkSync,41,0.030298549,0,0.030298549,0.030298549,26,0,1236.842347,-1236.842347,1236.842347
2024/10/26,zkSync,30,0.016271781,0,0.016271781,0.016271781,20,0,1195.626549,-1195.626549,1195.626549
2024/10/27,zkSync,28,0.039182745,0,0.039182745,0.039182745,34,0,583.7352083,-583.7352083,583.7352083
2024/10/28,zkSync,25,0.321178018,0,0.321178018,0.321178018,10,0,62.06383421,-62.06383421,62.06383421
2024/10/29,zkSync,51,0.205583057,0,0.205583057,0.205583057,19,0,2743.285754,-2743.285754,2743.285754
2024/10/30,zkSync,41,0.069440241,0,0.069440241,0.069440241,10,0,30384.80859,-30384.80859,30384.80859
2024/10/31,zkSync,42,0.120686092,0,0.120686092,0.120686092,14,0,2001.671436,-2001.671436,2001.671436
2024/11/1,zkSync,39,0.022,0,0.022,0.022,15,0,15333.75871,-15333.75871,15333.75871
2024/11/2,zkSync,36,0.030108866,0,0.030108866,0.030108866,8,0,768.3820171,-768.3820171,768.3820171
2024/11/3,zkSync,35,0.023649324,0,0.023649324,0.023649324,17,0,366.0318917,-366.0318917,366.0318917
2024/11/4,zkSync,27,0.011299362,0,0.011299362,0.011299362,12,0,2875.499341,-2875.499341,2875.499341
2024/11/5,zkSync,44,0.537618346,0,0.537618346,0.537618346,28,70023.45128,14101.78856,55921.66273,84125.23984
2024/11/6,zkSync,46,0,0,0,0,4,0,81.18779862,-81.18779862,81.18779862
2024/11/7,zkSync,44,38.37337076,0,38.37337076,38.37337076,15,69.37708125,1451.91086,-1382.533779,1521.287941
2024/11/8,zkSync,45,0.06,0,0.06,0.06,12,0,756.0586533,-756.0586533,756.0586533
2024/11/9,zkSync,57,0.08140843,0,0.08140843,0.08140843,56,0,8214.997346,-8214.997346,8214.997346
2024/11/10,zkSync,45,0.002205131,0,0.002205131,0.002205131,13,996.7954618,4116.113173,-3119.317711,5112.908635
2024/11/11,zkSync,33,0.032,0,0.032,0.032,10,0,1991.382287,-1991.382287,1991.382287
2024/11/12,zkSync,51,1000.240311,0,1000.240311,1000.240311,16,0,5345.800456,-5345.800456,5345.800456
2024/11/13,zkSync,33,0,0,0,0,9,0,996.1611789,-996.1611789,996.1611789
2024/11/14,zkSync,33,0.002053366,0,0.002053366,0.002053366,10,261.6884244,40298.21626,-40036.52783,40559.90468
2024/11/15,zkSync,45,0.005,0,0.005,0.005,5,1690.698932,2180.313176,-489.6142439,3871.012109
2024/11/16,zkSync,74,34.75823687,0,34.75823687,34.75823687,15,0,5320.945186,-5320.945186,5320.945186
2024/11/17,zkSync,50,1000.023551,0,1000.023551,1000.023551,39,0,14040.07276,-14040.07276,14040.07276
2024/11/18,zkSync,43,0.188312751,0,0.188312751,0.188312751,11,0,615.2605299,-615.2605299,615.2605299
2024/11/19,zkSync,42,0.012206213,0,0.012206213,0.012206213,11,0,1222.411311,-1222.411311,1222.411311
2024/11/20,zkSync,40,0.0081,0,0.0081,0.0081,12,0,3027.862878,-3027.862878,3027.862878
2024/11/21,zkSync,42,0.19977223,0,0.19977223,0.19977223,15,0,4253.466244,-4253.466244,4253.466244
2024/11/22,zkSync,37,17.82978322,0,17.82978322,17.82978322,12,0,777.1522781,-777.1522781,777.1522781
2024/11/23,zkSync,27,0.730018055,0,0.730018055,0.730018055,11,0,1205.202154,-1205.202154,1205.202154
2024/11/24,zkSync,29,1000.119256,0,1000.119256,1000.119256,35,0,3145.104345,-3145.104345,3145.104345
2024/11/25,zkSync,43,0,0,0,0,14,0.100018291,1913.106755,-1913.006737,1913.206774
2024/11/26,zkSync,37,0.005795792,0,0.005795792,0.005795792,12,1078.93192,1793.688789,-714.7568689,2872.62071
2024/11/27,zkSync,26,0,0,0,0,11,0,1994.358383,-1994.358383,1994.358383
2024/11/28,zkSync,31,1.194180662,0,1.194180662,1.194180662,12,0,482.4827632,-482.4827632,482.4827632
2024/11/29,zkSync,34,0.017338553,0,0.017338553,0.017338553,11,0,888.012215,-888.012215,888.012215
2024/11/30,zkSync,64,0.050955077,0,0.050955077,0.050955077,14,0,2731.068405,-2731.068405,2731.068405
2024/12/1,zkSync,42,1000.316778,0,1000.316778,1000.316778,21,0,3174.272231,-3174.272231,3174.272231
2024/12/2,zkSync,35,0,0,0,0,16,0,1204.496849,-1204.496849,1204.496849
2024/12/3,zkSync,31,0.098856398,0,0.098856398,0.098856398,17,0,9062.267627,-9062.267627,9062.267627
2024/12/4,zkSync,38,0.149803697,0,0.149803697,0.149803697,17,0,11811.01675,-11811.01675,11811.01675
2024/12/5,zkSync,32,0.649176034,0,0.649176034,0.649176034,9,0,4335.313061,-4335.313061,4335.313061
2024/12/6,zkSync,31,6.876735125,0,6.876735125,6.876735125,11,0,8200.495628,-8200.495628,8200.495628
2024/12/7,zkSync,50,0.464012087,0,0.464012087,0.464012087,20,0,2283.448959,-2283.448959,2283.448959
2024/12/8,zkSync,46,489.5454334,0,489.5454334,489.5454334,43,0,41309.22729,-41309.22729,41309.22729
2024/12/9,zkSync,48,0.136037133,0,0.136037133,0.136037133,8,0,1323.801344,-1323.801344,1323.801344
2024/12/10,zkSync,44,0.032816635,0,0.032816635,0.032816635,12,0,21860.90904,-21860.90904,21860.90904
2024/12/11,zkSync,42,24,0,24,24,10,0,1421.611597,-1421.611597,1421.611597
2024/12/12,zkSync,44,30.72225931,0,30.72225931,30.72225931,10,0,2056.754684,-2056.754684,2056.754684
2024/12/13,zkSync,41,44.9525,0,44.9525,44.9525,15,0,11670.28179,-11670.28179,11670.28179
2024/12/14,zkSync,53,61.45370682,0,61.45370682,61.45370682,27,14.99768589,2056.662959,-2041.665273,2071.660645
2024/12/15,zkSync,42,0.160198101,0,0.160198101,0.160198101,28,0,3627.67641,-3627.67641,3627.67641
2024/12/16,zkSync,44,149.8779182,0,149.8779182,149.8779182,5,0,155.3939539,-155.3939539,155.3939539
2024/12/17,zkSync,35,0.010114385,0,0.010114385,0.010114385,13,0,5895.64101,-5895.64101,5895.64101
2024/12/18,zkSync,37,99.995,0,99.995,99.995,22,0,6594.616195,-6594.616195,6594.616195
2024/12/19,zkSync,35,4.69164078,0,4.69164078,4.69164078,18,9.998384549,4163.990434,-4153.99205,4173.988819
2024/12/20,zkSync,36,1448.800164,0,1448.800164,1448.800164,5,0,4835.28424,-4835.28424,4835.28424
2024/12/21,zkSync,36,120.1493589,0,120.1493589,120.1493589,8,0,1251.299919,-1251.299919,1251.299919
2024/12/22,zkSync,41,0.074273935,0,0.074273935,0.074273935,21,0,20933.90718,-20933.90718,20933.90718
2024/12/23,zkSync,51,6.017224177,0,6.017224177,6.017224177,21,0,3703.013117,-3703.013117,3703.013117
2024/12/24,zkSync,45,0.023674745,0,0.023674745,0.023674745,8,0,946.353804,-946.353804,946.353804
2024/12/25,zkSync,39,0.00101,0,0.00101,0.00101,20,0,17508.17502,-17508.17502,17508.17502
2024/12/26,zkSync,42,0,0,0,0,11,925.5784558,449.3355046,476.2429513,1374.91396
2024/12/27,zkSync,38,1022.404737,0,1022.404737,1022.404737,9,0,513.343322,-513.343322,513.343322
2024/12/28,zkSync,36,0.08,0,0.08,0.08,41,0,5933.59905,-5933.59905,5933.59905
2024/12/29,zkSync,41,0.008625825,0,0.008625825,0.008625825,20,0,9487.081068,-9487.081068,9487.081068
2024/12/30,zkSync,38,0.051932719,0,0.051932719,0.051932719,38,0,17801.60218,-17801.60218,17801.60218
2024/12/31,zkSync,34,0.003753058,0,0.003753058,0.003753058,12,0,69.45443397,-69.45443397,69.45443397
2025/1/1,zkSync,32,0,0,0,0,4,0,191.9947281,-191.9947281,191.9947281
2025/1/2,zkSync,42,32.30540223,0,32.30540223,32.30540223,10,0,94492.30502,-94492.30502,94492.30502
2025/1/3,zkSync,30,0.600268425,0,0.600268425,0.600268425,6,0,958.2851324,-958.2851324,958.2851324
2025/1/4,zkSync,36,0.01758,0,0.01758,0.01758,31,0,993.5082178,-993.5082178,993.5082178
2025/1/5,zkSync,40,1001.632994,0,1001.632994,1001.632994,29,0,1544.174021,-1544.174021,1544.174021
2025/1/6,zkSync,38,4.636462104,0,4.636462104,4.636462104,13,9999.599618,974.3201865,9025.279432,10973.9198
2025/1/7,zkSync,32,1003.560343,0,1003.560343,1003.560343,9,0,1047.223289,-1047.223289,1047.223289
2025/1/8,zkSync,28,998.1128035,0,998.1128035,998.1128035,16,0,3275.526433,-3275.526433,3275.526433
2025/1/9,zkSync,37,0.510287362,0,0.510287362,0.510287362,45,0,1820.831435,-1820.831435,1820.831435
2025/1/10,zkSync,39,0.01,0,0.01,0.01,23,0,19863.30482,-19863.30482,19863.30482
2025/1/11,zkSync,41,0.302686892,0,0.302686892,0.302686892,10,8.487665282,19709.35773,-19700.87006,19717.84539
2025/1/12,zkSync,44,0.72522015,0,0.72522015,0.72522015,37,6.393094169,920.6739823,-914.2808881,927.0670764
2025/1/13,zkSync,49,0.430162967,0,0.430162967,0.430162967,33,0,953.1778706,-953.1778706,953.1778706
2025/1/14,zkSync,35,0.050138844,0,0.050138844,0.050138844,2,0,26.68353152,-26.68353152,26.68353152
2025/1/15,zkSync,34,0,0,0,0,7,0,564.9697649,-564.9697649,564.9697649
2025/1/16,zkSync,32,0.300225474,0,0.300225474,0.300225474,18,0,1809.191613,-1809.191613,1809.191613
2025/1/17,zkSync,33,0,0,0,0,18,0,2315.004589,-2315.004589,2315.004589
2025/1/18,zkSync,34,0.001125795,0,0.001125795,0.001125795,7,0,185.711368,-185.711368,185.711368
2025/1/19,zkSync,34,0,0,0,0,4,0,1721.925067,-1721.925067,1721.925067
2025/1/20,zkSync,34,2.000501591,0,2.000501591,2.000501591,4,0,1695.267483,-1695.267483,1695.267483
2025/1/21,zkSync,29,50.56023253,0,50.56023253,50.56023253,6,0,14421.99296,-14421.99296,14421.99296
2025/1/22,zkSync,33,1000.002464,0,1000.002464,1000.002464,20,0,5119.931637,-5119.931637,5119.931637
2025/1/23,zkSync,39,0.001173174,0,0.001173174,0.001173174,10,0,371.8886125,-371.8886125,371.8886125
2025/1/24,zkSync,37,0.526582748,0,0.526582748,0.526582748,4,30.2268625,407.8492875,-377.622425,438.07615
2025/1/25,zkSync,47,0.683559278,0,0.683559278,0.683559278,14,0,176.2950056,-176.2950056,176.2950056
2025/1/26,zkSync,41,1000.002464,0,1000.002464,1000.002464,10,2485.634555,403.2176943,2082.416861,2888.85225
2025/1/27,zkSync,43,900.0124642,0,900.0124642,900.0124642,16,0,3386.947298,-3386.947298,3386.947298
2025/1/28,zkSync,41,950.2226841,0,950.2226841,950.2226841,14,21.20889438,1233.748085,-1212.53919,1254.956979
2025/1/29,zkSync,43,0.003,0,0.003,0.003,26,0,343.6719196,-343.6719196,343.6719196
2025/1/30,zkSync,44,0.280930459,0,0.280930459,0.280930459,26,0,3430.932449,-3430.932449,3430.932449
2025/1/31,zkSync,44,0,0,0,0,19,0,2696.914952,-2696.914952,2696.914952
2025/2/1,zkSync,44,0.650911812,0,0.650911812,0.650911812,7,0,5744.350755,-5744.350755,5744.350755
2025/2/2,zkSync,48,0.151242353,0,0.151242353,0.151242353,6,0,294.5039912,-294.5039912,294.5039912
2025/2/3,zkSync,37,0.331374852,0,0.331374852,0.331374852,2,0,13507.07214,-13507.07214,13507.07214
2025/2/4,zkSync,37,17.86240505,0,17.86240505,17.86240505,14,50047.08993,23316.32821,26730.76172,73363.41814
2025/2/5,zkSync,45,5.016323246,0,5.016323246,5.016323246,19,0,536.6804916,-536.6804916,536.6804916
2025/2/6,zkSync,45,0.004414012,0,0.004414012,0.004414012,28,0,1793.79263,-1793.79263,1793.79263
2025/2/7,zkSync,47,9.010111117,0,9.010111117,9.010111117,45,0,1628.764919,-1628.764919,1628.764919
2025/2/8,zkSync,50,903.6525755,0,903.6525755,903.6525755,38,9.177580278,659.2533705,-650.0757902,668.4309508
2025/2/9,zkSync,51,8.577025559,0,8.577025559,8.577025559,28,0,3132.924466,-3132.924466,3132.924466
2025/2/10,zkSync,38,5.800111333,0,5.800111333,5.800111333,20,0,586.1734608,-586.1734608,586.1734608
2025/2/11,zkSync,48,1000.00249,0,1000.00249,1000.00249,27,0,1694.758883,-1694.758883,1694.758883
2025/2/12,zkSync,44,0.014633914,0,0.014633914,0.014633914,17,0,185.8296245,-185.8296245,185.8296245
2025/2/13,zkSync,48,0.00067182,0,0.00067182,0.00067182,27,0,964.5707163,-964.5707163,964.5707163
2025/2/14,zkSync,47,0.190792057,0,0.190792057,0.190792057,38,0,486.1058902,-486.1058902,486.1058902
2025/2/15,zkSync,45,0.002530982,0,0.002530982,0.002530982,29,0,6440.092606,-6440.092606,6440.092606
2025/2/16,zkSync,45,0,0,0,0,32,0,4567.365183,-4567.365183,4567.365183
2025/2/17,zkSync,41,0.0008,0,0.0008,0.0008,21,0,1251.769311,-1251.769311,1251.769311
2025/2/18,zkSync,41,0.005108415,0,0.005108415,0.005108415,54,0,288.332998,-288.332998,288.332998
2025/2/19,zkSync,48,0.0003,0,0.0003,0.0003,26,0,2663.586456,-2663.586456,2663.586456
2025/2/20,zkSync,48,0.0108,0,0.0108,0.0108,25,0,1610.510546,-1610.510546,1610.510546
2025/2/21,zkSync,41,0.039160458,0,0.039160458,0.039160458,32,0,890.9568197,-890.9568197,890.9568197
2025/2/22,zkSync,42,0,0,0,0,8,0,468.7543859,-468.7543859,468.7543859
2025/2/23,zkSync,51,1000.002464,0,1000.002464,1000.002464,69,17.46575926,833.257769,-815.7920097,850.7235282
2025/2/24,zkSync,52,27.54642147,0,27.54642147,27.54642147,207,19968.41343,3872.183742,16096.22969,23840.59717
2025/2/25,zkSync,39,0.003,0,0.003,0.003,22,0,1079.165926,-1079.165926,1079.165926
2025/2/26,zkSync,45,1002.01253,0,1002.01253,1002.01253,48,0,18469.2973,-18469.2973,18469.2973
2025/2/27,zkSync,31,0.006442898,0,0.006442898,0.006442898,7,0,286.3333841,-286.3333841,286.3333841
2025/2/28,zkSync,23,1000.164404,0,1000.164404,1000.164404,6,0,20015.41179,-20015.41179,20015.41179
2025/3/1,zkSync,41,0.171478234,0,0.171478234,0.171478234,10,0,228.4693174,-228.4693174,228.4693174
2025/3/2,zkSync,36,0.002,0,0.002,0.002,9,0,40.97430255,-40.97430255,40.97430255
2025/3/3,zkSync,28,1.000100643,0,1.000100643,1.000100643,16,0,290.8897819,-290.8897819,290.8897819
2025/3/4,zkSync,25,900.0034642,0,900.0034642,900.0034642,17,0,968.8901418,-968.8901418,968.8901418
2025/3/5,zkSync,30,0.01192102,0,0.01192102,0.01192102,12,0,19104.57763,-19104.57763,19104.57763
2025/3/6,zkSync,34,5.112289775,0,5.112289775,5.112289775,26,0,402.5148865,-402.5148865,402.5148865
2025/3/7,zkSync,35,1.238011235,0,1.238011235,1.238011235,15,0,10119.01325,-10119.01325,10119.01325
2025/3/8,zkSync,37,0,0,0,0,8,0,643.8958955,-643.8958955,643.8958955
2025/3/9,zkSync,41,0.001107647,0,0.001107647,0.001107647,7,0,159.0511141,-159.0511141,159.0511141
2025/3/10,zkSync,25,0,0,0,0,10,0,3322.13351,-3322.13351,3322.13351
2025/3/11,zkSync,25,1500.031029,0,1500.031029,1500.031029,9,0,21948.65806,-21948.65806,21948.65806
2025/3/12,zkSync,23,0,0,0,0,9,0,487.938523,-487.938523,487.938523
2025/3/13,zkSync,22,0,0,0,0,20,0,1365.660314,-1365.660314,1365.660314
2025/3/14,zkSync,18,0,0,0,0,43,0,56585.55925,-56585.55925,56585.55925
2025/3/15,zkSync,25,0.044200239,0,0.044200239,0.044200239,8,0,332.8514024,-332.8514024,332.8514024
2025/3/16,zkSync,22,6.88E-06,0,6.88E-06,6.88E-06,7,0,1033.714167,-1033.714167,1033.714167
2025/3/17,zkSync,22,0,0,0,0,29,0,102.6248294,-102.6248294,102.6248294
2025/3/18,zkSync,21,0.002,0,0.002,0.002,12,0,255.381962,-255.381962,255.381962
2025/3/19,zkSync,16,0.002,0,0.002,0.002,7,0,98.29979605,-98.29979605,98.29979605
2025/3/20,zkSync,19,0,0,0,0,15,0,151.8074131,-151.8074131,151.8074131
2025/3/21,zkSync,18,0,0,0,0,16,16.01244944,320.7953727,-304.7829233,336.8078221
2025/3/22,zkSync,17,0,0,0,0,15,0,318.1659961,-318.1659961,318.1659961
2025/3/23,zkSync,17,0,0,0,0,8,0,76.45874599,-76.45874599,76.45874599
2025/3/24,zkSync,19,1.00E-05,0,1.00E-05,1.00E-05,12,0,193.4887056,-193.4887056,193.4887056
2025/3/25,zkSync,22,0,0,0,0,29,0,1513.309713,-1513.309713,1513.309713
2025/3/26,zkSync,21,0.0001,0,0.0001,0.0001,76,0,1029.473882,-1029.473882,1029.473882
2025/3/27,zkSync,27,0,0,0,0,130,0,1346.486079,-1346.486079,1346.486079
2025/3/28,zkSync,26,0,0,0,0,5,0,51.5207878,-51.5207878,51.5207878
2025/3/29,zkSync,18,0,0,0,0,14,2.641371222,87.70006796,-85.05869674,90.34143918
2025/3/30,zkSync,17,0,0,0,0,10,0,962.8423304,-962.8423304,962.8423304
2025/3/31,zkSync,18,0,0,0,0,5,0,15.96183818,-15.96183818,15.96183818
2025/4/1,zkSync,22,0,0,0,0,6,0,105.0793405,-105.0793405,105.0793405
2025/4/2,zkSync,27,0.01074333,0,0.01074333,0.01074333,9,5.002228333,351.4243159,-346.4220876,356.4265443
2025/4/3,zkSync,18,0,0,0,0,16,50016.44479,28749.85844,21266.58635,78766.30323
2025/4/4,zkSync,17,0.011090672,0,0.011090672,0.011090672,13,0,498.6899031,-498.6899031,498.6899031
2025/4/5,zkSync,20,0.161099306,0,0.161099306,0.161099306,45,516.1955593,207.6793323,308.516227,723.8748916
2025/4/6,zkSync,21,0.003106638,0,0.003106638,0.003106638,17,0,2330.657322,-2330.657322,2330.657322
2025/4/7,zkSync,17,0,0,0,0,7,0,7526.510886,-7526.510886,7526.510886
2025/4/8,zkSync,17,0,0,0,0,12,0,104.2055536,-104.2055536,104.2055536
2025/4/9,zkSync,18,0,0,0,0,8,0,4071.483988,-4071.483988,4071.483988
2025/4/10,zkSync,24,2.017754194,0,2.017754194,2.017754194,27,1500.683724,598.3233846,902.3603393,2099.007109
2025/4/11,zkSync,21,0.0007,0,0.0007,0.0007,20,0,197.4564303,-197.4564303,197.4564303
2025/4/12,zkSync,19,0,0,0,0,37,0,1734.764607,-1734.764607,1734.764607
2025/4/13,zkSync,16,0,0,0,0,18,0,860.5093185,-860.5093185,860.5093185
2025/4/14,zkSync,26,0.005,0,0.005,0.005,9,12.00637681,343.5506686,-331.5442918,355.5570454
2025/4/15,zkSync,21,0.015749021,0,0.015749021,0.015749021,9,0,313.0334403,-313.0334403,313.0334403
2025/4/16,zkSync,23,2.996500793,0,2.996500793,2.996500793,3,0,21.37045048,-21.37045048,21.37045048
2025/4/17,zkSync,24,0.305386079,0,0.305386079,0.305386079,14,0,156.8436334,-156.8436334,156.8436334
2025/4/18,zkSync,15,0,0,0,0,19,0,473.6702251,-473.6702251,473.6702251
2025/4/19,zkSync,19,0,0,0,0,16,0,350.1692727,-350.1692727,350.1692727
2025/4/20,zkSync,22,0,0,0,0,22,0,333.3720838,-333.3720838,333.3720838
2025/4/21,zkSync,20,0.0301,0,0.0301,0.0301,12,0,4234.430693,-4234.430693,4234.430693
2025/4/22,zkSync,19,0.033098541,0,0.033098541,0.033098541,10,0,61.52434156,-61.52434156,61.52434156
2025/4/23,zkSync,24,0.004174796,0,0.004174796,0.004174796,21,0,3329.561074,-3329.561074,3329.561074
2025/4/24,zkSync,21,0.001613767,0,0.001613767,0.001613767,24,0,661.4817597,-661.4817597,661.4817597
2025/4/25,zkSync,15,0.053015767,0,0.053015767,0.053015767,13,0,366.2474727,-366.2474727,366.2474727
2025/4/26,zkSync,19,0,0,0,0,27,0,2521.927059,-2521.927059,2521.927059
2025/4/27,zkSync,22,0,0,0,0,10,0,125.7063441,-125.7063441,125.7063441
2025/4/28,zkSync,18,0.014,0,0.014,0.014,13,0,84.13672921,-84.13672921,84.13672921
2025/4/29,zkSync,21,0,0,0,0,15,0,711.15392,-711.15392,711.15392
2025/4/30,zkSync,23,0.702116432,0,0.702116432,0.702116432,21,0,397.1024865,-397.1024865,397.1024865
2025/5/1,zkSync,19,0,0,0,0,10,0,176.785194,-176.785194,176.785194
2025/5/2,zkSync,12,0,0,0,0,3,0,58.16242471,-58.16242471,58.16242471
2025/5/3,zkSync,23,0.022860217,0,0.022860217,0.022860217,13,0,145.1759908,-145.1759908,145.1759908
2025/5/4,zkSync,17,0,0,0,0,20,0,235.6981563,-235.6981563,235.6981563
2025/5/5,zkSync,17,0,0,0,0,27,0,12845.57943,-12845.57943,12845.57943
2025/5/6,zkSync,29,0,0,0,0,23,0,3784.05292,-3784.05292,3784.05292
2025/5/7,zkSync,23,0.65061661,0,0.65061661,0.65061661,6,0,4024.460298,-4024.460298,4024.460298
2025/5/8,zkSync,18,0,0,0,0,10,0,2758.028106,-2758.028106,2758.028106
2025/5/9,zkSync,33,46.7745,0,46.7745,46.7745,9,3783.767481,489.6719723,3294.095509,4273.439453
2025/5/10,zkSync,17,4.89E-05,0,4.89E-05,4.89E-05,4,0,3801.975033,-3801.975033,3801.975033
2025/5/11,zkSync,18,0,0,0,0,10,0,1820.368025,-1820.368025,1820.368025
2025/5/12,zkSync,21,0,0,0,0,10,0,883.7987319,-883.7987319,883.7987319
2025/5/13,zkSync,22,0,0,0,0,7,0,3300.034788,-3300.034788,3300.034788
2025/5/14,zkSync,45,0,0,0,0,9,0,991.3014362,-991.3014362,991.3014362
2025/5/15,zkSync,46,0,0,0,0,11,1.026933357,712.1443889,-711.1174555,713.1713222
2025/5/16,zkSync,25,0.047911217,0,0.047911217,0.047911217,2,0,0,0,0
2025/5/17,zkSync,22,0,0,0,0,22,0,1035.010136,-1035.010136,1035.010136
2025/5/18,zkSync,21,0.049,0,0.049,0.049,16,0.002468097,130.4965563,-130.4940882,130.4990244
2025/5/19,zkSync,16,0,0,0,0,13,0,389.9454638,-389.9454638,389.9454638
2025/5/20,zkSync,21,0,0,0,0,19,0,183.009271,-183.009271,183.009271
2025/5/21,zkSync,23,0,0,0,0,17,0,1131.198995,-1131.198995,1131.198995
2025/5/22,zkSync,21,0.0001,0,0.0001,0.0001,9,0,345.3125627,-345.3125627,345.3125627
2025/5/23,zkSync,21,0.00021,0,0.00021,0.00021,18,0,407.9128029,-407.9128029,407.9128029
2025/5/24,zkSync,27,0.212633035,0,0.212633035,0.212633035,19,0,540.1350805,-540.1350805,540.1350805
2025/5/25,zkSync,16,0,0,0,0,7,0,240.5621383,-240.5621383,240.5621383
2025/5/26,zkSync,20,0.003,0,0.003,0.003,19,0,652.3475171,-652.3475171,652.3475171
2025/5/27,zkSync,24,0,0,0,0,10,0,65681.09909,-65681.09909,65681.09909
2025/5/28,zkSync,19,0.10212935,0,0.10212935,0.10212935,9,0,469.6595303,-469.6595303,469.6595303
2025/5/29,zkSync,20,0.05012878,0,0.05012878,0.05012878,30,0,214.6460147,-214.6460147,214.6460147
2025/5/30,zkSync,28,0.079612659,0,0.079612659,0.079612659,5,0,616.3745535,-616.3745535,616.3745535
2025/5/31,zkSync,19,0,0,0,0,9,0,80.12615665,-80.12615665,80.12615665
2025/6/1,zkSync,16,0,0,0,0,16,28366.84742,783.5104512,27583.33696,29150.35787
2025/6/2,zkSync,24,0,0,0,0,31,0,994.4108767,-994.4108767,994.4108767
2025/6/3,zkSync,19,0.102840252,0,0.102840252,0.102840252,10,0,9553.005642,-9553.005642,9553.005642
2025/6/4,zkSync,20,0.10820392,0,0.10820392,0.10820392,6,0,2129.574338,-2129.574338,2129.574338
2025/6/5,zkSync,20,0,0,0,0,9,0,47.30588419,-47.30588419,47.30588419
2025/6/6,zkSync,21,0.0092358,0,0.0092358,0.0092358,10,0,2744.001585,-2744.001585,2744.001585
2025/6/7,zkSync,23,0.01896,0,0.01896,0.01896,25,985.9779987,14977.14237,-13991.16437,15963.12036
2025/6/8,zkSync,22,0,0,0,0,28,0,2335.755424,-2335.755424,2335.755424
2025/6/9,zkSync,19,0,0,0,0,7,0,386.6092087,-386.6092087,386.6092087
2025/6/10,zkSync,18,0.001170425,0,0.001170425,0.001170425,4,0,38.82340449,-38.82340449,38.82340449
2025/6/11,zkSync,30,0.133804149,0,0.133804149,0.133804149,4,0,106.3756175,-106.3756175,106.3756175
2025/6/12,zkSync,23,0.023220651,0,0.023220651,0.023220651,8,0,2536.163872,-2536.163872,2536.163872
2025/6/13,zkSync,21,0.002939155,0,0.002939155,0.002939155,17,0,3052.103148,-3052.103148,3052.103148
2025/6/14,zkSync,21,0,0,0,0,24,0,639.6923028,-639.6923028,639.6923028
2025/6/15,zkSync,17,0,0,0,0,15,0,271.8948055,-271.8948055,271.8948055
2025/6/16,zkSync,26,0.121032268,0,0.121032268,0.121032268,6,0,286.6873849,-286.6873849,286.6873849
2025/6/17,zkSync,22,0,0,0,0,10,0,104.1903122,-104.1903122,104.1903122
2025/6/18,zkSync,20,0.001406884,0,0.001406884,0.001406884,81,0.004002282,2090.997053,-2090.993051,2091.001055
2025/6/19,zkSync,23,0,0,0,0,74,0,1678.720703,-1678.720703,1678.720703
2025/6/20,zkSync,22,0,0,0,0,32,0.005007264,567.6396886,-567.6346813,567.6446959
2025/6/21,zkSync,31,0.021005,0,0.021005,0.021005,19,0,239.4385088,-239.4385088,239.4385088
2025/6/22,zkSync,16,0,0,0,0,12,0,121.4830547,-121.4830547,121.4830547
2025/6/23,zkSync,26,2.01016533,0,2.01016533,2.01016533,11,0,284.7867059,-284.7867059,284.7867059
2025/6/24,zkSync,18,0,0,0,0,18,2.00076341,726.3324802,-724.3317168,728.3332436
2025/6/25,zkSync,21,0.001406884,0,0.001406884,0.001406884,10,0,3014.780731,-3014.780731,3014.780731
2025/6/26,zkSync,24,1.606974032,0,1.606974032,1.606974032,13,0,280.0326406,-280.0326406,280.0326406
2025/6/27,zkSync,21,0,0,0,0,6,0,377.5480523,-377.5480523,377.5480523
2025/6/28,zkSync,22,0,0,0,0,34,0,3582.099408,-3582.099408,3582.099408
2025/6/29,zkSync,24,0,0,0,0,31,0,772.2243829,-772.2243829,772.2243829
2025/6/30,zkSync,22,2.00683273,0,2.00683273,2.00683273,24,0,257.7576105,-257.7576105,257.7576105
2025/7/1,zkSync,18,0,0,0,0,15,0,19969.78612,-19969.78612,19969.78612
2025/7/2,zkSync,26,0.449543505,0,0.449543505,0.449543505,13,0,5488.833766,-5488.833766,5488.833766
2025/7/3,zkSync,19,0,0,0,0,14,0,435.2339384,-435.2339384,435.2339384
2025/7/4,zkSync,21,1.902763537,0,1.902763537,1.902763537,22,0,198.90877,-198.90877,198.90877
2025/7/5,zkSync,24,0.040898369,0,0.040898369,0.040898369,35,16612.67344,16638.12745,-25.45400858,33250.8009
2025/7/6,zkSync,22,1.843198376,0,1.843198376,1.843198376,17,0,268.9982905,-268.9982905,268.9982905
2025/7/7,zkSync,37,0.040395564,0,0.040395564,0.040395564,12,0,4249.467947,-4249.467947,4249.467947
2025/7/8,zkSync,18,0,0,0,0,11,0,650.8937238,-650.8937238,650.8937238
2025/7/9,zkSync,22,0,0,0,0,6,0,58.32961968,-58.32961968,58.32961968
2025/7/10,zkSync,19,0,0,0,0,14,782.8491311,116.1239908,666.7251403,898.9731219
2025/7/11,zkSync,21,0.103819219,0,0.103819219,0.103819219,7,0,6031.917809,-6031.917809,6031.917809
2025/7/12,zkSync,26,0.000915045,0,0.000915045,0.000915045,17,0,90.7853669,-90.7853669,90.7853669
2025/7/13,zkSync,19,0,0,0,0,15,0,146.5730631,-146.5730631,146.5730631
2025/7/14,zkSync,22,0.462886445,0,0.462886445,0.462886445,25,0,589.8779827,-589.8779827,589.8779827
2025/7/15,zkSync,25,0,0,0,0,20,0,346.9068306,-346.9068306,346.9068306
2025/7/16,zkSync,18,0,0,0,0,38,0,59570.78911,-59570.78911,59570.78911
2025/7/17,zkSync,18,0,0,0,0,19,0,1837.685118,-1837.685118,1837.685118
2025/7/18,zkSync,27,0.002,0,0.002,0.002,15,0,3700.099618,-3700.099618,3700.099618
2025/7/19,zkSync,19,0.498648957,0,0.498648957,0.498648957,30,0,284.6404496,-284.6404496,284.6404496
2025/7/20,zkSync,22,0.352353412,0,0.352353412,0.352353412,46,79.29194581,5169.216657,-5089.924711,5248.508603
2025/7/21,zkSync,27,0.130112373,0,0.130112373,0.130112373,27,0,1208.329757,-1208.329757,1208.329757
2025/7/22,zkSync,20,0.00210806,0,0.00210806,0.00210806,29,0,991.3034594,-991.3034594,991.3034594
2025/7/23,zkSync,26,0.494,0,0.494,0.494,21,0,359.1110591,-359.1110591,359.1110591
2025/7/24,zkSync,30,1912.005463,0,1912.005463,1912.005463,20,0.199898387,473.1358861,-472.9359877,473.3357845
2025/7/25,zkSync,30,0,0,0,0,14,0,40404.58415,-40404.58415,40404.58415
2025/7/26,zkSync,24,0.004982348,0,0.004982348,0.004982348,41,0,7258.555365,-7258.555365,7258.555365
2025/7/27,zkSync,27,0.002269802,0,0.002269802,0.002269802,80,0,2726.421991,-2726.421991,2726.421991
2025/7/28,zkSync,30,4.173894134,0,4.173894134,4.173894134,20,0,136163.2154,-136163.2154,136163.2154
2025/7/29,zkSync,23,0.249713995,0,0.249713995,0.249713995,66,40.39052172,3072.257512,-3031.86699,3112.648034
2025/7/30,zkSync,22,0,0,0,0,17,0,733.9032777,-733.9032777,733.9032777
2025/7/31,zkSync,22,0,0,0,0,16,1.999662549,1249.827592,-1247.827929,1251.827254
2025/8/1,zkSync,41,2.061483478,0,2.061483478,2.061483478,124,0,13207.20771,-13207.20771,13207.20771
2025/8/2,zkSync,18,0,0,0,0,18,0,141627.7997,-141627.7997,141627.7997
2025/8/3,zkSync,24,0.005206605,0,0.005206605,0.005206605,14,39.01216354,521.3144482,-482.3022846,560.3266117
2025/8/4,zkSync,21,0,0,0,0,31,14008.67339,32412.57404,-18403.90065,46421.24742
2025/8/5,zkSync,24,0.001925844,0,0.001925844,0.001925844,94,0,1871.416158,-1871.416158,1871.416158
2025/8/6,zkSync,29,0,0,0,0,171,7.440129606,1548.874296,-1541.434167,1556.314426
2025/8/7,zkSync,40,0,0,0,0,168,8111.591521,13792.00549,-5680.413967,21903.59701
2025/8/8,zkSync,19,0,0,0,0,67,0,743.3034961,-743.3034961,743.3034961
2025/8/9,zkSync,29,0,0,0,0,55,0,4846.578098,-4846.578098,4846.578098
2025/8/10,zkSync,25,0,0,0,0,31,9.991866285,334.3226724,-324.3308061,344.3145386
2025/8/11,zkSync,22,0,0,0,0,25,0,600.1536956,-600.1536956,600.1536956
2025/8/12,zkSync,23,0,0,0,0,33,0,488.7414976,-488.7414976,488.7414976
2025/8/13,zkSync,45,0,0,0,0,28,0,4011.912355,-4011.912355,4011.912355
2025/8/14,zkSync,28,0.0293,0,0.0293,0.0293,62,0,7889.468322,-7889.468322,7889.468322
2025/8/15,zkSync,25,0,0,0,0,31,0,5982.285125,-5982.285125,5982.285125
2025/8/16,zkSync,24,0.001209993,0,0.001209993,0.001209993,47,0,385.0314298,-385.0314298,385.0314298
2025/8/17,zkSync,30,0.083509465,0,0.083509465,0.083509465,135,0,1635.46453,-1635.46453,1635.46453
2025/8/18,zkSync,25,0.050116042,0,0.050116042,0.050116042,33,0,11819.5828,-11819.5828,11819.5828
2025/8/19,zkSync,32,0.150118996,0,0.150118996,0.150118996,51,0,653.7935133,-653.7935133,653.7935133
2025/8/20,zkSync,22,0,0,0,0,19,0,673.7267313,-673.7267313,673.7267313
2025/8/21,zkSync,26,0,0,0,0,39,0,700.9374724,-700.9374724,700.9374724
2025/8/22,zkSync,26,0,0,0,0,12,0,167.1640168,-167.1640168,167.1640168
2025/8/23,zkSync,28,33.54655916,0,33.54655916,33.54655916,17,0,297.6804556,-297.6804556,297.6804556
2025/8/24,zkSync,31,0.035,0,0.035,0.035,90,0,435.0478132,-435.0478132,435.0478132
2025/8/25,zkSync,33,0.202126755,0,0.202126755,0.202126755,33,0,465.2433359,-465.2433359,465.2433359
2025/8/26,zkSync,25,0.01307763,0,0.01307763,0.01307763,16,0,417.0649791,-417.0649791,417.0649791
2025/8/27,zkSync,20,0,0,0,0,33,0,444.7533285,-444.7533285,444.7533285
2025/8/28,zkSync,24,2.00E-06,0,2.00E-06,2.00E-06,52,0,1330.152313,-1330.152313,1330.152313
2025/8/29,zkSync,34,4.10E-05,0,4.10E-05,4.10E-05,23,0,291.3388266,-291.3388266,291.3388266
2025/8/30,zkSync,27,0.001136325,0,0.001136325,0.001136325,36,0,260.1077424,-260.1077424,260.1077424
2025/8/31,zkSync,23,0,0,0,0,21,47.4384,1738.784751,-1691.346351,1786.223151
2025/9/1,zkSync,28,0,0,0,0,29,0,622.7308112,-622.7308112,622.7308112
2025/9/2,zkSync,29,0.000648897,0,0.000648897,0.000648897,51,0,748.3560535,-748.3560535,748.3560535
2025/9/3,zkSync,20,0,0,0,0,30,0,395.630671,-395.630671,395.630671
2025/9/4,zkSync,39,0.035079382,0,0.035079382,0.035079382,40,25959.39179,5986.979814,19972.41197,31946.3716
2025/9/5,zkSync,25,0.010019753,0,0.010019753,0.010019753,102,0,23572.00682,-23572.00682,23572.00682
2025/9/6,zkSync,21,0,0,0,0,83,0.000429611,702.9676805,-702.9672508,702.9681101
2025/9/7,zkSync,23,0,0,0,0,20,0,334.1808465,-334.1808465,334.1808465
2025/9/8,zkSync,28,0,0,0,0,42,39.85682557,3258.48904,-3218.632214,3298.345865
2025/9/9,zkSync,28,0.01,0,0.01,0.01,26,0,4762.687874,-4762.687874,4762.687874
2025/9/10,zkSync,26,0.00091,0,0.00091,0.00091,43,0,872.7091776,-872.7091776,872.7091776
2025/9/11,zkSync,24,0,0,0,0,90,0,6365.491247,-6365.491247,6365.491247
2025/9/12,zkSync,26,0.005112777,0,0.005112777,0.005112777,43,0,295.1605213,-295.1605213,295.1605213
2025/9/13,zkSync,26,0,0,0,0,46,0.841905531,1073.728082,-1072.886177,1074.569988
2025/9/14,zkSync,32,0.011093682,0,0.011093682,0.011093682,56,0,989.6611881,-989.6611881,989.6611881
2025/9/15,zkSync,31,0.7,0,0.7,0.7,88,0,1911.924269,-1911.924269,1911.924269
2025/9/16,zkSync,73,0.006037007,0,0.006037007,0.006037007,33,0,604.5575071,-604.5575071,604.5575071
2025/9/17,zkSync,33,0.00033039,0,0.00033039,0.00033039,52,0,2418.737448,-2418.737448,2418.737448
2025/9/18,zkSync,25,5.23E-05,0,5.23E-05,5.23E-05,49,0,852.566805,-852.566805,852.566805
2025/9/19,zkSync,67,0.00232,0,0.00232,0.00232,43,0,537.6723196,-537.6723196,537.6723196
2025/9/20,zkSync,30,0.000362721,0,0.000362721,0.000362721,36,0,1075.724825,-1075.724825,1075.724825
2025/9/21,zkSync,28,0.064793985,0,0.064793985,0.064793985,69,0,607.9788107,-607.9788107,607.9788107
2025/9/22,zkSync,28,0.0082425,0,0.0082425,0.0082425,43,0,343.1266742,-343.1266742,343.1266742
2025/9/23,zkSync,27,0.025921982,0,0.025921982,0.025921982,97,0.000922217,374.7077601,-374.7068379,374.7086824
2025/9/24,zkSync,39,0.0011,0,0.0011,0.0011,73,0.000434099,2543.776424,-2543.775989,2543.776858
2025/9/25,zkSync,30,0,0,0,0,31,0,87206.34944,-87206.34944,87206.34944
2025/9/26,zkSync,34,0.001323,0,0.001323,0.001323,45,0,41380.33845,-41380.33845,41380.33845
2025/9/27,zkSync,23,1.20E-05,0,1.20E-05,1.20E-05,37,71.8602374,547.2030021,-475.3427647,619.0632395
2025/9/28,zkSync,20,0.001517671,0,0.001517671,0.001517671,16,0,3082.727078,-3082.727078,3082.727078
2025/9/29,zkSync,27,0,0,0,0,37,10.00290965,955.6204809,-945.6175713,965.6233906
2025/9/30,zkSync,21,0,0,0,0,37,0,105747.6596,-105747.6596,105747.6596
2025/10/1,zkSync,22,0,0,0,0,88,0,2289.983563,-2289.983563,2289.983563
2025/10/2,zkSync,27,0,0,0,0,25,1.798005495,868.058437,-866.2604315,869.8564425
2025/10/3,zkSync,23,0.001655366,0,0.001655366,0.001655366,37,9.999284444,849.3839256,-839.3846411,859.38321
2025/10/4,zkSync,24,0.147466051,0,0.147466051,0.147466051,41,0,2689.614703,-2689.614703,2689.614703
2025/10/5,zkSync,28,0.005,0,0.005,0.005,25,0,17854.1685,-17854.1685,17854.1685
2025/10/6,zkSync,27,0.008289413,0,0.008289413,0.008289413,15,4800.035117,2614.116964,2185.918153,7414.152081
2025/10/7,zkSync,33,0.009840903,0,0.009840903,0.009840903,16,13551.94887,10676.29918,2875.649693,24228.24805
2025/10/8,zkSync,23,0.000822351,0,0.000822351,0.000822351,37,0,9360.746548,-9360.746548,9360.746548
2025/10/9,zkSync,25,0,0,0,0,77,0,1189.213452,-1189.213452,1189.213452
2025/10/10,zkSync,33,0.005189372,0,0.005189372,0.005189372,20,0,1768.839598,-1768.839598,1768.839598
2025/10/11,zkSync,25,114.5691833,0,114.5691833,114.5691833,11,6633.758762,10685.92807,-4052.169304,17319.68683
2025/10/12,zkSync,44,0,0,0,0,39,0,721.9666583,-721.9666583,721.9666583
2025/10/13,zkSync,30,0,0,0,0,93,0,1747.195638,-1747.195638,1747.195638
2025/10/14,zkSync,33,0.002,0,0.002,0.002,17,0,1651.666517,-1651.666517,1651.666517
2025/10/15,zkSync,27,0,0,0,0,27,0,370.5614314,-370.5614314,370.5614314
2025/10/16,zkSync,35,0,0,0,0,7,0,174.4239758,-174.4239758,174.4239758
2025/10/17,zkSync,20,0,0,0,0,7,0,85.5019302,-85.5019302,85.5019302
2025/10/18,zkSync,28,0.091742014,0,0.091742014,0.091742014,19,0,740.7245376,-740.7245376,740.7245376
2025/10/19,zkSync,26,0.01372,0,0.01372,0.01372,11,0,96.83290771,-96.83290771,96.83290771
2025/10/20,zkSync,48,0.003746774,0,0.003746774,0.003746774,28,0,382.6887799,-382.6887799,382.6887799
2025/10/21,zkSync,22,0,0,0,0,10,0,328.6595019,-328.6595019,328.6595019
2025/10/22,zkSync,23,0.002800786,0,0.002800786,0.002800786,50,0,756.5212788,-756.5212788,756.5212788
2025/10/23,zkSync,30,1.00E-18,0,1.00E-18,1.00E-18,30,0,19682.66352,-19682.66352,19682.66352
2025/10/24,zkSync,29,0,0,0,0,54,0,1407.575574,-1407.575574,1407.575574
2025/10/25,zkSync,22,0,0,0,0,89,0,786.1794353,-786.1794353,786.1794353
2025/10/26,zkSync,24,0,0,0,0,168,0,1543.34933,-1543.34933,1543.34933
2025/10/27,zkSync,28,8.00E-05,0,8.00E-05,8.00E-05,15,0,1268.915565,-1268.915565,1268.915565
2025/10/28,zkSync,19,0,0,0,0,18,0,589.4597022,-589.4597022,589.4597022
2025/10/29,zkSync,24,0,0,0,0,11,0,1079.679205,-1079.679205,1079.679205
2025/10/30,zkSync,25,0.050438406,0,0.050438406,0.050438406,25,0,205.4539448,-205.4539448,205.4539448
2025/10/31,zkSync,25,0.042290894,0,0.042290894,0.042290894,25,0,3330.171468,-3330.171468,3330.171468
2025/11/1,zkSync,57,1.001485555,0,1.001485555,1.001485555,15,0.250780035,4907.61121,-4907.36043,4907.86199
2025/11/2,zkSync,103,0.02601651,0,0.02601651,0.02601651,25,0,703.873709,-703.873709,703.873709
2025/11/3,zkSync,60,21.00561621,0,21.00561621,21.00561621,31,17535.41769,421.6461022,17113.77159,17957.06379
2025/11/4,zkSync,63,0.150132597,0,0.150132597,0.150132597,59,0,8607.103188,-8607.103188,8607.103188
2025/11/5,zkSync,62,0,0,0,0,13,5051.834468,197.0403458,4854.794122,5248.874814
2025/11/6,zkSync,55,0.00511837,0,0.00511837,0.00511837,36,0,11817.39432,-11817.39432,11817.39432
2025/11/7,zkSync,47,0,0,0,0,13,0,176.0276013,-176.0276013,176.0276013
2025/11/8,zkSync,0,0,0,0,0,0,0,0,0,0